HOUSE_MANAGE_NO,project,region,region_group,first_priority_applicants,general_supply,project_top_price_10k,rpg_pct_median,rpg_pct_weighted,high_quality_project,log_applicants,log_price,log_supply
2025000422,오남역 서희스타힐스 여의재 3단지,경기,경기·인천,91,62,70900,-22.82594322990127,-21.57240093530701,True,4.5217885770490405,11.169025712520218,4.127134385045092
2025000497,아크로 드 서초,서울,서울,32973,30,186490,83.93110943901011,77.88870538537763,False,10.403474651121124,12.136132897325492,3.4011973816621555
2025000510,두산위브 더센트럴 수원,경기,경기·인천,1851,127,95640,-27.649643758072905,-26.323956679248752,True,7.524021415206125,11.468346421572262,4.844187086458591
2025000572,포레나더샵 인천시청역,인천,경기·인천,972,337,66560,-45.16225961538461,-46.44173879975428,True,6.880384082186005,11.10585907549509,5.820082930352362
2025000628,북오산자이 리버블시티,경기,경기·인천,687,980,143630,-29.00788781770377,-24.792190295465144,True,6.5337888379333435,11.874995827425868,6.887552571664617
2025000639,서귀포시 서홍동 형남아파트6차,제주,기타지방,68,62,72000,-28.063241106719367,-27.43192797024741,False,4.23410650459726,11.184421397998193,4.127134385045092
2025000652,안양역 센트럴 아이파크 수자인,경기,경기·인천,1904,185,126070,-40.06570053486643,-36.84798495166993,True,7.552237287560802,11.744592587225315,5.220355825078324
2025000656,사우역 지엔하임,경기,경기·인천,86,361,153240,-33.32377401778033,-29.93188820404973,True,4.465908118654584,11.939760598814585,5.8888779583328805
2025000660,드파인 연희,서울,서울,6655,151,235900,-7.365773248623149,-8.005948797043304,True,8.803273982501045,12.371163265395767,5.017279836814924
2026000008,경산 상방공원 호반써밋 1단지,경북,기타지방,160,983,61620,-42.11425317897134,-41.0211613201669,True,5.081404364984463,11.028741772150658,6.890609120147166
2026000012,경성대부경대역 비스타동원 더 프리미엄,부산,지방광역시,43,87,96600,-16.635438972162742,-11.62786345888513,True,3.784189633918261,11.47833402020061,4.465908118654584
2026000014,천안 아이파크 시티 5단지,충남,기타지방,5848,662,246120,-19.70926301555105,-11.577892028777038,True,8.674025985443025,12.413574500854427,6.495265555937008
2026000015,천안 아이파크 시티 6단지,충남,기타지방,8077,766,246330,-17.706167706167705,-10.058143617526095,True,8.996899596123358,12.414427379370943,6.641182169740591
2026000017,쌍용 더 플래티넘 온수역,경기,경기·인천,1317,109,113760,-36.45541222658441,-35.77150816576079,True,7.183870715062453,11.641846245037067,4.6913478822291435
2026000018,리첸시아 표선 IB EDU,제주,기타지방,0,50,58500,-37.38738738738739,-37.195216120612045,True,0.0,10.976782033219948,3.912023005428146
2026000019,구리역 하이니티 리버파크,경기,경기·인천,2933,749,183650,-24.085725853859834,-19.229548693590505,True,7.984121958702927,12.120787051247813,6.618738983517219
2026000020,금정산 하늘채 루미엘,부산,지방광역시,46,192,232870,-45.057861768765264,-50.41250482255112,True,3.8501476017100584,12.358235636927281,5.2574953720277815
2026000023,더샵 프리엘라,서울,서울,5622,63,179888,5.2568844731196025,-7.38050915598178,True,8.634620608292202,12.10008971398954,4.143134726391533
2026000028,해링턴플레이스 노원 센트럴,서울,서울,222,29,87000,-1.0344827586206895,-1.0344827586206895,True,5.407171771460119,11.37366339763672,3.367295829986474
2026000029,썬밸리 오드카운티 가평설악,경기,경기·인천,10,1034,64620,-47.022674295401565,-40.96849111456125,True,2.3978952727983707,11.07627923937849,6.9411900550683745
2026000033,해링턴플레이스 오룡역,대전,지방광역시,80,411,69493,-34.03301491139044,-34.98617961560598,True,4.394449154672439,11.148981307055882,6.018593214496234
2026000034,더 플래티넘 센트럴포레,경기,경기·인천,8,103,62900,-30.86283185840708,-38.30688788092399,True,2.1972245773362196,11.049301442688533,4.634728988229636
2026000035,연수 월드메르디앙 어반포레,인천,경기·인천,38,125,59900,-20.35567100069654,-14.0422194761156,True,3.6635616461296463,11.00043178410354,4.8283137373023015
2026000036,e편한세상 여수 글렌츠,전남,기타지방,54,65,88265,-37.7834780097508,-38.37544581006016,True,4.007333185232471,11.388098932023384,4.174387269895637
2026000038,상주자이르네,경북,기타지방,596,720,98370,-15.751318101933215,-15.24020513945929,True,6.391917113392602,11.496491158506803,6.579251212010101
2026000039,래미안 엘라비네,서울,서울,3502,137,223700,-32.411362222682975,-31.229296027588877,True,8.161375023197486,12.318061147478222,4.919980925828125
2026000040,구서 다움포레,부산,지방광역시,5,67,53695,-16.193314088835088,-16.193314088835088,False,1.791759469228055,10.891075166292318,4.204692619390966
2026000044,용인 플랫폼시티 라온프라이빗 아르디에,경기,경기·인천,217,174,108300,-27.84215454680883,-24.347335389169817,True,5.384495062789089,11.592660432989081,5.159055299214529
2026000047,범어역 파크드림 디아르,대구,지방광역시,2131,21,97350,-32.53639483962599,-32.409418015681,False,7.664815785285735,11.486068010800345,3.044522437723423
2026000049,"옥정중앙역 대방 디에트르(중상1, 복합1BL)",경기,경기·인천,2047,2421,91703,-26.33613832002547,-25.99315346847254,True,7.6246189861593985,11.426310373085647,7.791935956938058
2026000051,아산탕정자이 메트로시티(A3BL),충남,기타지방,6509,1090,109300,-47.85330948121646,-48.071802776236666,True,8.781094735202615,11.60185167416463,6.993932975223189
2026000052,시흥거모B1 호반써밋,경기,경기·인천,91,270,59760,-5.650867556897608,-5.677488864595923,True,4.5217885770490405,10.9980918198067,5.598421958998375
2026000053,공주월송 진아레히,충남,기타지방,551,717,65700,-8.17437676963362,-8.639885906609004,False,6.313548046277095,11.092854204472703,6.57507584059962
2026000055,의정부역 센트럴 아이파크,경기,경기·인천,382,277,82600,-28.87409200968523,-28.987127642062656,True,5.948034989180646,11.32176495950907,5.6240175061873385
2026000057,에코델타시티 엘가 로제비앙,부산,지방광역시,53,991,77300,-30.363036303630363,-32.61554313337237,True,3.9889840465642745,11.255449234575513,6.898714534329988
2026000058,오티에르 반포,서울,서울,30540,43,366890,-24.364250865382,40.02695102362264,False,10.326825322178923,12.812817354589,3.7612001156935624
2026000063,오션포레베네스트하우스(미단시티 공동8BL),인천,경기·인천,26,249,48500,2.067941228721014,0.7392158665647637,True,3.295836866004329,10.789319076925574,5.517452896464707
2026000064,더샵 신길센트럴시티,서울,서울,7233,227,188000,9.623287671232877,7.885147337494972,True,8.886547412512042,12.144197241812087,5.424950017481403
2026000065,검단호수공원역 파라곤(AA36BL),인천,경기·인천,6377,204,64500,-32.50577784197602,-32.50834459162836,True,8.760609847570002,11.074420502783864,5.318119993844216
2026000066,한화포레나 부산당리,부산,지방광역시,83,184,112900,-59.21219822109276,-56.63143527340081,True,4.430816798843313,11.634257750137753,5.214935757608986
2026000069,야목역 서희스타힐스 그랜드힐,경기,경기·인천,63,219,57600,-12.205882352941176,-26.14585181369378,True,4.1588830833596715,10.961277846683982,5.389071729816501
2026000070,힐스테이트 안양펠루스,경기,경기·인천,163,33,86350,-30.23310774998508,-27.013158933262435,True,5.099866427824199,11.366164083574825,3.4965075614664802
2026000073,풍무역세권 수자인 그라센트 2차,경기,경기·인천,596,466,82530,-30.763718961966937,-32.71575676935744,True,6.391917113392602,11.32091714258673,6.144185634125646
2026000074,엄궁역 트라비스 하늘채,부산,지방광역시,588,954,146160,-42.95302013422819,-39.66838135965489,True,6.3784261836515865,11.892457191051887,6.860663671448287
2026000075,창원자이 더 스카이,경남,기타지방,1990,295,124100,-30.45379989065063,-32.57482163419283,True,7.596392304064196,11.728842971192698,5.68697535633982
2026000077,북전주 광신프로그레스,전북,기타지방,254,322,44520,7.84094006481117,7.859750992229394,True,5.541263545158426,10.70369380538948,5.7745515455444085
2026000078,천안 동일하이빌 파크레인,충남,기타지방,29,888,45200,-4.481132075471698,-4.899063136246299,True,3.4011973816621555,10.718852365820323,6.78897174299217
2026000082,골드클래스 시그니처,전북,기타지방,6237,180,79981,-13.880399992766856,-16.392987089851875,True,8.738414897167749,11.289544385448428,5.19295685089021
2026000085,힐스테이트 평거 센트럴,경남,기타지방,3753,184,91200,-30.64876957494408,-37.39833064707332,True,8.230577217146454,11.420810176062423,5.214935757608986
2026000086,업성 푸르지오 레이크시티,충남,기타지방,1553,1400,77920,-33.11657772074061,-26.172436505115627,True,7.348587530927593,11.263437938316416,7.24422751560335
2026000087,청주 푸르지오 씨엘리체,충북,기타지방,6572,1015,67500,-40.60077519379845,-40.70152451855497,True,8.790725628263576,11.119882876860622,6.922643891475888
2026000088,용인 양지 서희스타힐스 하이뷰,경기,경기·인천,62,511,54400,0.0,-1.7483021620078008,True,4.143134726391533,10.904119432844034,6.236369590203704
2026000089,강릉 우미 린 더 프리미어,강원,기타지방,206,732,79550,-26.497953107554896,-26.59934499645145,False,5.332718793265369,11.284141033765932,6.595780513961311
2026000090,소제지구 A3BL 중흥S-클래스 우미린,전남,기타지방,442,1027,86400,-24.01469262783978,-23.977120052663214,True,6.093569770045136,11.366742954792146,6.934397209928558
2026000091,소제지구 A4BL 중흥S-클래스 우미린,전남,기타지방,404,491,49300,-26.299617606716826,-26.35910122269462,True,6.003887067106539,10.805679360030782,6.19644412779452
2026000093,더샵 안동더퍼스트,경북,기타지방,2412,317,91350,-15.550978372811535,-16.47728015114583,False,7.7886260656250315,11.422453561806153,5.75890177387728
2026000094,라클라체자이드파인,서울,서울,4843,180,301310,-31.16691212213969,-30.694112300628493,True,8.485496104672983,12.615894914079748,5.19295685089021
2026000096,천안 동문 디 이스트 파크시티,충남,기타지방,13,498,72550,-37.71430440800909,-51.516292504223685,True,2.6390573296152584,11.192031258312333,6.210600077024653
2026000097,강릉 성보필리오 더센트럴힐즈,강원,기타지방,3,146,60248,-39.5274681772148,-39.83697352217193,True,1.3862943611198906,11.006224655781187,4.983606621708336
2026000101,온천장 하늘채 엘리시움,부산,지방광역시,43,124,82000,-26.151854531538696,-26.915346222609173,True,3.784189633918261,11.314474526246391,4.820281565605037
2026000102,울산신복역 비스타 메트로,울산,지방광역시,87,479,79500,-22.138364779874216,-22.07580494519723,False,4.477336814478207,11.283512300642423,6.171700597410915
2026000103,더샵 분당하이스트,경기,경기·인천,618,68,298100,-36.66267418585965,-29.901581897751655,True,6.428105272684596,12.605184279666164,4.219507705176107
2026000104,도안자이 센텀리체 1단지,대전,지방광역시,1500,649,99920,-36.871940221592375,-37.82660973463537,True,7.313886831633462,11.512125144799459,6.47543271670409
2026000105,도안자이 센텀리체 2단지,대전,지방광역시,1246,605,216990,-36.92881966791093,-34.200203729840084,True,7.1284959456800365,12.287606548511436,6.405228458030842
2026000107,경기광주역 롯데캐슬 시그니처 1단지,경기,경기·인천,1717,814,249000,-39.38515081206496,-37.76526077368545,True,7.4489161025442,12.425208175446844,6.70196036600254
2026000109,아산경남아너스빌 랜드마크49,충남,기타지방,5,465,55890,-21.057808374947925,-24.15863222714223,False,1.791759469228055,10.931140752263744,6.142037405587356
2026000110,엘리프 창원,경남,기타지방,3421,125,59540,-50.55131467345208,-49.82218222003837,False,8.137980454452139,10.994403634569768,4.8283137373023015
2026000111,더 플래티넘 파인애비뉴,경기,경기·인천,8,317,74600,-26.778242677824267,-22.636489503655085,True,2.1972245773362196,11.219895786191852,5.75890177387728
2026000112,용인 고림 동문 디 이스트,경기,경기·인천,93,308,71570,-20.58867473479755,-21.24962346190104,True,4.543294782270004,11.178431270732643,5.730099782973574
2026000114,공덕역자이르네,서울,서울,6639,83,176900,23.54307314693529,24.29322713656846,True,8.80086724247048,12.083339880147877,4.418840607796598
2026000116,아크로 리버스카이,서울,서울,2630,132,492800,-35.41687280806485,-34.88048411590858,True,7.875119281040293,13.107858691201447,4.882801922586371
2026000120,써밋 더힐,서울,서울,6860,211,297820,-26.71356643739152,-28.403698355712,True,8.833608482690892,12.604244556144197,5.351858133476067
2026000121,문수로 라티에르 673,울산,지방광역시,72,193,118300,-34.81831704207394,-23.46548596366596,True,4.290459441148391,11.680979049966478,5.262690188904886
2026000124,고덕신도시 아테라 A-63블록 공공분양주택,경기,경기·인천,145,580,54150,1.569713758079409,-12.158472821078377,True,4.983606621708336,10.899513252429136,6.363028103540465
2026000126,안양 에버포레 자연앤 e편한세상(A2BL),경기,경기·인천,4568,80,80170,6.921897546897546,6.883285430756888,True,8.427049641563272,11.291904659036998,4.382026634673881
2026000129,더샵 관저아르테,대전,지방광역시,3962,606,85730,-24.065983364723188,-22.046132840581937,True,8.284756593190435,11.358958101672801,6.406879986069314
2026000130,PH159,제주,기타지방,6,49,67500,-5.082417582417582,-4.964301571201229,True,1.9459101490553132,11.119882876860622,3.8918202981106265
2026000132,청주 한양립스 더 벨루체,충북,기타지방,85,381,51575,-17.522302256497053,-21.352141895295077,True,4.454347296253507,10.850792337939453,5.942799375126701
2026000138,힐스테이트 시흥더클래스,경기,경기·인천,129,386,87850,-32.043255549231645,-32.07616201540582,True,4.867534450455582,11.383386093615243,5.955837369464831
2026000146,기장 이진캐스빌 포레,부산,지방광역시,16,137,47660,-41.16192663595022,-41.28696811617921,True,2.833213344056216,10.771847750652734,4.919980925828125
2026000147,힐스테이트 구월아트파크,인천,경기·인천,272,451,112900,-45.39978094194962,-46.874217659366046,True,5.60947179518496,11.634257750137753,6.111467339502679
2026000149,엘리프 성성호수공원 1BL,충남,기타지방,9956,379,79940,-27.70448548812665,-8.029315354323401,True,9.206031100388085,11.289031632265315,5.937536205082426
2026000150,엘리프 성성호수공원 2BL,충남,기타지방,2368,510,77560,-25.475974614687217,-17.041766231920924,True,7.7702232041587855,11.258807109356589,6.234410725718371
2026000152,e편한세상 부천 어반스퀘어,경기,경기·인천,1108,497,113900,-34.071824742688776,-33.74149777571894,True,7.011213987350367,11.643076149435274,6.208590026096629
2026000153,동작 센트럴 동문 디 이스트,서울,서울,3903,34,170700,3.460837887067396,3.215310658020081,True,8.269756947532983,12.047662908782533,3.5263605246161616
2026000154,고덕국제신도시 수자인풍경채 1단지,경기,경기·인천,232,632,66400,-2.403616287260294,-1.6065614738039693,True,5.4510384535657,11.103452335464524,6.448889394146858
2026000155,고덕국제신도시 수자인풍경채 2단지,경기,경기·인천,152,428,66400,-2.403616287260294,-1.614195468827524,True,5.030437921392435,11.103452335464524,6.059123195581797
2026000156,더 리치먼드 미아,서울,서울,212,49,95300,-8.709338929695697,-8.709338929695697,True,5.3612921657094255,11.464785089642293,3.8918202981106265
2026000162,검암역자이르네,인천,경기·인천,665,379,59410,1.7872340425531916,1.7268677007569433,True,6.501289670540389,10.992217841349786,5.937536205082426
2026000163,메트로시티 자산 데시앙,경남,기타지방,4787,339,54670,-41.989190895849454,-37.20105461166972,True,8.473868066677865,10.909070391889045,5.82600010738045
2026000164,더샵 송도그란테르 G5-1블록,인천,경기·인천,8364,556,333600,-40.92079845460399,-44.74663422503244,True,9.031811613420924,12.717697949466729,6.320768294250582
2026000165,더샵 송도그란테르 G5-3블록,인천,경기·인천,870,60,327900,-51.30380794701986,-48.2277195472124,True,6.769641976852503,12.700463962832739,4.0943445622221
2026000166,더샵 송도그란테르 G5-4블록,인천,경기·인천,317,67,324300,-50.7877858337981,-47.38617700967051,True,5.762051382780177,12.68942429229541,4.204692619390966
2026000167,더샵 송도그란테르 G5-5블록,인천,경기·인천,1000,70,331500,-51.9141689373297,-49.333102981885766,True,6.90875477931522,12.711383088608054,4.248495242049359
2026000168,더샵 송도그란테르 G5-6블록,인천,경기·인천,3452,69,336900,-52.83939070016034,-50.08840588381267,True,8.146998697389993,12.727541429394645,4.23410650459726
2026000169,더샵 송도그란테르 G5-11블록,인천,경기·인천,4285,214,334500,-38.22131704005431,-41.36751618113465,True,8.363109176033522,12.72039215855042,5.365976015021851
2026000170,상주북천 하늘채 파크원,경북,기타지방,1295,353,63700,-14.757709251101325,-14.560517263573434,False,7.16703787691222,11.061939841560255,5.8664680569332965
2026000172,두산위브 트리니뷰 구명역,부산,지방광역시,181,251,75900,-41.567852437417656,-40.39150705526781,True,5.204006687076795,11.237171963383721,5.5254529391317835
2026000173,더 리치먼드 리버센트 소양,강원,기타지방,68,170,58890,-42.05154817505622,-41.51675249713968,True,4.23410650459726,10.983426575938616,5.135798437050262
2026000174,더샵 중앙로역센터폴,대구,지방광역시,26,295,173716,-32.17360522889038,-32.430764299411024,True,3.295836866004329,12.065177060825295,5.68697535633982
2026000178,중앙하이츠 원종역,경기,경기·인천,53,61,56070,-0.6644534806828765,-0.9376876538978346,False,3.9889840465642745,10.934356189117718,4.110873864173311
2026000184,익산 펠리피아,전북,기타지방,7,571,52000,-29.518072289156628,-29.699436438854384,True,2.0794415416798357,10.858998997563564,6.3473892096560105
2026000187,엘리프 역곡,경기,경기·인천,62,25,86310,-27.87600047784016,-22.265085288713166,True,4.143134726391533,11.365700745213703,3.2188758248682006
2026000188,해운대 마티안 디 에디션,부산,지방광역시,43,93,100490,-39.83448664833456,-37.80301348748038,True,3.784189633918261,11.517813499043005,4.532599493153256
2026000194,더샵 검단레이크파크(AB22BL),인천,경기·인천,4838,677,65330,-24.97644472361809,-17.566296340961845,True,8.48446336679332,11.087206627834796,6.517671272912275
2026000195,더샵 검단레이크파크(AB23BL),인천,경기·인천,4351,630,66270,-48.59885431181297,-32.345825632509815,True,8.378390788535778,11.101492585082273,6.4457198193855785
2026000202,대전 경남아너스빌 센텀스카이,대전,지방광역시,30,140,59900,-23.34312080536913,-23.461708284234778,True,3.4339872044851463,11.00043178410354,4.941642422609304
2026000205,수원역 아너스빌 타임원,경기,경기·인천,346,82,79080,-23.973331709786983,-23.977091079239973,True,5.849324779946859,11.278215277284554,4.406719247264253
2026000217,동래사적공원 오네뜨,부산,지방광역시,23,109,65000,3.230769230769231,3.535091134743144,True,3.1780538303479458,11.082142548877775,4.6913478822291435
2026000219,호반써밋 풍무Ⅱ,경기,경기·인천,3072,533,179000,-35.16590309593225,-35.58477253201225,True,8.030409562130485,12.095141084822892,6.278521424165844
2026000223,힐스테이트 양산더스카이 1단지,경남,기타지방,282,271,113300,-34.466477809254016,-37.21910988832152,True,5.645446897643238,11.637794447016098,5.602118820879701
2026000224,힐스테이트 양산더스카이 2단지,경남,기타지방,168,289,109800,-30.738522954091817,-33.73794239514916,True,5.1298987149230735,11.606415808057568,5.666426688112432
2026000225,백석시그니처자이 1단지,충남,기타지방,828,792,94010,-37.90399879191392,-37.96799209332901,True,6.720220155135295,11.451156438572596,6.674561391814426
2026000226,백석시그니처자이 2단지,충남,기타지방,356,304,58390,-47.765028258263406,-47.76131470402972,True,5.877735781779639,10.974899921277583,5.717027701406222
2026000234,에코델타시티 중흥S-클래스 리버시티,부산,지방광역시,38,484,42100,-56.79817119997142,-57.46870956272131,False,3.6635616461296463,10.647803019670473,6.182084906716632
2026000235,북서울자이 폴라리스(보류지),서울,서울,2571,6,137000,-13.604852686308492,-13.7502135464159,True,7.85243908535751,11.827736204810263,1.791759469228055
2026000237,평택 고덕 우미 린 프레스티지(Abc-36BL),경기,경기·인천,795,569,69170,-5.628739136975364,-7.356661979327059,True,6.679599185844383,11.14432252159463,6.343880434126331
2026000241,드파인 아르티아,서울,서울,1638,87,306000,-32.129277566539926,-31.551220756411087,True,7.40184157874383,12.631340380934517,4.465908118654584
2026000242,호반써밋 첨단3지구(A7BL),광주,지방광역시,1343,215,54300,-24.90508966326121,-25.00017107428189,True,7.203405521083095,10.902279505922026,5.3706380281276624
2026000248,북오산자이 드포레,경기,경기·인천,219,1401,149430,-29.468229124270643,-28.316188622938824,True,5.393627546352362,11.914583334735438,7.244941546337007
2026000253,거제 푸르지오 마린피스,경남,기타지방,23,418,65600,-57.393292682926834,-65.71716609165824,False,3.1780538303479458,11.09133097493218,6.035481432524756
2026000258,고덕국제신도시 수자인하우스디,경기,경기·인천,77,390,66500,-2.3545748496158336,-1.5302371856365335,True,4.356708826689592,11.104957226643945,5.966146739123692
2026000261,밀양 수자인 더퍼스트 2단지 공공분양주택,경남,기타지방,20,105,38460,-18.607110396902613,-20.085480647315578,True,3.044522437723423,10.55737401914277,4.653960350157523
2026000263,신문 대상 웰라움 라시엘,경남,기타지방,3,375,115770,-20.55698984792379,-20.573985505690384,True,1.3862943611198906,11.659360743199775,5.926926025970411
2026000270,김해 신문 센트럴 아이파크,경남,기타지방,1458,1216,70430,-28.8336978302424,-27.99893232293843,True,7.285506548522785,11.162374587739457,7.103322062526113
2026000271,트리븐 김해,경남,기타지방,27,396,206740,-42.671671155055066,-41.86240715383647,True,3.332204510175204,12.239217244122475,5.981414211254481
2026000272,함안가야 휴니온아르떼,경남,기타지방,5,90,64100,-45.81589958158996,-45.81589958158996,True,1.791759469228055,11.06819964290876,4.499809670330265
2026000273,펜타힐즈 더블유 1단지,경북,기타지방,3519,1475,135980,-31.71683138436209,-32.06520860478599,True,8.166216268592143,11.82026309508045,7.29641326877392
2026000275,장위 푸르지오 마크원,서울,서울,5469,510,217140,-28.95255770792252,-27.2908547350804,True,8.607033895416027,12.288297585785843,6.234410725718371
2026000276,업성 푸르지오 레이크시티 2단지,충남,기타지방,55,442,74560,-28.552859618717505,-26.69748949080805,True,4.02535169073515,11.219359449359473,6.091309882077698
2026000278,양주 회천지구 A-8BL 로제비앙 엘가,경기,경기·인천,8,356,52900,-27.760598213082453,-28.306622510404008,True,2.1972245773362196,10.876158617846391,5.87493073085203
2026000282,창원 한신더휴 메가센텀,경남,기타지방,5178,676,150340,-10.189946550081425,-9.390851645500572,True,8.552367266423891,11.920654674731459,6.516193076042964
2026000288,신제주 동문디이스트 시그니처원Ⅰ,제주,기타지방,13,182,239168,-56.38297872340425,-56.252774110514345,True,2.6390573296152584,12.384921512845155,5.204006687076795
2026000289,신제주 동문디이스트 시그니처원Ⅱ,제주,기타지방,3,196,200028,-54.686118479221925,-55.64079623001151,True,1.3862943611198906,12.206212635731088,5.278114659230517
2026000291,이천 휴먼빌 클래스원,경기,경기·인천,13,532,57440,-39.38469583405961,-39.03926773057925,True,2.6390573296152584,10.958496203722106,6.2766434893416445
2026000293,리쉐스302,강원,기타지방,1,302,172530,-48.226932222023365,-48.226932222023365,True,0.6931471805599453,12.058326413375909,5.71042701737487
2026000295,아산테크노밸리 더원 7차 (Ab4BL),충남,기타지방,6,620,42700,-33.957845433255265,-34.059888289630905,True,1.9459101490553132,10.661954199216716,6.429719478039138
2026000301,의왕역 SK VIEW,경기,경기·인천,2486,384,109800,-25.02287282708143,-12.420260157781437,True,7.818832443803404,11.606415808057568,5.950642552587727
2026000310,남양주 진접 서한이다음(S1BL),경기,경기·인천,636,210,71330,-1.3675213675213675,16.746272943867687,True,6.456769655572163,11.175072275272084,5.3471075307174685
2026000312,춘천 리버뷰 아이파크,강원,기타지방,562,209,56800,-28.56668819055819,-35.35598260719339,True,6.333279628139691,10.947291604709243,5.342334251964811
2026000314,중동역 다채로움 더원,경기,경기·인천,50,26,79600,-16.99867197875166,-15.345458000364737,True,3.9318256327243257,11.284769371832475,3.258096538021482
2026000315,오산헤리티지자이 1단지,경기,경기·인천,373,958,207730,-44.1046658259773,-44.719973289386,True,5.924255797414532,12.24399443852873,6.86484777797086
2026000316,오산헤리티지자이 2단지,경기,경기·인천,35,706,207730,-43.99817787397879,-44.3430310317967,True,3.58351893845611,12.24399443852873,6.559615237493242
2026000318,더샵 트리센트,부산,지방광역시,1244,68,84900,-28.289473684210524,-29.8566589371226,True,7.126890808898808,11.349229372299439,4.219507705176107
2026000323,"세종 우미 린 센터파크(행정중심복합도시 5-2생활권 S1블록, 글미마을 9단지)",세종,지방광역시,4250,240,64560,-6.132075471698113,-6.1036452239632695,True,8.35490952835879,11.07535030294383,5.480638923341991
2026000328,센텀 엘카사,울산,지방광역시,2,72,39000,-8.352029914529915,-8.404962325686009,True,1.0986122886681098,10.571316925111784,4.276666119016055
2026000329,호반써밋 풍무Ⅲ,경기,경기·인천,2443,266,76250,-37.13501796107096,-37.42917684179771,True,7.8013913202914855,11.241772694469658,5.583496308781699
2026000331,센트레빌 아스테리움 거제,경남,기타지방,134,1305,71035,-67.58034026465029,-67.58034026465029,True,4.90527477843843,11.170927992306178,7.173958319756794
2026000336,평택역 더센트럴45,경기,경기·인천,20,95,116900,-37.60262725779967,-37.374365588023245,True,3.044522437723423,11.66907414746016,4.553876891600541
2026000342,제일풍경채 첨단3지구(A6BL),광주,지방광역시,441,574,79600,-22.87644787644788,-27.52577267612897,True,6.091309882077698,11.284769371832475,6.352629396319567
2026000354,상동역 롯데캐슬 시그니처,경기,경기·인천,2576,1536,603800,-54.60122699386503,-56.6628091427984,True,7.854381210652365,13.310998296254876,7.336936913707618
2026000355,월계 중흥S-클래스 리비에르,서울,서울,3024,62,149910,-30.35219628017412,-30.30976314745203,True,8.014666370464942,11.91779039300636,4.127134385045092
2026000356,두산위브더제니스 대연,부산,지방광역시,351,123,109378,-24.93744787322769,-24.17431374467536,True,5.863631175598097,11.602565051855187,4.812184355372417
2026000358,충정로역자이르네,서울,서울,3740,84,245500,-30.392156862745097,-24.66737721744304,True,8.227108234348146,12.411052226216713,4.430816798843313
2026000364,써밋 클라비온,서울,서울,5543,83,186630,-10.309055543548736,-12.188576863767576,True,8.620471540869739,12.136883326177175,4.418840607796598
2026000365,오남역 서희스타힐스 여의재 1단지,경기,경기·인천,56,146,71900,-18.645501198977577,-18.05850784988425,False,4.04305126783455,11.183031543709138,4.983606621708336
2026000367,한강 푸르지오 리버프론트,경기,경기·인천,1307,2030,299900,-41.015625,-41.721740333601325,True,7.176254532017144,12.6112043647371,7.615791072035833
2026000368,아르티엠 라 테라스,전북,기타지방,64,290,52600,-8.23051525297619,-8.185039454615675,False,4.174387269895637,10.870471398725801,5.66988092298052
2026000371,용인반도체클러스터 동일하이빌 파크밸리(D1-1블록),경기,경기·인천,616,288,53400,5.610078759537288,4.439320003513929,True,6.424869023905388,10.885566024948286,5.662960480135946
2026000372,쌍용 더 플래티넘 서대문,서울,서울,1112,28,137330,-20.81118473749363,-20.83689093039736,True,7.014814351275545,11.830142067524328,3.332204510175204
2026000376,달서자이 제니크,대구,지방광역시,92,340,59730,-31.491996687674373,-31.528418465916864,True,4.532599493153256,10.997589685726352,5.8289456176102075
2026000377,의왕역 한신더휴,경기,경기·인천,320,49,94000,-10.638297872340424,-4.51241223928615,True,5.771441123130016,11.451050061252142,3.8918202981106265
2026000382,두산위브더제니스 부천,경기,경기·인천,496,879,118200,-41.25699404761905,-43.158331870958186,True,6.208590026096629,11.680133383954136,6.778784897685177
2026000383,포레나힐스테이트 진주,경남,기타지방,3849,182,57700,-19.64066203899025,-16.000155598550435,True,8.25582842728183,10.96301245249619,5.204006687076795
2026000388,시티오씨엘 9단지 오션파크뷰,인천,경기·인천,768,1756,170000,-15.135362603450696,-14.149197916634709,True,6.645090969505644,12.043553716032399,7.470793774195062
2026000394,더샵 여주역더퍼스트,경기,경기·인천,93,685,51965,-20.94099498650212,-21.002534064751604,True,4.543294782270004,10.858325694022522,6.529418838262226
2026000399,브라운스톤 월곡 센트럴,서울,서울,1672,27,107500,10.426008968609866,11.303210694812249,False,7.422373700986824,11.585246126549855,3.295836866004329
2026000403,그랑라크 에일린의 뜰,울산,지방광역시,986,967,86900,10.199652777777777,-6.427993285685576,True,6.894670039433482,11.372513311253483,6.874198495453294
2026000404,검암역 푸르지오 프라베뉴 (B-1BL) 공공분양주택,인천,경기·인천,2161,114,63910,-5.9207116176696735,-6.463802872883087,True,7.6787889981991535,11.065231122644327,4.736198448394496
2026000419,올 뉴 챔피언스시티 1차,광주,지방광역시,2974,2932,316000,-32.758620689655174,-38.13850781653934,True,7.99799931797973,12.66349749256905,7.983440063006542
2026000422,천안 아이파크 시티 3단지,충남,기타지방,193,838,80800,-19.863861386138616,-17.55587841082775,True,5.267858159063328,11.299732244509187,6.731018100482083
2026000423,두정역 푸르지오 그랑피크,충남,기타지방,182,1382,69000,-30.36207067699027,-24.44297961299059,True,5.209486152841421,11.141861783579396,7.231287004327616
2026000424,쌍용 더 플래티넘 센텀,부산,지방광역시,27,46,132100,-44.3768767571718,-41.235570736104144,True,3.332204510175204,11.791314490510416,3.828641396489095
2026000426,천안 아이파크 시티 4단지,충남,기타지방,128,771,80690,-19.754616433263102,-17.924147472791812,True,4.859812404361672,11.298369930842552,6.647688373563329
2026000437,힐스테이트 고덕엘리스트 A12BL 공공분양주택,경기,경기·인천,114,892,58420,1.722794563241278,1.1335096800322697,True,4.74493212836325,10.975413575941731,6.79346613258001
2026000438,힐스테이트 고덕엘리스트 A65BL 공공분양주택,경기,경기·인천,74,816,56617,4.364370158168551,4.032243298769745,True,4.31748811353631,10.944064572451126,6.704414354964107
2026000441,문수로 비스타 더파크,울산,지방광역시,628,641,83200,-21.71592194570136,-21.93776424479716,False,6.444131256700441,11.3290026268093,6.46302945692067
2026000443,에코델타시티 금강펜테리움 에코리버,부산,지방광역시,8,348,53200,-64.9906015037594,-64.97034612393053,False,2.1972245773362196,10.881813675329736,5.8522024797744745
2026000445,삼천 하늘채 라비엘,전북,기타지방,754,51,49392,-13.298314640923197,-8.522190370261777,True,6.626717749249025,10.80754374674194,3.9318256327243257
2026000446,진주 판문지구 레이크써밋 웰가,경남,기타지방,12091,346,139500,-23.783959909607105,-23.921640125242075,True,9.40029935589935,11.845819880243557,5.846438775057725
2026000448,숭의역 노르웨이숲 더 스카이,인천,경기·인천,18,29,73237,-35.00552999167088,-35.00552999167088,True,2.9444389791664403,11.201456036726139,3.367295829986474
2026000449,화서역 호수공원 아너스빌,경기,경기·인천,293,393,91100,-31.69092945128779,-27.852606061387363,True,5.683579767338681,11.41971308324805,5.973809611869261
2026000453,광명 시티프라디움 에듀하임,경기,경기·인천,460,273,119800,-32.39406779661017,-29.44581322130691,True,6.133398042996649,11.693578964663486,5.60947179518496
