apttosell_project_id,house_manage_no,project_name,region,initial_announcement_date,pre_movein_direct_cash_ratio_pct,pre_movein_direct_cash_10k_krw,initial_contract_rate_pct,explicit_self_pay_interim_rate_pct,financing_method,presale_10k,all_gap_pct,build_10y_gap_pct,gap_change_pp,price_gap_publication_grade,linkage_method,linkage_score
ATS-2026-BUSAN-000014,2026000101,온천장 하늘채 엘리시움,부산,2026-04-03,5.0,4100.0,5,0,중도금 60% 무이자,82000.0,41.62,28.73,12.89,A,registry_name_region_date,1.000
ATS-2026-BUSAN-000018,2026000318,더샵 트리센트,부산,2026-07-24,5.0,4245.0,5,0,중도금 60% 이자후불제,84900.0,60.19,40.1,20.09,A,registry_name_region_date,1.000
ATS-2026-CN-000005,2026000226,백석시그니처자이 2단지,충남,2026-06-05,10.0,5839.0,10,0,중도금 60% 이자후불제 알선 예정,58390.0,99.28,38.2,61.08,A,registry_name_region_date,0.857
ATS-2026-GB-000003,2026000273,펜타힐즈 더블유 1단지,경북,2026-06-19,10.0,13598.0,10,0,중도금 60% 무이자 대출 알선,69930.0,38.48,37.25,1.23,A,registry_name_region_date,1.000
ATS-2026-GG-000007,2026000017,쌍용 더 플래티넘 온수역,경기,2026-02-13,5.0,5688.0,5,0,중도금 60% 이자후불제,113760.0,25.7,24.33,1.37,B,registry_name_region_date,1.000
ATS-2026-GN-000004,2026000270,김해 신문 센트럴 아이파크,경남,2026-06-19,5.0,3521.5,5,0,중도금 60% 무이자,56270.0,40.15,27.89,12.26,A,registry_name_region_date,1.000
ATS-2026-GW-000003,2026000089,강릉 우미 린 더 프리미어,강원,2026-04-17,5.0,3977.5,5,0,중도금 60% 무이자,54840.0,38.84,34.91,3.93,B,registry_name_region_date,1.000
ATS-2026-GWANGJU-000002,2026000419,올 뉴 챔피언스시티 1차,광주,2026-09-02,5.0,15800.0,5,0,중도금 60% 대출 실행 가정/금융알선 확인,87000.0,38.1,35.94,2.16,B,registry_name_region_date,1.000
ATS-2026-SEOUL-000003,2026000058,오티에르 반포,서울,2026-03-31,40.0,146756.0,20,20,사업주체 중도금 대출 알선 없음,275650.0,-19.87,-37.92,18.05,B,registry_name_region_date,1.000
ATS-2026-SEOUL-000009,2026000275,장위 푸르지오 마크원,서울,2026-06-19,30.0,65142.0,10,20,중도금 40% 대출 알선·이자후불 + 20% 자납,176570.0,44.73,39.03,5.7,A,registry_name_region_date,1.000
ATS-2026-SEOUL-000018,2026000372,쌍용 더 플래티넘 서대문,서울,2026-08-14,30.0,41199.0,10,20,중도금 40% 알선 + 20% 자납,137330.0,84.34,36.65,47.69,A,registry_name_region_date,1.000
