project_id,house_manage_no,house_name,region,initial_announcement_date,avg_first_priority_rate,competition_band,has_followup,followup_event_count,first_followup_date,days_to_first_followup,observation_days,eligible_60d,followup_within_60d,eligible_90d,followup_within_90d,initial_source_url
ATS-2026-001,2025000660,드파인 연희,서울,2026-01-09,44.072848,30:1 이상,0,0,,,268,1,0,1,0,https://www.applyhome.co.kr/ai/aia/selectAPTLttotPblancDetail.do?houseManageNo=2025000660&pblancNo=2025000660
ATS-2026-002,2025000656,사우역 지엔하임,경기,2026-01-09,0.238227,1:1 미만,1,1,2026-02-26,48,268,1,1,1,1,https://www.applyhome.co.kr/ai/aia/selectAPTLttotPblancDetail.do?houseManageNo=2025000656&pblancNo=2025000656
ATS-2026-003,2025000628,북오산자이 리버블시티,경기,2026-01-09,0.70102,1:1 미만,1,2,2026-02-20,42,268,1,1,1,1,https://www.applyhome.co.kr/ai/aia/selectAPTLttotPblancDetail.do?houseManageNo=2025000628&pblancNo=2025000628
ATS-2026-004,2025000639,서귀포시 서홍동 형남아파트6차,제주,2026-01-16,1.096774,1~5:1,1,1,2026-03-05,48,261,1,1,1,1,https://www.applyhome.co.kr/ai/aia/selectAPTLttotPblancDetail.do?houseManageNo=2025000639&pblancNo=2025000639
ATS-2026-005,2025000652,안양역 센트럴 아이파크 수자인,경기,2026-01-23,10.291892,10~30:1,1,3,2026-03-11,47,254,1,1,1,1,https://www.applyhome.co.kr/ai/aia/selectAPTLttotPblancDetail.do?houseManageNo=2025000652&pblancNo=2025000652
ATS-2026-006,2026000002,e편한세상 센텀 하이베뉴,부산,2026-01-30,1.303571,1~5:1,1,1,2026-03-11,40,247,1,1,1,1,https://www.applyhome.co.kr/ai/aia/selectAPTLttotPblancDetail.do?houseManageNo=2026000002&pblancNo=2026000002
ATS-2026-007,2025000572,포레나더샵 인천시청역,인천,2026-01-30,2.884273,1~5:1,1,3,2026-03-12,41,247,1,1,1,1,https://www.applyhome.co.kr/ai/aia/selectAPTLttotPblancDetail.do?houseManageNo=2025000572&pblancNo=2025000572
ATS-2026-008,2026000019,구리역 하이니티 리버파크,경기,2026-02-11,3.915888,1~5:1,1,2,2026-04-13,61,235,1,0,1,1,https://www.applyhome.co.kr/ai/aia/selectAPTLttotPblancDetail.do?houseManageNo=2026000019&pblancNo=2026000019
ATS-2026-009,2026000018,리첸시아 표선 IB EDU,제주,2026-02-12,0.0,1:1 미만,0,0,,,234,1,0,1,0,https://www.applyhome.co.kr/ai/aia/selectAPTLttotPblancDetail.do?houseManageNo=2026000018&pblancNo=2026000018
ATS-2026-010,2026000034,더 플래티넘 센트럴포레,경기,2026-02-13,0.07767,1:1 미만,0,0,,,233,1,0,1,0,https://www.applyhome.co.kr/ai/aia/selectAPTLttotPblancDetail.do?houseManageNo=2026000034&pblancNo=2026000034
ATS-2026-011,2026000020,금정산 하늘채 루미엘,부산,2026-02-13,0.239583,1:1 미만,1,1,2026-03-25,40,233,1,1,1,1,https://www.applyhome.co.kr/ai/aia/selectAPTLttotPblancDetail.do?houseManageNo=2026000020&pblancNo=2026000020
ATS-2026-012,2026000017,쌍용 더 플래티넘 온수역,경기,2026-02-13,12.082569,10~30:1,1,1,2026-03-25,40,233,1,1,1,1,https://www.applyhome.co.kr/ai/aia/selectAPTLttotPblancDetail.do?houseManageNo=2026000017&pblancNo=2026000017
ATS-2026-013,2026000028,해링턴플레이스 노원 센트럴,서울,2026-02-20,7.655172,5~10:1,1,3,2026-04-28,67,226,1,0,1,1,https://www.applyhome.co.kr/ai/aia/selectAPTLttotPblancDetail.do?houseManageNo=2026000028&pblancNo=2026000028
ATS-2026-014,2026000015,천안 아이파크 시티 6단지,충남,2026-02-20,10.544386,10~30:1,1,1,2026-04-01,40,226,1,1,1,1,https://www.applyhome.co.kr/ai/aia/selectAPTLttotPblancDetail.do?houseManageNo=2026000015&pblancNo=2026000015
ATS-2026-015,2026000014,천안 아이파크 시티 5단지,충남,2026-02-20,8.833837,5~10:1,1,1,2026-04-01,40,226,1,1,1,1,https://www.applyhome.co.kr/ai/aia/selectAPTLttotPblancDetail.do?houseManageNo=2026000014&pblancNo=2026000014
ATS-2026-016,2026000008,경산 상방공원 호반써밋 1단지,경북,2026-02-26,0.162767,1:1 미만,0,0,,,220,1,0,1,0,https://www.applyhome.co.kr/ai/aia/selectAPTLttotPblancDetail.do?houseManageNo=2026000008&pblancNo=2026000008
ATS-2026-017,2025000510,두산위브 더센트럴 수원,경기,2026-02-27,14.574803,10~30:1,1,1,2026-04-09,41,219,1,1,1,1,https://www.applyhome.co.kr/ai/aia/selectAPTLttotPblancDetail.do?houseManageNo=2025000510&pblancNo=2025000510
ATS-2026-018,2026000035,연수 월드메르디앙 어반포레,인천,2026-03-03,0.304,1:1 미만,1,2,2026-04-28,56,215,1,1,1,1,https://www.applyhome.co.kr/ai/aia/selectAPTLttotPblancDetail.do?houseManageNo=2026000035&pblancNo=2026000035
ATS-2026-019,2026000043,부천역 에피트 어바닉,경기,2026-03-06,2.520833,1~5:1,1,5,2026-04-15,40,212,1,1,1,1,https://www.applyhome.co.kr/ai/aia/selectAPTLttotPblancDetail.do?houseManageNo=2026000043&pblancNo=2026000043
ATS-2026-020,2026000039,래미안 엘라비네,서울,2026-03-06,25.562044,10~30:1,1,2,2026-04-21,46,212,1,1,1,1,https://www.applyhome.co.kr/ai/aia/selectAPTLttotPblancDetail.do?houseManageNo=2026000039&pblancNo=2026000039
ATS-2026-021,2026000036,e편한세상 여수 글렌츠,전남,2026-03-06,0.830769,1:1 미만,1,1,2026-04-15,40,212,1,1,1,1,https://www.applyhome.co.kr/ai/aia/selectAPTLttotPblancDetail.do?houseManageNo=2026000036&pblancNo=2026000036
ATS-2026-022,2026000029,썬밸리 오드카운티 가평설악,경기,2026-03-06,0.009671,1:1 미만,0,0,,,212,1,0,1,0,https://www.applyhome.co.kr/ai/aia/selectAPTLttotPblancDetail.do?houseManageNo=2026000029&pblancNo=2026000029
ATS-2026-023,2026000038,상주자이르네,경북,2026-03-09,0.827778,1:1 미만,1,1,2026-04-09,31,209,1,1,1,1,https://www.applyhome.co.kr/ai/aia/selectAPTLttotPblancDetail.do?houseManageNo=2026000038&pblancNo=2026000038
ATS-2026-024,2026000023,더샵 프리엘라,서울,2026-03-12,89.238095,30:1 이상,0,0,,,206,1,0,1,0,https://www.applyhome.co.kr/ai/aia/selectAPTLttotPblancDetail.do?houseManageNo=2026000023&pblancNo=2026000023
ATS-2026-025,2026000052,시흥거모B1 호반써밋,경기,2026-03-13,0.337037,1:1 미만,0,0,,,205,1,0,1,0,https://www.applyhome.co.kr/ai/aia/selectAPTLttotPblancDetail.do?houseManageNo=2026000052&pblancNo=2026000052
ATS-2026-026,2026000044,용인 플랫폼시티 라온프라이빗 아르디에,경기,2026-03-13,1.247126,1~5:1,1,3,2026-04-22,40,205,1,1,1,1,https://www.applyhome.co.kr/ai/aia/selectAPTLttotPblancDetail.do?houseManageNo=2026000044&pblancNo=2026000044
ATS-2026-027,2026000033,해링턴플레이스 오룡역,대전,2026-03-13,0.194647,1:1 미만,1,1,2026-07-10,119,205,1,0,1,0,https://www.applyhome.co.kr/ai/aia/selectAPTLttotPblancDetail.do?houseManageNo=2026000033&pblancNo=2026000033
ATS-2026-028,2026000057,에코델타시티 엘가 로제비앙,부산,2026-03-16,0.053481,1:1 미만,0,0,,,202,1,0,1,0,https://www.applyhome.co.kr/ai/aia/selectAPTLttotPblancDetail.do?houseManageNo=2026000057&pblancNo=2026000057
ATS-2026-029,2026000063,오션포레베네스트하우스(미단시티 공동8BL),인천,2026-03-18,0.104418,1:1 미만,1,1,2026-07-01,105,200,1,0,1,0,https://www.applyhome.co.kr/ai/aia/selectAPTLttotPblancDetail.do?houseManageNo=2026000063&pblancNo=2026000063
ATS-2026-030,2026000075,창원자이 더 스카이,경남,2026-03-20,6.745763,5~10:1,1,1,2026-04-29,40,198,1,1,1,1,https://www.applyhome.co.kr/ai/aia/selectAPTLttotPblancDetail.do?houseManageNo=2026000075&pblancNo=2026000075
ATS-2026-031,2026000066,한화포레나 부산당리,부산,2026-03-20,0.451087,1:1 미만,1,1,2026-04-29,40,198,1,1,1,1,https://www.applyhome.co.kr/ai/aia/selectAPTLttotPblancDetail.do?houseManageNo=2026000066&pblancNo=2026000066
ATS-2026-032,2026000064,더샵 신길센트럴시티,서울,2026-03-20,31.863436,30:1 이상,0,0,,,198,1,0,1,0,https://www.applyhome.co.kr/ai/aia/selectAPTLttotPblancDetail.do?houseManageNo=2026000064&pblancNo=2026000064
ATS-2026-033,2026000051,아산탕정자이 메트로시티(A3BL),충남,2026-03-20,5.97156,5~10:1,1,1,2026-04-29,40,198,1,1,1,1,https://www.applyhome.co.kr/ai/aia/selectAPTLttotPblancDetail.do?houseManageNo=2026000051&pblancNo=2026000051
ATS-2026-034,2025000497,아크로 드 서초,서울,2026-03-20,1099.1,30:1 이상,0,0,,,198,1,0,1,0,https://www.applyhome.co.kr/ai/aia/selectAPTLttotPblancDetail.do?houseManageNo=2025000497&pblancNo=2025000497
ATS-2026-035,2026000055,의정부역 센트럴 아이파크,경기,2026-03-26,1.379061,1~5:1,1,5,2026-05-13,48,192,1,1,1,1,https://www.applyhome.co.kr/ai/aia/selectAPTLttotPblancDetail.do?houseManageNo=2026000055&pblancNo=2026000055
ATS-2026-036,2026000078,천안 동일하이빌 파크레인,충남,2026-03-27,0.032658,1:1 미만,0,0,,,191,1,0,1,0,https://www.applyhome.co.kr/ai/aia/selectAPTLttotPblancDetail.do?houseManageNo=2026000078&pblancNo=2026000078
ATS-2026-037,2026000074,엄궁역 트라비스 하늘채,부산,2026-03-27,0.616352,1:1 미만,1,1,2026-05-07,41,191,1,1,1,1,https://www.applyhome.co.kr/ai/aia/selectAPTLttotPblancDetail.do?houseManageNo=2026000074&pblancNo=2026000074
ATS-2026-038,2026000070,힐스테이트 안양펠루스,경기,2026-03-27,4.939394,1~5:1,1,2,2026-05-29,63,191,1,0,1,1,https://www.applyhome.co.kr/ai/aia/selectAPTLttotPblancDetail.do?houseManageNo=2026000070&pblancNo=2026000070
ATS-2026-039,2026000065,검단호수공원역 파라곤(AA36BL),인천,2026-03-27,31.259804,30:1 이상,0,0,,,191,1,0,1,0,https://www.applyhome.co.kr/ai/aia/selectAPTLttotPblancDetail.do?houseManageNo=2026000065&pblancNo=2026000065
ATS-2026-040,2026000062,중앙하이츠 갈산역 센트럴,인천,2026-03-27,1.586207,1~5:1,1,2,2026-05-14,48,191,1,1,1,1,https://www.applyhome.co.kr/ai/aia/selectAPTLttotPblancDetail.do?houseManageNo=2026000062&pblancNo=2026000062
ATS-2026-041,2026000047,범어역 파크드림 디아르,대구,2026-03-27,101.47619,30:1 이상,0,0,,,191,1,0,1,0,https://www.applyhome.co.kr/ai/aia/selectAPTLttotPblancDetail.do?houseManageNo=2026000047&pblancNo=2026000047
ATS-2026-042,2026000012,경성대부경대역 비스타동원 더 프리미엄,부산,2026-03-27,0.494253,1:1 미만,1,1,2026-05-06,40,191,1,1,1,1,https://www.applyhome.co.kr/ai/aia/selectAPTLttotPblancDetail.do?houseManageNo=2026000012&pblancNo=2026000012
ATS-2026-043,2026000048,이촌 르엘,서울,2026-03-30,134.974359,30:1 이상,0,0,,,188,1,0,1,0,https://www.applyhome.co.kr/ai/aia/selectAPTLttotPblancDetail.do?houseManageNo=2026000048&pblancNo=2026000048
ATS-2026-044,2026000040,구서 다움포레,부산,2026-03-30,0.074627,1:1 미만,0,0,,,188,1,0,1,0,https://www.applyhome.co.kr/ai/aia/selectAPTLttotPblancDetail.do?houseManageNo=2026000040&pblancNo=2026000040
ATS-2026-045,2026000058,오티에르 반포,서울,2026-03-31,710.232558,30:1 이상,0,0,,,187,1,0,1,0,https://www.applyhome.co.kr/ai/aia/selectAPTLttotPblancDetail.do?houseManageNo=2026000058&pblancNo=2026000058
ATS-2026-046,2026000101,온천장 하늘채 엘리시움,부산,2026-04-03,0.346774,1:1 미만,0,0,,,184,1,0,1,0,https://www.applyhome.co.kr/ai/aia/selectAPTLttotPblancDetail.do?houseManageNo=2026000101&pblancNo=2026000101
ATS-2026-047,2026000094,라클라체자이드파인,서울,2026-04-03,26.905556,10~30:1,1,1,2026-05-19,46,184,1,1,1,1,https://www.applyhome.co.kr/ai/aia/selectAPTLttotPblancDetail.do?houseManageNo=2026000094&pblancNo=2026000094
ATS-2026-048,2026000086,업성 푸르지오 레이크시티,충남,2026-04-03,1.109286,1~5:1,1,1,2026-05-13,40,184,1,1,1,1,https://www.applyhome.co.kr/ai/aia/selectAPTLttotPblancDetail.do?houseManageNo=2026000086&pblancNo=2026000086
ATS-2026-049,2026000077,북전주 광신프로그레스,전북,2026-04-03,0.78882,1:1 미만,1,1,2026-05-13,40,184,1,1,1,1,https://www.applyhome.co.kr/ai/aia/selectAPTLttotPblancDetail.do?houseManageNo=2026000077&pblancNo=2026000077
ATS-2026-050,2026000073,풍무역세권 수자인 그라센트 2차,경기,2026-04-03,1.27897,1~5:1,1,3,2026-07-22,110,184,1,0,1,0,https://www.applyhome.co.kr/ai/aia/selectAPTLttotPblancDetail.do?houseManageNo=2026000073&pblancNo=2026000073
ATS-2026-051,2026000071,르네오션 고성 퍼스트뷰,강원,2026-04-03,0.425856,1:1 미만,1,1,2026-05-12,39,184,1,1,1,1,https://www.applyhome.co.kr/ai/aia/selectAPTLttotPblancDetail.do?houseManageNo=2026000071&pblancNo=2026000071
ATS-2026-052,2026000069,야목역 서희스타힐스 그랜드힐,경기,2026-04-06,0.287671,1:1 미만,1,2,2026-05-18,42,181,1,1,1,1,https://www.applyhome.co.kr/ai/aia/selectAPTLttotPblancDetail.do?houseManageNo=2026000069&pblancNo=2026000069
ATS-2026-053,2026000093,더샵 안동더퍼스트,경북,2026-04-09,7.608833,5~10:1,1,1,2026-05-21,42,178,1,1,1,1,https://www.applyhome.co.kr/ai/aia/selectAPTLttotPblancDetail.do?houseManageNo=2026000093&pblancNo=2026000093
ATS-2026-054,2026000049,"옥정중앙역 대방 디에트르(중상1, 복합1BL)",경기,2026-04-09,0.845518,1:1 미만,1,4,2026-05-18,39,178,1,1,1,1,https://www.applyhome.co.kr/ai/aia/selectAPTLttotPblancDetail.do?houseManageNo=2026000049&pblancNo=2026000049
ATS-2026-055,2026000121,문수로 라티에르 673,울산,2026-04-10,0.373057,1:1 미만,1,1,2026-05-21,41,177,1,1,1,1,https://www.applyhome.co.kr/ai/aia/selectAPTLttotPblancDetail.do?houseManageNo=2026000121&pblancNo=2026000121
ATS-2026-056,2026000112,용인 고림 동문 디 이스트,경기,2026-04-10,0.301948,1:1 미만,1,1,2026-05-22,42,177,1,1,1,1,https://www.applyhome.co.kr/ai/aia/selectAPTLttotPblancDetail.do?houseManageNo=2026000112&pblancNo=2026000112
ATS-2026-057,2026000110,엘리프 창원,경남,2026-04-10,27.368,10~30:1,0,0,,,177,1,0,1,0,https://www.applyhome.co.kr/ai/aia/selectAPTLttotPblancDetail.do?houseManageNo=2026000110&pblancNo=2026000110
ATS-2026-058,2026000109,아산경남아너스빌 랜드마크49,충남,2026-04-10,0.010753,1:1 미만,0,0,,,177,1,0,1,0,https://www.applyhome.co.kr/ai/aia/selectAPTLttotPblancDetail.do?houseManageNo=2026000109&pblancNo=2026000109
ATS-2026-059,2026000105,도안자이 센텀리체 2단지,대전,2026-04-10,2.059504,1~5:1,1,1,2026-05-20,40,177,1,1,1,1,https://www.applyhome.co.kr/ai/aia/selectAPTLttotPblancDetail.do?houseManageNo=2026000105&pblancNo=2026000105
ATS-2026-060,2026000104,도안자이 센텀리체 1단지,대전,2026-04-10,2.311248,1~5:1,1,1,2026-05-20,40,177,1,1,1,1,https://www.applyhome.co.kr/ai/aia/selectAPTLttotPblancDetail.do?houseManageNo=2026000104&pblancNo=2026000104
ATS-2026-061,2026000087,청주 푸르지오 씨엘리체,충북,2026-04-10,6.474877,5~10:1,1,1,2026-06-01,52,177,1,1,1,1,https://www.applyhome.co.kr/ai/aia/selectAPTLttotPblancDetail.do?houseManageNo=2026000087&pblancNo=2026000087
ATS-2026-062,2026000085,힐스테이트 평거 센트럴,경남,2026-04-10,20.396739,10~30:1,1,1,2026-05-28,48,177,1,1,1,1,https://www.applyhome.co.kr/ai/aia/selectAPTLttotPblancDetail.do?houseManageNo=2026000085&pblancNo=2026000085
ATS-2026-063,2026000082,골드클래스 시그니처,전북,2026-04-10,34.65,30:1 이상,0,0,,,177,1,0,1,0,https://www.applyhome.co.kr/ai/aia/selectAPTLttotPblancDetail.do?houseManageNo=2026000082&pblancNo=2026000082
ATS-2026-064,2026000135,인천가정2지구 B2블록 공공분양주택(후속사업),인천,2026-04-15,,경쟁률 미확인,0,0,,,172,1,0,1,0,https://www.applyhome.co.kr/ai/aia/selectAPTLttotPblancDetail.do?houseManageNo=2026000135&pblancNo=2026000135
ATS-2026-065,2026000113,동탄 그웬 160 (동탄2 B11BL),경기,2026-04-16,3.416667,1~5:1,0,0,,,171,1,0,1,0,https://www.applyhome.co.kr/ai/aia/selectAPTLttotPblancDetail.do?houseManageNo=2026000113&pblancNo=2026000113
ATS-2026-066,2026000124,고덕신도시 아테라 A-63블록 공공분양주택,경기,2026-04-17,0.25,1:1 미만,1,1,2026-09-07,143,170,1,0,1,0,https://www.applyhome.co.kr/ai/aia/selectAPTLttotPblancDetail.do?houseManageNo=2026000124&pblancNo=2026000124
ATS-2026-067,2026000114,공덕역자이르네,서울,2026-04-17,79.987952,30:1 이상,0,0,,,170,1,0,1,0,https://www.applyhome.co.kr/ai/aia/selectAPTLttotPblancDetail.do?houseManageNo=2026000114&pblancNo=2026000114
ATS-2026-068,2026000107,경기광주역 롯데캐슬 시그니처 1단지,경기,2026-04-17,2.109337,1~5:1,1,1,2026-06-02,46,170,1,1,1,1,https://www.applyhome.co.kr/ai/aia/selectAPTLttotPblancDetail.do?houseManageNo=2026000107&pblancNo=2026000107
ATS-2026-069,2026000089,강릉 우미 린 더 프리미어,강원,2026-04-17,0.281421,1:1 미만,1,1,2026-06-05,49,170,1,1,1,1,https://www.applyhome.co.kr/ai/aia/selectAPTLttotPblancDetail.do?houseManageNo=2026000089&pblancNo=2026000089
ATS-2026-070,2026000130,PH159,제주,2026-04-20,0.122449,1:1 미만,0,0,,,167,1,0,1,0,https://www.applyhome.co.kr/ai/aia/selectAPTLttotPblancDetail.do?houseManageNo=2026000130&pblancNo=2026000130
ATS-2026-071,2026000088,용인 양지 서희스타힐스 하이뷰,경기,2026-04-20,0.121331,1:1 미만,0,0,,,167,1,0,1,0,https://www.applyhome.co.kr/ai/aia/selectAPTLttotPblancDetail.do?houseManageNo=2026000088&pblancNo=2026000088
ATS-2026-072,2026000152,e편한세상 부천 어반스퀘어,경기,2026-04-23,2.229376,1~5:1,1,1,2026-06-09,47,164,1,1,1,1,https://www.applyhome.co.kr/ai/aia/selectAPTLttotPblancDetail.do?houseManageNo=2026000152&pblancNo=2026000152
ATS-2026-073,2026000150,엘리프 성성호수공원 2BL,충남,2026-04-23,4.643137,1~5:1,1,1,2026-06-04,42,164,1,1,1,1,https://www.applyhome.co.kr/ai/aia/selectAPTLttotPblancDetail.do?houseManageNo=2026000150&pblancNo=2026000150
ATS-2026-074,2026000149,엘리프 성성호수공원 1BL,충남,2026-04-23,26.269129,10~30:1,1,1,2026-06-04,42,164,1,1,1,1,https://www.applyhome.co.kr/ai/aia/selectAPTLttotPblancDetail.do?houseManageNo=2026000149&pblancNo=2026000149
ATS-2026-075,2026000146,기장 이진캐스빌 포레,부산,2026-04-24,0.116788,1:1 미만,0,0,,,163,1,0,1,0,https://www.applyhome.co.kr/ai/aia/selectAPTLttotPblancDetail.do?houseManageNo=2026000146&pblancNo=2026000146
ATS-2026-076,2026000129,더샵 관저아르테,대전,2026-04-24,6.537954,5~10:1,1,1,2026-06-29,66,163,1,0,1,1,https://www.applyhome.co.kr/ai/aia/selectAPTLttotPblancDetail.do?houseManageNo=2026000129&pblancNo=2026000129
ATS-2026-077,2026000102,울산신복역 비스타 메트로,울산,2026-04-24,0.181628,1:1 미만,0,0,,,163,1,0,1,0,https://www.applyhome.co.kr/ai/aia/selectAPTLttotPblancDetail.do?houseManageNo=2026000102&pblancNo=2026000102
ATS-2026-078,2026000096,천안 동문 디 이스트 파크시티,충남,2026-04-24,0.026104,1:1 미만,0,0,,,163,1,0,1,0,https://www.applyhome.co.kr/ai/aia/selectAPTLttotPblancDetail.do?houseManageNo=2026000096&pblancNo=2026000096
ATS-2026-079,2026000091,소제지구 A4BL 중흥S-클래스 우미린,전남,2026-04-24,0.822811,1:1 미만,1,1,2026-06-02,39,163,1,1,1,1,https://www.applyhome.co.kr/ai/aia/selectAPTLttotPblancDetail.do?houseManageNo=2026000091&pblancNo=2026000091
ATS-2026-080,2026000090,소제지구 A3BL 중흥S-클래스 우미린,전남,2026-04-24,0.43038,1:1 미만,1,1,2026-06-02,39,163,1,1,1,1,https://www.applyhome.co.kr/ai/aia/selectAPTLttotPblancDetail.do?houseManageNo=2026000090&pblancNo=2026000090
ATS-2026-081,2026000156,더 리치먼드 미아,서울,2026-04-27,4.326531,1~5:1,1,4,2026-06-18,52,160,1,1,1,1,https://www.applyhome.co.kr/ai/aia/selectAPTLttotPblancDetail.do?houseManageNo=2026000156&pblancNo=2026000156
ATS-2026-082,2026000155,고덕국제신도시 수자인풍경채 2단지,경기,2026-04-29,0.35514,1:1 미만,1,1,2026-06-10,42,158,1,1,1,1,https://www.applyhome.co.kr/ai/aia/selectAPTLttotPblancDetail.do?houseManageNo=2026000155&pblancNo=2026000155
ATS-2026-083,2026000154,고덕국제신도시 수자인풍경채 1단지,경기,2026-04-29,0.367089,1:1 미만,1,1,2026-06-10,42,158,1,1,1,1,https://www.applyhome.co.kr/ai/aia/selectAPTLttotPblancDetail.do?houseManageNo=2026000154&pblancNo=2026000154
ATS-2026-084,2026000111,더 플래티넘 파인애비뉴,경기,2026-04-29,0.025237,1:1 미만,0,0,,,158,1,0,1,0,https://www.applyhome.co.kr/ai/aia/selectAPTLttotPblancDetail.do?houseManageNo=2026000111&pblancNo=2026000111
ATS-2026-085,2026000170,상주북천 하늘채 파크원,경북,2026-04-30,3.668555,1~5:1,1,1,2026-06-09,40,157,1,1,1,1,https://www.applyhome.co.kr/ai/aia/selectAPTLttotPblancDetail.do?houseManageNo=2026000170&pblancNo=2026000170
ATS-2026-086,2026000163,메트로시티 자산 데시앙,경남,2026-04-30,14.120944,10~30:1,1,1,2026-06-29,60,157,1,1,1,1,https://www.applyhome.co.kr/ai/aia/selectAPTLttotPblancDetail.do?houseManageNo=2026000163&pblancNo=2026000163
ATS-2026-087,2026000126,안양 에버포레 자연앤 e편한세상(A2BL),경기,2026-04-30,57.1,30:1 이상,0,0,,,157,1,0,1,0,https://www.applyhome.co.kr/ai/aia/selectAPTLttotPblancDetail.do?houseManageNo=2026000126&pblancNo=2026000126
ATS-2026-088,2026000125,안양 에버포레 자연앤 e편한세상(A1BL),경기,2026-04-30,21.981132,10~30:1,0,0,,,157,1,0,1,0,https://www.applyhome.co.kr/ai/aia/selectAPTLttotPblancDetail.do?houseManageNo=2026000125&pblancNo=2026000125
ATS-2026-089,2026000053,공주월송 진아레히,충남,2026-04-30,0.76848,1:1 미만,1,1,2026-06-10,41,157,1,1,1,1,https://www.applyhome.co.kr/ai/aia/selectAPTLttotPblancDetail.do?houseManageNo=2026000053&pblancNo=2026000053
ATS-2026-090,2026000174,더샵 중앙로역센터폴,대구,2026-05-04,0.088136,1:1 미만,0,0,,,153,1,0,1,0,https://www.applyhome.co.kr/ai/aia/selectAPTLttotPblancDetail.do?houseManageNo=2026000174&pblancNo=2026000174
ATS-2026-091,2026000147,힐스테이트 구월아트파크,인천,2026-05-06,0.603104,1:1 미만,0,0,,,151,1,0,1,0,https://www.applyhome.co.kr/ai/aia/selectAPTLttotPblancDetail.do?houseManageNo=2026000147&pblancNo=2026000147
ATS-2026-092,2026000169,더샵 송도그란테르 G5-11블록,인천,2026-05-07,20.023364,10~30:1,1,1,2026-07-30,84,150,1,0,1,1,https://www.applyhome.co.kr/ai/aia/selectAPTLttotPblancDetail.do?houseManageNo=2026000169&pblancNo=2026000169
ATS-2026-093,2026000168,더샵 송도그란테르 G5-6블록,인천,2026-05-07,50.028986,30:1 이상,0,0,,,150,1,0,1,0,https://www.applyhome.co.kr/ai/aia/selectAPTLttotPblancDetail.do?houseManageNo=2026000168&pblancNo=2026000168
ATS-2026-094,2026000167,더샵 송도그란테르 G5-5블록,인천,2026-05-07,14.285714,10~30:1,1,1,2026-07-30,84,150,1,0,1,1,https://www.applyhome.co.kr/ai/aia/selectAPTLttotPblancDetail.do?houseManageNo=2026000167&pblancNo=2026000167
ATS-2026-095,2026000166,더샵 송도그란테르 G5-4블록,인천,2026-05-07,4.731343,1~5:1,1,1,2026-07-30,84,150,1,0,1,1,https://www.applyhome.co.kr/ai/aia/selectAPTLttotPblancDetail.do?houseManageNo=2026000166&pblancNo=2026000166
ATS-2026-096,2026000165,더샵 송도그란테르 G5-3블록,인천,2026-05-07,14.5,10~30:1,1,1,2026-07-30,84,150,1,0,1,1,https://www.applyhome.co.kr/ai/aia/selectAPTLttotPblancDetail.do?houseManageNo=2026000165&pblancNo=2026000165
ATS-2026-097,2026000164,더샵 송도그란테르 G5-1블록,인천,2026-05-07,15.043165,10~30:1,0,0,,,150,1,0,1,0,https://www.applyhome.co.kr/ai/aia/selectAPTLttotPblancDetail.do?houseManageNo=2026000164&pblancNo=2026000164
ATS-2026-098,2026000178,중앙하이츠 원종역,경기,2026-05-08,0.868852,1:1 미만,1,3,2026-06-19,42,149,1,1,1,1,https://www.applyhome.co.kr/ai/aia/selectAPTLttotPblancDetail.do?houseManageNo=2026000178&pblancNo=2026000178
ATS-2026-099,2026000172,두산위브 트리니뷰 구명역,부산,2026-05-08,0.721116,1:1 미만,1,1,2026-06-19,42,149,1,1,1,1,https://www.applyhome.co.kr/ai/aia/selectAPTLttotPblancDetail.do?houseManageNo=2026000172&pblancNo=2026000172
ATS-2026-100,2026000132,청주 한양립스 더 벨루체,충북,2026-05-08,0.223097,1:1 미만,0,0,,,149,1,0,1,0,https://www.applyhome.co.kr/ai/aia/selectAPTLttotPblancDetail.do?houseManageNo=2026000132&pblancNo=2026000132
ATS-2026-101,2026000116,아크로 리버스카이,서울,2026-05-13,19.924242,10~30:1,1,2,2026-07-23,71,144,1,0,1,1,https://www.applyhome.co.kr/ai/aia/selectAPTLttotPblancDetail.do?houseManageNo=2026000116&pblancNo=2026000116
ATS-2026-102,2025000422,오남역 서희스타힐스 여의재 3단지,경기,2026-05-13,1.467742,1~5:1,0,0,,,144,1,0,1,0,https://www.applyhome.co.kr/ai/aia/selectAPTLttotPblancDetail.do?houseManageNo=2025000422&pblancNo=2025000422
ATS-2026-103,2026000188,해운대 마티안 디 에디션,부산,2026-05-14,0.462366,1:1 미만,1,1,2026-07-01,48,143,1,1,1,1,https://www.applyhome.co.kr/ai/aia/selectAPTLttotPblancDetail.do?houseManageNo=2026000188&pblancNo=2026000188
ATS-2026-104,2026000187,엘리프 역곡,경기,2026-05-14,2.48,1~5:1,1,1,2026-06-24,41,143,1,1,1,1,https://www.applyhome.co.kr/ai/aia/selectAPTLttotPblancDetail.do?houseManageNo=2026000187&pblancNo=2026000187
ATS-2026-105,2026000217,동래사적공원 오네뜨,부산,2026-05-15,0.211009,1:1 미만,1,1,2026-06-24,40,142,1,1,1,1,https://www.applyhome.co.kr/ai/aia/selectAPTLttotPblancDetail.do?houseManageNo=2026000217&pblancNo=2026000217
ATS-2026-106,2026000162,검암역자이르네,인천,2026-05-15,1.754617,1~5:1,1,1,2026-06-25,41,142,1,1,1,1,https://www.applyhome.co.kr/ai/aia/selectAPTLttotPblancDetail.do?houseManageNo=2026000162&pblancNo=2026000162
ATS-2026-107,2026000138,힐스테이트 시흥더클래스,경기,2026-05-15,0.334197,1:1 미만,1,1,2026-07-07,53,142,1,1,1,1,https://www.applyhome.co.kr/ai/aia/selectAPTLttotPblancDetail.do?houseManageNo=2026000138&pblancNo=2026000138
ATS-2026-108,2026000120,써밋 더힐,서울,2026-05-15,32.511848,30:1 이상,1,1,2026-06-30,46,142,1,1,1,1,https://www.applyhome.co.kr/ai/aia/selectAPTLttotPblancDetail.do?houseManageNo=2026000120&pblancNo=2026000120
ATS-2026-109,2026000219,호반써밋 풍무Ⅱ,경기,2026-05-22,5.763602,5~10:1,1,1,2026-07-09,48,135,1,1,1,1,https://www.applyhome.co.kr/ai/aia/selectAPTLttotPblancDetail.do?houseManageNo=2026000219&pblancNo=2026000219
ATS-2026-110,2026000205,수원역 아너스빌 타임원,경기,2026-05-22,4.219512,1~5:1,1,2,2026-07-06,45,135,1,1,1,1,https://www.applyhome.co.kr/ai/aia/selectAPTLttotPblancDetail.do?houseManageNo=2026000205&pblancNo=2026000205
ATS-2026-111,2026000173,더 리치먼드 리버센트 소양,강원,2026-05-22,0.4,1:1 미만,1,1,2026-07-03,42,135,1,1,1,1,https://www.applyhome.co.kr/ai/aia/selectAPTLttotPblancDetail.do?houseManageNo=2026000173&pblancNo=2026000173
ATS-2026-112,2026000097,강릉 성보필리오 더센트럴힐즈,강원,2026-05-27,0.020548,1:1 미만,0,0,,,130,1,0,1,0,https://www.applyhome.co.kr/ai/aia/selectAPTLttotPblancDetail.do?houseManageNo=2026000097&pblancNo=2026000097
ATS-2026-113,2026000230,화성동탄2지구 C-27블록 공공분양주택,경기,2026-05-29,,경쟁률 미확인,0,0,,,128,1,0,1,0,https://www.applyhome.co.kr/ai/aia/selectAPTLttotPblancDetail.do?houseManageNo=2026000230&pblancNo=2026000230
ATS-2026-114,2026000184,익산 펠리피아,전북,2026-05-29,0.012259,1:1 미만,0,0,,,128,1,0,1,0,https://www.applyhome.co.kr/ai/aia/selectAPTLttotPblancDetail.do?houseManageNo=2026000184&pblancNo=2026000184
ATS-2026-115,2026000243,호반써밋 첨단3지구(A8BL),전남,2026-06-05,1.033333,1~5:1,0,0,,,121,1,0,1,0,https://www.applyhome.co.kr/ai/aia/selectAPTLttotPblancDetail.do?houseManageNo=2026000243&pblancNo=2026000243
ATS-2026-116,2026000242,호반써밋 첨단3지구(A7BL),광주,2026-06-05,6.246512,5~10:1,0,0,,,121,1,0,1,0,https://www.applyhome.co.kr/ai/aia/selectAPTLttotPblancDetail.do?houseManageNo=2026000242&pblancNo=2026000242
ATS-2026-117,2026000237,평택 고덕 우미 린 프레스티지(Abc-36BL),경기,2026-06-05,1.397188,1~5:1,1,1,2026-07-16,41,121,1,1,1,1,https://www.applyhome.co.kr/ai/aia/selectAPTLttotPblancDetail.do?houseManageNo=2026000237&pblancNo=2026000237
ATS-2026-118,2026000226,백석시그니처자이 2단지,충남,2026-06-05,1.171053,1~5:1,1,1,2026-07-14,39,121,1,1,1,1,https://www.applyhome.co.kr/ai/aia/selectAPTLttotPblancDetail.do?houseManageNo=2026000226&pblancNo=2026000226
ATS-2026-119,2026000225,백석시그니처자이 1단지,충남,2026-06-05,1.045455,1~5:1,1,1,2026-07-14,39,121,1,1,1,1,https://www.applyhome.co.kr/ai/aia/selectAPTLttotPblancDetail.do?houseManageNo=2026000225&pblancNo=2026000225
ATS-2026-120,2026000148,알티에로 광안,부산,2026-06-05,0.134247,1:1 미만,1,1,2026-07-16,41,121,1,1,1,1,https://www.applyhome.co.kr/ai/aia/selectAPTLttotPblancDetail.do?houseManageNo=2026000148&pblancNo=2026000148
ATS-2026-121,2026000258,고덕국제신도시 수자인하우스디,경기,2026-06-11,0.197436,1:1 미만,0,0,,,115,1,0,1,0,https://www.applyhome.co.kr/ai/aia/selectAPTLttotPblancDetail.do?houseManageNo=2026000258&pblancNo=2026000258
ATS-2026-122,2026000248,북오산자이 드포레,경기,2026-06-12,0.156317,1:1 미만,1,2,2026-07-29,47,114,1,1,1,1,https://www.applyhome.co.kr/ai/aia/selectAPTLttotPblancDetail.do?houseManageNo=2026000248&pblancNo=2026000248
ATS-2026-123,2026000235,북서울자이 폴라리스(보류지),서울,2026-06-12,428.5,30:1 이상,0,0,,,114,1,0,1,0,https://www.applyhome.co.kr/ai/aia/selectAPTLttotPblancDetail.do?houseManageNo=2026000235&pblancNo=2026000235
ATS-2026-124,2026000224,힐스테이트 양산더스카이 2단지,경남,2026-06-12,0.581315,1:1 미만,1,1,2026-07-22,40,114,1,1,1,1,https://www.applyhome.co.kr/ai/aia/selectAPTLttotPblancDetail.do?houseManageNo=2026000224&pblancNo=2026000224
ATS-2026-125,2026000223,힐스테이트 양산더스카이 1단지,경남,2026-06-12,1.04059,1~5:1,1,1,2026-07-22,40,114,1,1,1,1,https://www.applyhome.co.kr/ai/aia/selectAPTLttotPblancDetail.do?houseManageNo=2026000223&pblancNo=2026000223
ATS-2026-126,2026000195,더샵 검단레이크파크(AB23BL),인천,2026-06-12,6.906349,5~10:1,0,0,,,114,1,0,1,0,https://www.applyhome.co.kr/ai/aia/selectAPTLttotPblancDetail.do?houseManageNo=2026000195&pblancNo=2026000195
ATS-2026-127,2026000194,더샵 검단레이크파크(AB22BL),인천,2026-06-12,7.146233,5~10:1,0,0,,,114,1,0,1,0,https://www.applyhome.co.kr/ai/aia/selectAPTLttotPblancDetail.do?houseManageNo=2026000194&pblancNo=2026000194
ATS-2026-128,2026000275,장위 푸르지오 마크원,서울,2026-06-19,10.723529,10~30:1,1,2,2026-08-05,47,107,1,1,1,1,https://www.applyhome.co.kr/ai/aia/selectAPTLttotPblancDetail.do?houseManageNo=2026000275&pblancNo=2026000275
ATS-2026-129,2026000273,펜타힐즈 더블유 1단지,경북,2026-06-19,2.385763,1~5:1,1,1,2026-07-29,40,107,1,1,1,1,https://www.applyhome.co.kr/ai/aia/selectAPTLttotPblancDetail.do?houseManageNo=2026000273&pblancNo=2026000273
ATS-2026-130,2026000270,김해 신문 센트럴 아이파크,경남,2026-06-19,1.199013,1~5:1,1,1,2026-07-28,39,107,1,1,1,1,https://www.applyhome.co.kr/ai/aia/selectAPTLttotPblancDetail.do?houseManageNo=2026000270&pblancNo=2026000270
ATS-2026-131,2026000263,신문 대상 웰라움 라시엘,경남,2026-06-19,0.008,1:1 미만,0,0,,,107,1,0,1,0,https://www.applyhome.co.kr/ai/aia/selectAPTLttotPblancDetail.do?houseManageNo=2026000263&pblancNo=2026000263
ATS-2026-132,2026000261,밀양 수자인 더퍼스트 2단지 공공분양주택,경남,2026-06-19,0.190476,1:1 미만,1,1,2026-09-15,88,107,1,0,1,1,https://www.applyhome.co.kr/ai/aia/selectAPTLttotPblancDetail.do?houseManageNo=2026000261&pblancNo=2026000261
ATS-2026-133,2026000260,밀양 수자인 더퍼스트 1단지 공공분양주택,경남,2026-06-19,0.030588,1:1 미만,0,0,,,107,1,0,1,0,https://www.applyhome.co.kr/ai/aia/selectAPTLttotPblancDetail.do?houseManageNo=2026000260&pblancNo=2026000260
ATS-2026-134,2026000241,드파인 아르티아,서울,2026-06-19,18.827586,10~30:1,1,2,2026-08-07,49,107,1,1,1,1,https://www.applyhome.co.kr/ai/aia/selectAPTLttotPblancDetail.do?houseManageNo=2026000241&pblancNo=2026000241
ATS-2026-135,2026000234,에코델타시티 중흥S-클래스 리버시티,부산,2026-06-19,0.078512,1:1 미만,0,0,,,107,1,0,1,0,https://www.applyhome.co.kr/ai/aia/selectAPTLttotPblancDetail.do?houseManageNo=2026000234&pblancNo=2026000234
ATS-2026-136,2026000278,양주 회천지구 A-8BL 로제비앙 엘가,경기,2026-06-22,0.022472,1:1 미만,0,0,,,104,1,0,1,0,https://www.applyhome.co.kr/ai/aia/selectAPTLttotPblancDetail.do?houseManageNo=2026000278&pblancNo=2026000278
ATS-2026-137,2026000272,함안가야 휴니온아르떼,경남,2026-06-22,0.055556,1:1 미만,0,0,,,104,1,0,1,0,https://www.applyhome.co.kr/ai/aia/selectAPTLttotPblancDetail.do?houseManageNo=2026000272&pblancNo=2026000272
ATS-2026-138,2026000289,신제주 동문디이스트 시그니처원Ⅱ,제주,2026-06-23,0.015306,1:1 미만,0,0,,,103,1,0,1,0,https://www.applyhome.co.kr/ai/aia/selectAPTLttotPblancDetail.do?houseManageNo=2026000289&pblancNo=2026000289
ATS-2026-139,2026000288,신제주 동문디이스트 시그니처원Ⅰ,제주,2026-06-23,0.071429,1:1 미만,0,0,,,103,1,0,1,0,https://www.applyhome.co.kr/ai/aia/selectAPTLttotPblancDetail.do?houseManageNo=2026000288&pblancNo=2026000288
ATS-2026-140,2026000271,트리븐 김해,경남,2026-06-26,0.068182,1:1 미만,1,1,2026-08-20,55,100,1,1,1,1,https://www.applyhome.co.kr/ai/aia/selectAPTLttotPblancDetail.do?houseManageNo=2026000271&pblancNo=2026000271
ATS-2026-141,2026000153,동작 센트럴 동문 디 이스트,서울,2026-07-02,114.794118,30:1 이상,0,0,,,94,1,0,1,0,https://www.applyhome.co.kr/ai/aia/selectAPTLttotPblancDetail.do?houseManageNo=2026000153&pblancNo=2026000153
ATS-2026-142,2026000328,센텀 엘카사,울산,2026-07-03,0.027778,1:1 미만,0,0,,,93,1,0,1,0,https://www.applyhome.co.kr/ai/aia/selectAPTLttotPblancDetail.do?houseManageNo=2026000328&pblancNo=2026000328
ATS-2026-143,2026000253,거제 푸르지오 마린피스,경남,2026-07-07,0.055024,1:1 미만,0,0,,,89,1,0,0,,https://www.applyhome.co.kr/ai/aia/selectAPTLttotPblancDetail.do?houseManageNo=2026000253&pblancNo=2026000253
ATS-2026-144,2026000336,평택역 더센트럴45,경기,2026-07-09,0.210526,1:1 미만,0,0,,,87,1,0,0,,https://www.applyhome.co.kr/ai/aia/selectAPTLttotPblancDetail.do?houseManageNo=2026000336&pblancNo=2026000336
ATS-2026-145,2026000329,호반써밋 풍무Ⅲ,경기,2026-07-09,9.184211,5~10:1,1,1,2026-08-26,48,87,1,1,0,,https://www.applyhome.co.kr/ai/aia/selectAPTLttotPblancDetail.do?houseManageNo=2026000329&pblancNo=2026000329
ATS-2026-146,2026000310,남양주 진접 서한이다음(S1BL),경기,2026-07-09,3.028571,1~5:1,1,1,2026-09-03,56,87,1,1,0,,https://www.applyhome.co.kr/ai/aia/selectAPTLttotPblancDetail.do?houseManageNo=2026000310&pblancNo=2026000310
ATS-2026-147,2026000316,오산헤리티지자이 2단지,경기,2026-07-10,0.049575,1:1 미만,0,0,,,86,1,0,0,,https://www.applyhome.co.kr/ai/aia/selectAPTLttotPblancDetail.do?houseManageNo=2026000316&pblancNo=2026000316
ATS-2026-148,2026000315,오산헤리티지자이 1단지,경기,2026-07-10,0.389353,1:1 미만,1,1,2026-08-25,46,86,1,1,0,,https://www.applyhome.co.kr/ai/aia/selectAPTLttotPblancDetail.do?houseManageNo=2026000315&pblancNo=2026000315
ATS-2026-149,2026000312,춘천 리버뷰 아이파크,강원,2026-07-10,2.688995,1~5:1,1,1,2026-08-19,40,86,1,1,0,,https://www.applyhome.co.kr/ai/aia/selectAPTLttotPblancDetail.do?houseManageNo=2026000312&pblancNo=2026000312
ATS-2026-150,2026000301,의왕역 SK VIEW,경기,2026-07-10,6.473958,5~10:1,1,1,2026-08-28,49,86,1,1,0,,https://www.applyhome.co.kr/ai/aia/selectAPTLttotPblancDetail.do?houseManageNo=2026000301&pblancNo=2026000301
ATS-2026-151,2026000276,업성 푸르지오 레이크시티 2단지,충남,2026-07-10,0.124434,1:1 미만,0,0,,,86,1,0,0,,https://www.applyhome.co.kr/ai/aia/selectAPTLttotPblancDetail.do?houseManageNo=2026000276&pblancNo=2026000276
ATS-2026-152,2026000355,월계 중흥S-클래스 리비에르,서울,2026-07-16,48.774194,30:1 이상,0,0,,,80,1,0,0,,https://www.applyhome.co.kr/ai/aia/selectAPTLttotPblancDetail.do?houseManageNo=2026000355&pblancNo=2026000355
ATS-2026-153,2026000291,이천 휴먼빌 클래스원,경기,2026-07-16,0.024436,1:1 미만,1,1,2026-09-11,57,80,1,1,0,,https://www.applyhome.co.kr/ai/aia/selectAPTLttotPblancDetail.do?houseManageNo=2026000291&pblancNo=2026000291
ATS-2026-154,2026000282,창원 한신더휴 메가센텀,경남,2026-07-16,7.659763,5~10:1,1,1,2026-08-27,42,80,1,1,0,,https://www.applyhome.co.kr/ai/aia/selectAPTLttotPblancDetail.do?houseManageNo=2026000282&pblancNo=2026000282
ATS-2026-155,2026000331,센트레빌 아스테리움 거제,경남,2026-07-24,0.102682,1:1 미만,0,0,,,72,1,0,0,,https://www.applyhome.co.kr/ai/aia/selectAPTLttotPblancDetail.do?houseManageNo=2026000331&pblancNo=2026000331
ATS-2026-156,2026000318,더샵 트리센트,부산,2026-07-24,18.294118,10~30:1,1,1,2026-09-10,48,72,1,1,0,,https://www.applyhome.co.kr/ai/aia/selectAPTLttotPblancDetail.do?houseManageNo=2026000318&pblancNo=2026000318
ATS-2026-157,2026000293,리쉐스302,강원,2026-07-24,0.003311,1:1 미만,0,0,,,72,1,0,0,,https://www.applyhome.co.kr/ai/aia/selectAPTLttotPblancDetail.do?houseManageNo=2026000293&pblancNo=2026000293
ATS-2026-158,2026000295,아산테크노밸리 더원 7차 (Ab4BL),충남,2026-07-27,0.009677,1:1 미만,0,0,,,69,1,0,0,,https://www.applyhome.co.kr/ai/aia/selectAPTLttotPblancDetail.do?houseManageNo=2026000295&pblancNo=2026000295
ATS-2026-159,2026000367,한강 푸르지오 리버프론트,경기,2026-07-30,0.643842,1:1 미만,1,1,2026-09-09,41,66,1,1,0,,https://www.applyhome.co.kr/ai/aia/selectAPTLttotPblancDetail.do?houseManageNo=2026000367&pblancNo=2026000367
ATS-2026-160,2026000356,두산위브더제니스 대연,부산,2026-07-30,2.853659,1~5:1,1,1,2026-09-09,41,66,1,1,0,,https://www.applyhome.co.kr/ai/aia/selectAPTLttotPblancDetail.do?houseManageNo=2026000356&pblancNo=2026000356
ATS-2026-161,2026000323,"세종 우미 린 센터파크(행정중심복합도시 5-2생활권 S1블록, 글미마을 9단지)",세종,2026-07-31,17.708333,10~30:1,1,1,2026-10-01,62,65,1,0,0,,https://www.applyhome.co.kr/ai/aia/selectAPTLttotPblancDetail.do?houseManageNo=2026000323&pblancNo=2026000323
ATS-2026-162,2026000376,달서자이 제니크,대구,2026-08-06,0.270588,1:1 미만,0,0,,,59,0,,0,,https://www.applyhome.co.kr/ai/aia/selectAPTLttotPblancDetail.do?houseManageNo=2026000376&pblancNo=2026000376
ATS-2026-163,2026000371,용인반도체클러스터 동일하이빌 파크밸리(D1-1블록),경기,2026-08-07,2.138889,1~5:1,1,1,2026-09-16,40,58,0,,0,,https://www.applyhome.co.kr/ai/aia/selectAPTLttotPblancDetail.do?houseManageNo=2026000371&pblancNo=2026000371
ATS-2026-164,2026000364,써밋 클라비온,서울,2026-08-07,66.783133,30:1 이상,0,0,,,58,0,,0,,https://www.applyhome.co.kr/ai/aia/selectAPTLttotPblancDetail.do?houseManageNo=2026000364&pblancNo=2026000364
ATS-2026-165,2026000358,충정로역자이르네,서울,2026-08-07,44.52381,30:1 이상,1,1,2026-09-28,52,58,0,,0,,https://www.applyhome.co.kr/ai/aia/selectAPTLttotPblancDetail.do?houseManageNo=2026000358&pblancNo=2026000358
ATS-2026-166,2026000382,두산위브더제니스 부천,경기,2026-08-12,0.564278,1:1 미만,1,1,2026-09-16,35,53,0,,0,,https://www.applyhome.co.kr/ai/aia/selectAPTLttotPblancDetail.do?houseManageNo=2026000382&pblancNo=2026000382
ATS-2026-167,2026000377,의왕역 한신더휴,경기,2026-08-13,6.530612,5~10:1,0,0,,,52,0,,0,,https://www.applyhome.co.kr/ai/aia/selectAPTLttotPblancDetail.do?houseManageNo=2026000377&pblancNo=2026000377
ATS-2026-168,2026000365,오남역 서희스타힐스 여의재 1단지,경기,2026-08-13,0.383562,1:1 미만,1,1,2026-10-01,49,52,0,,0,,https://www.applyhome.co.kr/ai/aia/selectAPTLttotPblancDetail.do?houseManageNo=2026000365&pblancNo=2026000365
ATS-2026-169,2026000383,포레나힐스테이트 진주,경남,2026-08-14,21.148352,10~30:1,0,0,,,51,0,,0,,https://www.applyhome.co.kr/ai/aia/selectAPTLttotPblancDetail.do?houseManageNo=2026000383&pblancNo=2026000383
ATS-2026-170,2026000372,쌍용 더 플래티넘 서대문,서울,2026-08-14,39.714286,30:1 이상,0,0,,,51,0,,0,,https://www.applyhome.co.kr/ai/aia/selectAPTLttotPblancDetail.do?houseManageNo=2026000372&pblancNo=2026000372
ATS-2026-171,2026000368,아르티엠 라 테라스,전북,2026-08-14,0.22069,1:1 미만,0,0,,,51,0,,0,,https://www.applyhome.co.kr/ai/aia/selectAPTLttotPblancDetail.do?houseManageNo=2026000368&pblancNo=2026000368
ATS-2026-172,2026000354,상동역 롯데캐슬 시그니처,경기,2026-08-14,1.677083,1~5:1,0,0,,,51,0,,0,,https://www.applyhome.co.kr/ai/aia/selectAPTLttotPblancDetail.do?houseManageNo=2026000354&pblancNo=2026000354
ATS-2026-173,2026000342,제일풍경채 첨단3지구(A6BL),광주,2026-08-14,0.768293,1:1 미만,1,1,2026-09-22,39,51,0,,0,,https://www.applyhome.co.kr/ai/aia/selectAPTLttotPblancDetail.do?houseManageNo=2026000342&pblancNo=2026000342
ATS-2026-174,2026000404,검암역 푸르지오 프라베뉴 (B-1BL) 공공분양주택,인천,2026-08-21,18.95614,10~30:1,0,0,,,44,0,,0,,https://www.applyhome.co.kr/ai/aia/selectAPTLttotPblancDetail.do?houseManageNo=2026000404&pblancNo=2026000404
ATS-2026-175,2026000388,시티오씨엘 9단지 오션파크뷰,인천,2026-08-21,0.437358,1:1 미만,0,0,,,44,0,,0,,https://www.applyhome.co.kr/ai/aia/selectAPTLttotPblancDetail.do?houseManageNo=2026000388&pblancNo=2026000388
ATS-2026-176,2026000416,양주회천지구 A-26블록 공공분양주택,경기,2026-08-27,,경쟁률 미확인,0,0,,,38,0,,0,,https://www.applyhome.co.kr/ai/aia/selectAPTLttotPblancDetail.do?houseManageNo=2026000416&pblancNo=2026000416
ATS-2026-177,2026000399,브라운스톤 월곡 센트럴,서울,2026-08-28,61.925926,30:1 이상,0,0,,,37,0,,0,,https://www.applyhome.co.kr/ai/aia/selectAPTLttotPblancDetail.do?houseManageNo=2026000399&pblancNo=2026000399
ATS-2026-178,2026000419,올 뉴 챔피언스시티 1차,광주,2026-09-02,1.014325,1~5:1,0,0,,,32,0,,0,,https://www.applyhome.co.kr/ai/aia/selectAPTLttotPblancDetail.do?houseManageNo=2026000419&pblancNo=2026000419
ATS-2026-179,2026000403,그랑라크 에일린의 뜰,울산,2026-09-02,1.019648,1~5:1,0,0,,,32,0,,0,,https://www.applyhome.co.kr/ai/aia/selectAPTLttotPblancDetail.do?houseManageNo=2026000403&pblancNo=2026000403
ATS-2026-180,2026000394,더샵 여주역더퍼스트,경기,2026-09-03,0.135766,1:1 미만,0,0,,,31,0,,0,,https://www.applyhome.co.kr/ai/aia/selectAPTLttotPblancDetail.do?houseManageNo=2026000394&pblancNo=2026000394
ATS-2026-181,2026000202,대전 경남아너스빌 센텀스카이,대전,2026-09-03,0.214286,1:1 미만,0,0,,,31,0,,0,,https://www.applyhome.co.kr/ai/aia/selectAPTLttotPblancDetail.do?houseManageNo=2026000202&pblancNo=2026000202
ATS-2026-182,2026000426,천안 아이파크 시티 4단지,충남,2026-09-04,0.166018,1:1 미만,0,0,,,30,0,,0,,https://www.applyhome.co.kr/ai/aia/selectAPTLttotPblancDetail.do?houseManageNo=2026000426&pblancNo=2026000426
ATS-2026-183,2026000423,두정역 푸르지오 그랑피크,충남,2026-09-04,0.131693,1:1 미만,0,0,,,30,0,,0,,https://www.applyhome.co.kr/ai/aia/selectAPTLttotPblancDetail.do?houseManageNo=2026000423&pblancNo=2026000423
ATS-2026-184,2026000422,천안 아이파크 시티 3단지,충남,2026-09-04,0.23031,1:1 미만,0,0,,,30,0,,0,,https://www.applyhome.co.kr/ai/aia/selectAPTLttotPblancDetail.do?houseManageNo=2026000422&pblancNo=2026000422
ATS-2026-185,2026000314,중동역 다채로움 더원,경기,2026-09-10,1.923077,1~5:1,0,0,,,24,0,,0,,https://www.applyhome.co.kr/ai/aia/selectAPTLttotPblancDetail.do?houseManageNo=2026000314&pblancNo=2026000314
ATS-2026-186,2026000449,화서역 호수공원 아너스빌,경기,2026-09-11,0.745547,1:1 미만,0,0,,,23,0,,0,,https://www.applyhome.co.kr/ai/aia/selectAPTLttotPblancDetail.do?houseManageNo=2026000449&pblancNo=2026000449
ATS-2026-187,2026000441,문수로 비스타 더파크,울산,2026-09-11,0.979719,1:1 미만,0,0,,,23,0,,0,,https://www.applyhome.co.kr/ai/aia/selectAPTLttotPblancDetail.do?houseManageNo=2026000441&pblancNo=2026000441
ATS-2026-188,2026000438,힐스테이트 고덕엘리스트 A65BL 공공분양주택,경기,2026-09-11,0.090686,1:1 미만,0,0,,,23,0,,0,,https://www.applyhome.co.kr/ai/aia/selectAPTLttotPblancDetail.do?houseManageNo=2026000438&pblancNo=2026000438
ATS-2026-189,2026000437,힐스테이트 고덕엘리스트 A12BL 공공분양주택,경기,2026-09-11,0.127803,1:1 미만,0,0,,,23,0,,0,,https://www.applyhome.co.kr/ai/aia/selectAPTLttotPblancDetail.do?houseManageNo=2026000437&pblancNo=2026000437
ATS-2026-190,2026000103,더샵 분당하이스트,경기,2026-09-11,9.088235,5~10:1,0,0,,,23,0,,0,,https://www.applyhome.co.kr/ai/aia/selectAPTLttotPblancDetail.do?houseManageNo=2026000103&pblancNo=2026000103
ATS-2026-191,2026000453,광명 시티프라디움 에듀하임,경기,2026-09-18,1.684982,1~5:1,0,0,,,16,0,,0,,https://www.applyhome.co.kr/ai/aia/selectAPTLttotPblancDetail.do?houseManageNo=2026000453&pblancNo=2026000453
ATS-2026-192,2026000448,숭의역 노르웨이숲 더 스카이,인천,2026-09-18,0.62069,1:1 미만,0,0,,,16,0,,0,,https://www.applyhome.co.kr/ai/aia/selectAPTLttotPblancDetail.do?houseManageNo=2026000448&pblancNo=2026000448
ATS-2026-193,2026000446,진주 판문지구 레이크써밋 웰가,경남,2026-09-18,34.945087,30:1 이상,0,0,,,16,0,,0,,https://www.applyhome.co.kr/ai/aia/selectAPTLttotPblancDetail.do?houseManageNo=2026000446&pblancNo=2026000446
ATS-2026-194,2026000445,삼천 하늘채 라비엘,전북,2026-09-18,14.784314,10~30:1,0,0,,,16,0,,0,,https://www.applyhome.co.kr/ai/aia/selectAPTLttotPblancDetail.do?houseManageNo=2026000445&pblancNo=2026000445
ATS-2026-195,2026000443,에코델타시티 금강펜테리움 에코리버,부산,2026-09-18,0.022989,1:1 미만,0,0,,,16,0,,0,,https://www.applyhome.co.kr/ai/aia/selectAPTLttotPblancDetail.do?houseManageNo=2026000443&pblancNo=2026000443
ATS-2026-196,2026000424,쌍용 더 플래티넘 센텀,부산,2026-09-18,0.586957,1:1 미만,0,0,,,16,0,,0,,https://www.applyhome.co.kr/ai/aia/selectAPTLttotPblancDetail.do?houseManageNo=2026000424&pblancNo=2026000424