house_manage_no,project_name,region,broad_region,initial_announcement_date,total_supply_households,project_max_price_10k_krw,initial_contract_rate_pct,first_contract_payment_10k_krw,days_to_second_contract_payment,initial_interim_rate_pct,initial_financing_support_rate_pct,explicit_self_pay_interim_rate_pct,initial_balance_rate_pct,financing_method,initial_cash_required_10k_krw,pre_movein_direct_cash_10k_krw,pre_movein_direct_cash_ratio_pct,later_promo_condition,verification_status,source_quality,publication_ready,verification_note,source_notice_url,evidence_url,verified_date,direct_cash_calc_eligible
2026000008,경산 상방공원 호반써밋 1단지,경북,비수도권,2026-02-26,1004,61620,10,500,30,60,60,0,30,중도금 60% 무이자,500.0,6162.0,10.0,,schedule_and_financing_verified,project/official,yes,1차 계약금 500만원.,https://www.applyhome.co.kr/ai/aia/selectAPTLttotPblancDetail.do?houseManageNo=2026000008&pblancNo=2026000008,https://www.applyhome.co.kr/ai/aia/selectAPTLttotPblancDetail.do?houseManageNo=2026000008&pblancNo=2026000008,2026-10-05,yes
2026000017,쌍용 더 플래티넘 온수역,경기,수도권,2026-02-13,230,113760,5,1000,30,60,60,0,35,중도금 60% 이자후불제,1000.0,5688.0,5.0,,schedule_and_financing_verified,official_pdf,yes,공고상 중도금 대출 이자후불제.,https://www.applyhome.co.kr/ai/aia/selectAPTLttotPblancDetail.do?houseManageNo=2026000017&pblancNo=2026000017,https://www.applyhome.co.kr/ai/aia/selectAPTLttotPblancDetail.do?houseManageNo=2026000017&pblancNo=2026000017,2026-10-05,yes
2026000058,오티에르 반포,서울,수도권,2026-03-31,86,366890,20,,,20,0,20,60,사업주체 중도금 대출 알선 없음,73378.0,146756.0,40.0,,schedule_and_financing_verified,official_pdf,yes,후분양. 계약금 20%+중도금 20% 직접조달.,https://www.applyhome.co.kr/ai/aia/selectAPTLttotPblancDetail.do?houseManageNo=2026000058&pblancNo=2026000058,https://www.applyhome.co.kr/ai/aia/selectAPTLttotPblancDetail.do?houseManageNo=2026000058&pblancNo=2026000058,2026-10-05,yes
2026000048,이촌 르엘,서울,수도권,2026-03-30,88,330400,20,,,60,40,20,20,중도금 40% 알선·이자 직접납부 + 20% 자납,66080.0,132160.0,40.0,,schedule_and_financing_verified,official_pdf,yes,입주 전 직접자금=계약금 20%+자납 중도금 20%.,https://www.applyhome.co.kr/ai/aia/selectAPTLttotPblancDetail.do?houseManageNo=2026000048&pblancNo=2026000048,https://www.applyhome.co.kr/ai/aia/selectAPTLttotPblancDetail.do?houseManageNo=2026000048&pblancNo=2026000048,2026-10-05,yes
2026000070,힐스테이트 안양펠루스,경기,수도권,2026-03-27,55,86350,10,500,7,0,0,0,90,중도금 없음,500.0,8635.0,10.0,,schedule_and_financing_verified,official_pdf,yes,"공식 모집공고 기준 계약금 10%, 중도금 없음, 잔금 90%. 1차 계약금 500만원, 잔여 계약금 7일 이내.",https://www.applyhome.co.kr/ai/aia/selectAPTLttotPblancDetail.do?houseManageNo=2026000070&pblancNo=2026000070,https://www.applyhome.co.kr/,2026-10-05,yes
2026000075,창원자이 더 스카이,경남,비수도권,2026-03-20,509,124100,10,,,60,60,0,30,중도금 60% 이자후불제,12410.0,12410.0,10.0,,schedule_and_financing_verified,official_pdf,yes,"초기 공고 기준 10/60/30, 계약금 5%+5% 분할.",https://www.applyhome.co.kr/ai/aia/selectAPTLttotPblancDetail.do?houseManageNo=2026000075&pblancNo=2026000075,https://www.applyhome.co.kr/ai/aia/selectAPTLttotPblancDetail.do?houseManageNo=2026000075&pblancNo=2026000075,2026-10-05,yes
2026000023,더샵 프리엘라,서울,수도권,2026-03-12,138,179888,10,,,60,40,20,30,중도금 40% 이자후불제 + 20% 자납,17988.8,53966.4,30.0,,schedule_and_financing_verified,notice_based_secondary,yes_with_secondary_source,"초기 10/60/30. 중도금 60% 중 40% 이자후불 금융지원, 20% 자납.",https://www.applyhome.co.kr/ai/aia/selectAPTLttotPblancDetail.do?houseManageNo=2026000023&pblancNo=2026000023,https://www.applyhome.co.kr/ai/aia/selectAPTLttotPblancDetail.do?houseManageNo=2026000023&pblancNo=2026000023,2026-10-05,yes
2026000038,상주자이르네,경북,비수도권,2026-03-09,773,98370,5,500,,60,60,0,35,중도금 60% 무이자(융자 알선 예정),500.0,4918.5,5.0,,schedule_and_financing_verified,official_notice,yes,"모집공고: 계약금 5%, 1차 500만원, 중도금 60% 무이자, 잔금35%.",https://www.applyhome.co.kr/ai/aia/selectAPTLttotPblancDetail.do?houseManageNo=2026000038&pblancNo=2026000038,https://www.applyhome.co.kr/ai/aia/selectAPTLttotPblancDetail.do?houseManageNo=2026000038&pblancNo=2026000038,2026-10-05,yes
2026000288,신제주 동문디이스트 시그니처원Ⅰ,제주,비수도권,2026-06-23,182,239168,10,,,60,60,0,30,중도금 60% 이자후불제,23916.8,23916.8,10.0,,schedule_and_financing_verified,notice_based_secondary,yes_with_secondary_source,"공고 기반 시장자료에서 계약금 10%, 중도금 60% 이자후불제, 잔금 30% 확인.",https://www.applyhome.co.kr/ai/aia/selectAPTLttotPblancDetail.do?houseManageNo=2026000288&pblancNo=2026000288,https://www.sangga114.co.kr/document/news_column_detail?documentSrl=27909,2026-10-05,yes
2026000275,장위 푸르지오 마크원,서울,수도권,2026-06-19,1032,217140,10,1000,30,60,40,20,30,중도금 40% 대출 알선·이자후불 + 20% 자납,1000.0,65142.0,30.0,,schedule_and_financing_verified,official_pdf,yes,공고 기준.,https://www.applyhome.co.kr/ai/aia/selectAPTLttotPblancDetail.do?houseManageNo=2026000275&pblancNo=2026000275,https://www.applyhome.co.kr/ai/aia/selectAPTLttotPblancDetail.do?houseManageNo=2026000275&pblancNo=2026000275,2026-10-05,yes
2026000273,펜타힐즈 더블유 1단지,경북,비수도권,2026-06-19,1712,135980,10,3000,30,60,60,0,30,중도금 60% 무이자 대출 알선,3000.0,13598.0,10.0,,schedule_and_financing_verified,notice_based_secondary,yes_with_secondary_source,"프로젝트 최고가 대형타입 기준 1차 계약금 3,000만원. 타입별 1차 계약금 정액이 다름.",https://www.applyhome.co.kr/ai/aia/selectAPTLttotPblancDetail.do?houseManageNo=2026000273&pblancNo=2026000273,https://www.applyhome.co.kr/ai/aia/selectAPTLttotPblancDetail.do?houseManageNo=2026000273&pblancNo=2026000273,2026-10-05,yes
2026000270,김해 신문 센트럴 아이파크,경남,비수도권,2026-06-19,1379,70430,5,500,30,60,60,0,35,중도금 60% 무이자,500.0,3521.5,5.0,,schedule_and_financing_verified,official_pdf,yes,1차 계약금 500만원.,https://www.applyhome.co.kr/ai/aia/selectAPTLttotPblancDetail.do?houseManageNo=2026000270&pblancNo=2026000270,https://www.applyhome.co.kr/ai/aia/selectAPTLttotPblancDetail.do?houseManageNo=2026000270&pblancNo=2026000270,2026-10-05,yes
2026000224,힐스테이트 양산더스카이 2단지,경남,비수도권,2026-06-12,299,109800,5,500,15,60,60,0,35,중도금 60% 무이자,500.0,5490.0,5.0,,schedule_and_financing_verified,official_pdf,yes,"계약금5%, 1차500만원, 잔액15일 내, 중도금 무이자.",https://www.applyhome.co.kr/ai/aia/selectAPTLttotPblancDetail.do?houseManageNo=2026000224&pblancNo=2026000224,https://www.applyhome.co.kr/ai/aia/selectAPTLttotPblancDetail.do?houseManageNo=2026000224&pblancNo=2026000224,2026-10-05,yes
2026000223,힐스테이트 양산더스카이 1단지,경남,비수도권,2026-06-12,299,113300,5,500,15,60,60,0,35,중도금 60% 무이자,500.0,5665.0,5.0,,schedule_and_financing_verified,project_plus_secondary,yes,"1·2단지 공통 분양조건 자료에서 5/60/35, 1차500만원, 중도금 무이자 확인.",https://www.applyhome.co.kr/ai/aia/selectAPTLttotPblancDetail.do?houseManageNo=2026000223&pblancNo=2026000223,https://www.applyhome.co.kr/ai/aia/selectAPTLttotPblancDetail.do?houseManageNo=2026000223&pblancNo=2026000223,2026-10-05,yes
2026000226,백석시그니처자이 2단지,충남,비수도권,2026-06-05,320,58390,10,,,60,60,0,30,중도금 60% 이자후불제 알선 예정,5839.0,5839.0,10.0,"후속 판매조건: 계약금5%, 1차500만원 등 조건 변경 확인",schedule_and_financing_verified,notice_based_secondary,yes_with_secondary_source,초기 모집공고는 10/60/30 및 중도금 이자후불제. 후속 판촉은 별도.,https://www.applyhome.co.kr/ai/aia/selectAPTLttotPblancDetail.do?houseManageNo=2026000226&pblancNo=2026000226,https://www.applyhome.co.kr/ai/aia/selectAPTLttotPblancDetail.do?houseManageNo=2026000226&pblancNo=2026000226,2026-10-05,yes
2026000225,백석시그니처자이 1단지,충남,비수도권,2026-06-05,854,94010,10,,,60,60,0,30,중도금 60% 이자후불제 알선 예정,9401.0,9401.0,10.0,"후속 판매조건: 계약금5%, 1차500만원 등 조건 변경 확인",schedule_and_financing_verified,notice_based_secondary,yes_with_secondary_source,초기 모집공고는 10/60/30 및 중도금 이자후불제. 후속 판촉은 별도.,https://www.applyhome.co.kr/ai/aia/selectAPTLttotPblancDetail.do?houseManageNo=2026000225&pblancNo=2026000225,https://www.applyhome.co.kr/ai/aia/selectAPTLttotPblancDetail.do?houseManageNo=2026000225&pblancNo=2026000225,2026-10-05,yes
2026000173,더 리치먼드 리버센트 소양,강원,비수도권,2026-05-22,178,58890,5,,,60,60,0,35,중도금 60% 전액 무이자,2944.5,2944.5,5.0,,schedule_and_financing_verified,project_secondary,yes,5/60/35 및 중도금 전액 무이자 조건 확인.,https://www.applyhome.co.kr/ai/aia/selectAPTLttotPblancDetail.do?houseManageNo=2026000173&pblancNo=2026000173,https://www.ziproad.co.kr/listing/chuncheon-richmond-rivercent-soyang,2026-10-05,yes
2026000116,아크로 리버스카이,서울,수도권,2026-05-13,285,492800,10,,,60,40,20,30,중도금 40% 대출 + 20% 자납,49280.0,147840.0,30.0,,schedule_and_financing_verified,official_project,yes,중도금 5·6회차 자납 표시 확인.,https://www.applyhome.co.kr/ai/aia/selectAPTLttotPblancDetail.do?houseManageNo=2026000116&pblancNo=2026000116,https://www.applyhome.co.kr/ai/aia/selectAPTLttotPblancDetail.do?houseManageNo=2026000116&pblancNo=2026000116,2026-10-05,yes
2026000089,강릉 우미 린 더 프리미어,강원,비수도권,2026-04-17,772,79550,5,500,15,60,60,0,35,중도금 60% 무이자,500.0,3977.5,5.0,,schedule_and_financing_verified,official_pdf,yes,"5/60/35, 1차500만원, 잔액15일 내, 중도금 무이자.",https://www.applyhome.co.kr/ai/aia/selectAPTLttotPblancDetail.do?houseManageNo=2026000089&pblancNo=2026000089,https://www.applyhome.co.kr/ai/aia/selectAPTLttotPblancDetail.do?houseManageNo=2026000089&pblancNo=2026000089,2026-10-05,yes
2026000087,청주 푸르지오 씨엘리체,충북,비수도권,2026-04-10,1351,67500,10,1000,30,60,60,0,30,중도금 60% 이자후불제 알선 예정,1000.0,6750.0,10.0,,schedule_and_financing_verified,official_pdf,yes,"공식 모집공고: 10/60/30, 1차 계약금 1,000만원, 잔액 1개월 내. 중도금 60% 범위 이자후불제 알선 예정.",https://www.applyhome.co.kr/ai/aia/selectAPTLttotPblancDetail.do?houseManageNo=2026000087&pblancNo=2026000087,https://www.applyhome.co.kr/ai/aia/selectAPTLttotPblancDetail.do?houseManageNo=2026000087&pblancNo=2026000087,2026-10-05,yes
2026000069,야목역 서희스타힐스 그랜드힐,경기,수도권,2026-04-06,241,57600,5,500,,60,60,0,35,중도금 60% 전액 무이자,500.0,2880.0,5.0,,schedule_and_financing_verified,major_news,yes_with_secondary_source,"주요 부동산 보도에서 계약금 5%, 1차 500만원, 중도금 60% 전액 무이자 확인.",https://www.applyhome.co.kr/ai/aia/selectAPTLttotPblancDetail.do?houseManageNo=2026000069&pblancNo=2026000069,https://realty.chosun.com/site/data/html_dir/2026/04/16/2026041601717.html,2026-10-05,yes
2026000101,온천장 하늘채 엘리시움,부산,비수도권,2026-04-03,129,82000,5,,,60,60,0,35,중도금 60% 무이자,4100.0,4100.0,5.0,,schedule_and_financing_verified,official_pdf+secondary,yes,공식 모집공고 납부구조 5/60/35 확인. 보조자료에서 중도금 60% 무이자 조건 확인.,https://www.applyhome.co.kr/ai/aia/selectAPTLttotPblancDetail.do?houseManageNo=2026000101&pblancNo=2026000101,https://www.applyhome.co.kr/ai/aia/selectAPTLttotPblancDetail.do?houseManageNo=2026000101&pblancNo=2026000101,2026-10-05,yes
2026000086,업성 푸르지오 레이크시티,충남,비수도권,2026-04-03,1460,77920,5,1000,30,60,60,0,35,중도금 60% 대출 알선 예정(대주단 미선정),1000.0,3896.0,5.0,,schedule_and_financing_verified,official_pdf,yes,"공식 정정공고에서 5/60/35, 1차1,000만원, 잔액1개월 내 확인. 기존 금융알선 근거와 결합.",https://www.applyhome.co.kr/ai/aia/selectAPTLttotPblancDetail.do?houseManageNo=2026000086&pblancNo=2026000086,https://www.applyhome.co.kr/ai/aia/selectAPTLttotPblancDetail.do?houseManageNo=2026000086&pblancNo=2026000086,2026-10-05,yes
2026000071,르네오션 고성 퍼스트뷰,강원,비수도권,2026-04-03,263,234600,5,,,60,60,0,35,중도금 60% 무이자,11730.0,11730.0,5.0,,schedule_and_financing_verified,official_project,yes,공식 사업지 안내에서 5/60/35와 중도금 무이자 확인.,https://www.applyhome.co.kr/ai/aia/selectAPTLttotPblancDetail.do?houseManageNo=2026000071&pblancNo=2026000071,https://www.applyhome.co.kr/ai/aia/selectAPTLttotPblancDetail.do?houseManageNo=2026000071&pblancNo=2026000071,2026-10-05,yes
2026000446,진주 판문지구 레이크써밋 웰가,경남,비수도권,2026-09-18,690,139500,10,1000,30,60,60,0,30,중도금 60% 이자후불제 알선,1000.0,13950.0,10.0,,schedule_and_financing_verified,notice_based_secondary,yes_with_secondary_source,"10/60/30, 1차1,000만원, 잔액30일 이내, 중도금 이자후불제.",https://www.applyhome.co.kr/ai/aia/selectAPTLttotPblancDetail.do?houseManageNo=2026000446&pblancNo=2026000446,https://apttoyou.kr/lakesummit/price,2026-10-05,yes
2026000419,올 뉴 챔피언스시티 1차,광주,비수도권,2026-09-02,3216,316000,5,,,60,60,0,35,중도금 60% 대출 실행 가정/금융알선 확인,15800.0,15800.0,5.0,,schedule_and_financing_verified,notice_based_secondary,yes_with_secondary_source,"계약금5%, 중도금6회 60%, 잔금35% 구조와 중도금 대출 스케줄 확인.",https://www.applyhome.co.kr/ai/aia/selectAPTLttotPblancDetail.do?houseManageNo=2026000419&pblancNo=2026000419,https://bunyanggak.com/gwangju-all-new-champions-city-1st/loan,2026-10-05,yes
2026000399,브라운스톤 월곡 센트럴,서울,수도권,2026-08-28,62,107500,10,,,60,40,20,30,중도금 40% 이자후불제 + 20% 자납,10750.0,32250.0,30.0,,schedule_and_financing_verified,notice_based_secondary,yes_with_secondary_source,"10/60/30. 사업주체 대출알선 40%, 중도금 20% 자납.",https://www.applyhome.co.kr/ai/aia/selectAPTLttotPblancDetail.do?houseManageNo=2026000399&pblancNo=2026000399,https://www.bunyanggak.com/wolgok-brownstone-central/loan,2026-10-05,yes
2026000404,검암역 푸르지오 프라베뉴 (B-1BL) 공공분양주택,인천,수도권,2026-08-21,441,63910,10,,15,60,60,0,30,중도금 60% 이자후불제 알선,6391.0,6391.0,10.0,,schedule_and_financing_verified,notice_based_secondary,yes_with_secondary_source,"계약금 5%+5%, 중도금60%, 잔금30%, 중도금 60% 이자후불제.",https://www.applyhome.co.kr/ai/aia/selectAPTLttotPblancDetail.do?houseManageNo=2026000404&pblancNo=2026000404,https://www.bunyanggak.com/geomam-prugio-pravenue/loan,2026-10-05,yes
2026000383,포레나힐스테이트 진주,경남,비수도권,2026-08-14,398,57700,5,1000,30,60,60,0,35,중도금 60% 이자후불제 알선 예정,1000.0,2885.0,5.0,,schedule_and_financing_verified,notice_based_secondary,yes_with_secondary_source,"공고문 페이지 기반 정리: 5/60/35, 1차 계약금 1,000만원, 2차 30일 내, 중도금 60% 이자후불제.",https://www.applyhome.co.kr/ai/aia/selectAPTLttotPblancDetail.do?houseManageNo=2026000383&pblancNo=2026000383,https://jugeo.co.kr/sale-announcements/b37169f6-0446-46a1-a417-87d7e742cbd3,2026-10-05,yes
2026000372,쌍용 더 플래티넘 서대문,서울,수도권,2026-08-14,62,137330,10,,,60,40,20,30,중도금 40% 알선 + 20% 자납,13733.0,41199.0,30.0,,schedule_and_financing_verified,notice_based_secondary,yes_with_secondary_source,"10/60/30. 사업주체 중도금 알선 범위 40%, 나머지20% 자납.",https://www.applyhome.co.kr/ai/aia/selectAPTLttotPblancDetail.do?houseManageNo=2026000372&pblancNo=2026000372,https://codingzero.tistory.com/entry/ssangyong-the-platinum-seodaemun-price-cash-plan-2026,2026-10-05,yes
2026000382,두산위브더제니스 부천,경기,수도권,2026-08-12,1158,118200,5,,,60,60,0,35,중도금 60% 대출 일정 확인,5910.0,5910.0,5.0,,schedule_and_financing_verified,notice_based_secondary,yes_with_secondary_source,"5/60/35, 중도금 6회 대출 스케줄 확인.",https://www.applyhome.co.kr/ai/aia/selectAPTLttotPblancDetail.do?houseManageNo=2026000382&pblancNo=2026000382,https://www.bunyanggak.com/weve-the-zenith-bucheon/loan,2026-10-05,yes
2026000371,용인반도체클러스터 동일하이빌 파크밸리(D1-1블록),경기,수도권,2026-08-07,589,53400,5,,,60,60,0,35,중도금 60% 대출 일정 확인,2670.0,2670.0,5.0,,schedule_and_financing_verified,notice_based_secondary,yes_with_secondary_source,5/60/35 및 중도금 대출 일정 확인.,https://www.applyhome.co.kr/ai/aia/selectAPTLttotPblancDetail.do?houseManageNo=2026000371&pblancNo=2026000371,https://www.bunyanggak.com/yongin-semiconductor-cluster-dongil-highville-parkvalley/loan,2026-10-05,yes
2026000364,써밋 클라비온,서울,수도권,2026-08-07,176,186630,10,,,60,40,20,30,중도금 40% 이자후불제 + 20% 자납,18663.0,55989.0,30.0,,schedule_and_financing_verified,notice_based_secondary,yes_with_secondary_source,"모집공고 기반 정리: 10/60/30, 중도금 중 40% 금융알선·이자후불, 20% 자납.",https://www.applyhome.co.kr/ai/aia/selectAPTLttotPblancDetail.do?houseManageNo=2026000364&pblancNo=2026000364,https://www.applyhome.co.kr/ai/aia/selectAPTLttotPblancDetail.do?houseManageNo=2026000364&pblancNo=2026000364,2026-10-05,yes
2026000358,충정로역자이르네,서울,수도권,2026-08-07,186,245500,10,5000,15,60,40,20,30,중도금 40% 이자후불제 알선 + 20% 자납,5000.0,73650.0,30.0,,schedule_and_financing_verified,notice_based_secondary,yes_with_secondary_source,"10/60/30. 1차 계약금5,000만원, 잔액15일 내. 중도금 알선 40%, 20% 자납.",https://www.applyhome.co.kr/ai/aia/selectAPTLttotPblancDetail.do?houseManageNo=2026000358&pblancNo=2026000358,https://www.bunyanggak.com/chungjeongno-xi-rene/loan,2026-10-05,yes
2026000318,더샵 트리센트,부산,비수도권,2026-07-24,156,84900,5,1000,30,60,60,0,35,중도금 60% 이자후불제,1000.0,4245.0,5.0,,schedule_and_financing_verified,notice_based_secondary,yes_with_secondary_source,"5/60/35, 1차1,000만원, 잔액30일 내, 중도금 이자후불.",https://www.applyhome.co.kr/ai/aia/selectAPTLttotPblancDetail.do?houseManageNo=2026000318&pblancNo=2026000318,https://ireumkuk.co.kr/apt/%EB%8D%94%EC%83%B5-%ED%8A%B8%EB%A6%AC%EC%84%BC%ED%8A%B8/,2026-10-05,yes
2026000293,리쉐스302,강원,비수도권,2026-07-24,302,172530,10,1000,30,60,60,0,30,중도금 60% 이자후불제 알선,1000.0,17253.0,10.0,,schedule_and_financing_verified,official_notice,yes,"정정 모집공고 10/60/30, 1차1,000만원, 잔액30일 내, 중도금 60% 이자후불제.",https://www.applyhome.co.kr/ai/aia/selectAPTLttotPblancDetail.do?houseManageNo=2026000293&pblancNo=2026000293,https://www.scribd.com/document/1076383845/2026-07-31-%EC%A0%95%EC%A0%95-2026000293-%EB%A6%AC%EC%89%90%EC%8A%A4302-%EC%9E%85%EC%A3%BC%EC%9E%90%EB%AA%A8%EC%A7%91%EA%B3%B5%EA%B3%A0%EB%AC%B8,2026-10-05,yes
2026000291,이천 휴먼빌 클래스원,경기,수도권,2026-07-16,536,57440,5,500,30,60,60,0,35,중도금 60% 알선 안내(무이자 보도/2차자료 존재),500.0,2872.0,5.0,,schedule_and_financing_verified,notice_based_secondary,yes_with_secondary_source,"5/60/35, 1차500만원, 잔액1개월 내. 공고 데이터에서 60% 알선 안내 확인.",https://www.applyhome.co.kr/ai/aia/selectAPTLttotPblancDetail.do?houseManageNo=2026000291&pblancNo=2026000291,https://aptcalc.pages.dev/icheon-humanvill-class-one/,2026-10-05,yes
2026000312,춘천 리버뷰 아이파크,강원,비수도권,2026-07-10,262,56800,10,1000,,60,60,0,30,중도금 60% 무이자 대출 지원/알선,1000.0,5680.0,10.0,,schedule_and_financing_verified,notice_based_secondary+major_news,yes_with_secondary_source,"공고 기반 정리와 언론 보도에서 10/60/30, 1차 계약금 1,000만원, 중도금 60% 무이자 조건 확인.",https://www.applyhome.co.kr/ai/aia/selectAPTLttotPblancDetail.do?houseManageNo=2026000312&pblancNo=2026000312,https://www.newspim.com/news/view/20260909000404,2026-10-05,yes
2026000329,호반써밋 풍무Ⅲ,경기,수도권,2026-07-09,660,76250,10,1000,30,60,60,0,30,중도금 60% 이자후불제 알선,1000.0,7625.0,10.0,,schedule_and_financing_verified,notice_based_secondary,yes_with_secondary_source,"모집공고 기반 정리: 계약금 10%(1차 1,000만원), 중도금 60% 이자후불제, 잔금 30%.",https://www.applyhome.co.kr/ai/aia/selectAPTLttotPblancDetail.do?houseManageNo=2026000329&pblancNo=2026000329,https://daily2ssue.tistory.com/14?category=1317661,2026-10-05,yes
2026000328,센텀 엘카사,울산,비수도권,2026-07-03,74,39000,10,,,0,0,0,90,중도금 없음,3900.0,3900.0,10.0,,schedule_and_financing_verified,notice_based_secondary,yes_with_secondary_source,"선시공 후분양. 공고 기반 정리에서 계약금 10% + 잔금 90%, 중도금 없음 확인.",https://www.applyhome.co.kr/ai/aia/selectAPTLttotPblancDetail.do?houseManageNo=2026000328&pblancNo=2026000328,https://www.sangga114.co.kr/document/news_column_detail?documentSrl=27937,2026-10-05,yes
2026000153,동작 센트럴 동문 디 이스트,서울,수도권,2026-07-02,72,170700,10,,,60,60,0,30,중도금 60% 이자후불제 알선,17070.0,17070.0,10.0,,schedule_and_financing_verified,notice_based_secondary,yes_with_secondary_source,"10/60/30, 중도금 이자후불제. 1차 계약금 정액은 타입별 3,000~5,000만원.",https://www.applyhome.co.kr/ai/aia/selectAPTLttotPblancDetail.do?houseManageNo=2026000153&pblancNo=2026000153,https://daily2ssue.tistory.com/8,2026-10-05,yes
