initial_house_manage_no,project,house_ty,initial_general_supply,first_followup_type_units,initial_competition_rate,official_followup_notice_id,canonical_official_source_url,evidence_grade,audit_flag
"2025000652","안양역 센트럴 아이파크 수자인","039.2437A","6","7.0","8.666666666666666","2026910062","https://www.applyhome.co.kr/ai/aia/selectAPTLttotPblancDetail.do?houseManageNo=2026910062&pblancNo=2026910062","ID_CORROBORATED_SECONDARY","FOLLOWUP_UNITS_GT_INITIAL_GENERAL_SUPPLY"
"2026000019","구리역 하이니티 리버파크","077.9949","8","13.0","7.25","2026910080","https://www.applyhome.co.kr/ai/aia/selectAPTLttotPblancDetail.do?houseManageNo=2026910080&pblancNo=2026910080","ID_CORROBORATED_SECONDARY","FOLLOWUP_UNITS_GT_INITIAL_GENERAL_SUPPLY"
"2026000028","해링턴플레이스 노원 센트럴","059.6793C","12","16.0","6.916666666666667","2026910100","https://www.applyhome.co.kr/ai/aia/selectAPTLttotPblancDetail.do?houseManageNo=2026910100&pblancNo=2026910100","ID_CORROBORATED_SECONDARY","FOLLOWUP_UNITS_GT_INITIAL_GENERAL_SUPPLY"
"2026000028","해링턴플레이스 노원 센트럴","059.6793D","6","17.0","7.333333333333333","2026910100","https://www.applyhome.co.kr/ai/aia/selectAPTLttotPblancDetail.do?houseManageNo=2026910100&pblancNo=2026910100","ID_CORROBORATED_SECONDARY","FOLLOWUP_UNITS_GT_INITIAL_GENERAL_SUPPLY"
"2026000028","해링턴플레이스 노원 센트럴","059.7419B","11","25.0","8.636363636363637","2026910100","https://www.applyhome.co.kr/ai/aia/selectAPTLttotPblancDetail.do?houseManageNo=2026910100&pblancNo=2026910100","ID_CORROBORATED_SECONDARY","FOLLOWUP_UNITS_GT_INITIAL_GENERAL_SUPPLY"
"2026000039","래미안 엘라비네","084.1000C","6","9.0","10.5","2026910097","https://www.applyhome.co.kr/ai/aia/selectAPTLttotPblancDetail.do?houseManageNo=2026910097&pblancNo=2026910097","ID_CORROBORATED_SECONDARY","FOLLOWUP_UNITS_GT_INITIAL_GENERAL_SUPPLY"
"2026000039","래미안 엘라비네","084.3300D","6","7.0","9.5","2026910097","https://www.applyhome.co.kr/ai/aia/selectAPTLttotPblancDetail.do?houseManageNo=2026910097&pblancNo=2026910097","ID_CORROBORATED_SECONDARY","FOLLOWUP_UNITS_GT_INITIAL_GENERAL_SUPPLY"
"2026000043","부천역 에피트 어바닉","067.0840","1","4.0","16.0","2026910081","https://www.applyhome.co.kr/ai/aia/selectAPTLttotPblancDetail.do?houseManageNo=2026910081&pblancNo=2026910081","ID_CORROBORATED_SECONDARY","FOLLOWUP_UNITS_GT_INITIAL_GENERAL_SUPPLY"
"2026000075","창원자이 더 스카이","084.9951A","113","196.0","11.56637168141593","2026910102","https://www.applyhome.co.kr/ai/aia/selectAPTLttotPblancDetail.do?houseManageNo=2026910102&pblancNo=2026910102","ID_CORROBORATED_SECONDARY","FOLLOWUP_UNITS_GT_INITIAL_GENERAL_SUPPLY"
"2026000070","힐스테이트 안양펠루스","040.5800","2","5.0","11.5","2026910141","https://www.applyhome.co.kr/ai/aia/selectAPTLttotPblancDetail.do?houseManageNo=2026910141&pblancNo=2026910141","ID_CORROBORATED_SECONDARY","FOLLOWUP_UNITS_GT_INITIAL_GENERAL_SUPPLY"
"2026000070","힐스테이트 안양펠루스","050.0400","3","5.0","7.0","2026910141","https://www.applyhome.co.kr/ai/aia/selectAPTLttotPblancDetail.do?houseManageNo=2026910141&pblancNo=2026910141","ID_CORROBORATED_SECONDARY","FOLLOWUP_UNITS_GT_INITIAL_GENERAL_SUPPLY"
"2026000070","힐스테이트 안양펠루스","068.3900","3","5.0","8.333333333333334","2026910141","https://www.applyhome.co.kr/ai/aia/selectAPTLttotPblancDetail.do?houseManageNo=2026910141&pblancNo=2026910141","ID_CORROBORATED_SECONDARY","FOLLOWUP_UNITS_GT_INITIAL_GENERAL_SUPPLY"
"2026000085","힐스테이트 평거 센트럴","084.3746A","48","55.0","30.33333333333333","2026910125","https://www.applyhome.co.kr/ai/aia/selectAPTLttotPblancDetail.do?houseManageNo=2026910125&pblancNo=2026910125","ID_CORROBORATED_SECONDARY","FOLLOWUP_UNITS_GT_INITIAL_GENERAL_SUPPLY"
"2026000156","더 리치먼드 미아","059.8400A","7","14.0","14.0","2026910155","https://www.applyhome.co.kr/ai/aia/selectAPTLttotPblancDetail.do?houseManageNo=2026910155&pblancNo=2026910155","ID_CORROBORATED_SECONDARY","FOLLOWUP_UNITS_GT_INITIAL_GENERAL_SUPPLY"
"2026000169","더샵 송도그란테르 G5-11블록","084.8600H","14","15.0","15.142857142857142","2026910207","https://xn--2i0bq5hvjp1kpzchxro8a528e.kr/gran/data/gongo05_mu.pdf","PRIMARY_VERIFIED","FOLLOWUP_UNITS_GT_INITIAL_GENERAL_SUPPLY"
"2026000282","창원 한신더휴 메가센텀","084.9734B","16","19.0","7.75","2026910223","https://www.applyhome.co.kr/ai/aia/selectAPTLttotPblancDetail.do?houseManageNo=2026910223&pblancNo=2026910223","ID_CORROBORATED_SECONDARY","FOLLOWUP_UNITS_GT_INITIAL_GENERAL_SUPPLY"
"2026000318","더샵 트리센트","084.4817","18","21.0","15.72222222222222","2026910239","https://www.applyhome.co.kr/ai/aia/selectAPTLttotPblancDetail.do?houseManageNo=2026910239&pblancNo=2026910239","ID_CORROBORATED_SECONDARY","FOLLOWUP_UNITS_GT_INITIAL_GENERAL_SUPPLY"
"2026000356","두산위브더제니스 대연","084.8500A","4","15.0","10.25","2026910234","https://www.applyhome.co.kr/ai/aia/selectAPTLttotPblancDetail.do?houseManageNo=2026910234&pblancNo=2026910234","ID_CORROBORATED_SECONDARY","FOLLOWUP_UNITS_GT_INITIAL_GENERAL_SUPPLY"
"2026000358","충정로역자이르네","084.9972A","12","21.0","19.916666666666668","2026910251","https://www.applyhome.co.kr/ai/aia/selectAPTLttotPblancDetail.do?houseManageNo=2026910251&pblancNo=2026910251","ID_CORROBORATED_SECONDARY","FOLLOWUP_UNITS_GT_INITIAL_GENERAL_SUPPLY"
