project_name,avg_first_priority_rate,first_unsold_supply,classification,evidence_level,confirmed_evidence,interpretation_status
천안 아이파크 시티 6단지,10.54,385,D,HIGH,"84A 3.4:1·84B 1.1:1·84C 40.8:1·102A 2.1:1·102B 1.8:1·120 5.8:1·197 5:1로 일반공급 주요 타입 모두 1순위 1대1 이상; 이후 385세대 무순위","타입 미달만으로 설명되지 않는 계약전환 약화형. 특별공급 미달은 다수 확인"
업성 푸르지오 레이크시티,1.11,364,A,HIGH,"72A 0.2:1·72B 0.3:1·72C 0.2:1·72D 0.1:1·84C 0.5:1·84D 0.6:1 미달, 반면 84B 11.0:1·95B 2.1:1 등 고경쟁 타입 존재; 이후 364세대 무순위","인기 타입이 평균을 끌어올린 전형적 평균경쟁률 착시"
구리역 하이니티 리버파크,3.92,341,A,HIGH,"44㎡ 90세대에 86건, 110㎡ 56세대에 8건으로 미달; 59A 8.21:1·59B 10:1 등 인기 타입 공존; 이후 341세대 무순위","타입별 수요 불균형 직접 확인. 높은 분양가 정황은 있으나 가격원인으로는 미분류"
청주 푸르지오 씨엘리체,6.47,270,D,HIGH,"84A 17.3:1·84B 3.2:1·84C 2.9:1·114A 3.8:1·114B 1.3:1·114C 2.4:1로 공개된 일반공급 타입 모두 1대1 이상; 이후 270세대 무순위","타입 미달만으로 설명되지 않는 계약전환 약화형"
백석시그니처자이 2단지,1.17,261,A,HIGH,"84A 1.23:1로 마감했으나 84D는 1순위·2순위까지 미달, 84E도 1순위 해당지역 미달 후 기타지역에서 마감; 이후 261세대 무순위","평균 1대1 초과가 내부 미달을 가린 사례"
백석시그니처자이 1단지,1.05,252,A,HIGH,"59㎡ 3.3:1·84A 1.5:1·99㎡ 2.1:1·115㎡ 21.5:1인 반면 63㎡ 0.4:1·74㎡ 0.6:1·84B·84C 약 0.3:1 수준; 이후 252세대 무순위","115㎡ 등 인기 타입이 평균을 끌어올린 강한 평균경쟁률 착시"
힐스테이트 양산더스카이 1단지,1.04,239,A,HIGH,"68A와 159P는 1순위 마감, 84A·84B는 1순위 미달; 이후 239세대 무순위","타입별 수요 불균형 직접 확인"
더샵 관저아르테,6.54,223,D,HIGH,"59A 14.5:1·59B 5.8:1·84A 14.8:1·84B 5.8:1·104A 1.9:1·119A 2.3:1로 공개 타입 모두 1대1 이상; 이후 223세대 무순위","타입 미달로 설명되지 않는 계약전환 약화형"
평택 고덕 우미 린 프레스티지(Abc-36BL),1.40,192,A,MEDIUM,"초기 84B·101A 등 일부 타입에서 공급 대비 1순위 수요 부족 정황, 84A·94A·94D·111A 등 경쟁 타입 공존; 이후 192세대 잔여공급","타입별 수요 불균형 가능성이 높으나 지역별 경쟁률 구조를 추가 확인할 필요"
e편한세상 센텀 하이베뉴,1.30,155,D,HIGH,"단일 59A 중심 공급으로 타입 쏠림 가설을 적용하기 어렵고 1순위 공식 경쟁률은 약 1.07대1; 이후 155세대 무순위","단일 타입에 가까워 평균경쟁률 착시가 아니라 계약전환 약화 사례로 보는 것이 적절"
