project_name,house_type,initial_1st_supply,initial_1st_applications,initial_aggregate_rate,first_followup_units,project_first_followup_units,DDFS_contribution_pct,initial_type_max_price_krw,first_followup_type_max_price_krw,financing_price_basis_krw,regulation_status,midterm_schedule_pct,ltv_pct,policy_midterm_self_fund_krw,final_mortgage_cap_krw,final_mortgage_proxy_krw,equity_floor_proxy_krw,price_basis_status
해링턴플레이스 노원 센트럴,059.7419B,11,95,8.636364,25,58,43.103,870000000,,870000000,REGULATED,0,40,0,600000000,348000000,522000000,INITIAL_TYPE_MAX_PROXY
해링턴플레이스 노원 센트럴,059.6793C,12,83,6.916667,16,58,27.586,870000000,,870000000,REGULATED,0,40,0,600000000,348000000,522000000,INITIAL_TYPE_MAX_PROXY
해링턴플레이스 노원 센트럴,059.6793D,6,44,7.333333,17,58,29.310,870000000,,870000000,REGULATED,0,40,0,600000000,348000000,522000000,INITIAL_TYPE_MAX_PROXY
엘리프 성성호수공원 1BL,084.9527B,39,1450,37.179487,11,126,8.730,568500000,,568500000,NON_REGULATED,60,70,0,,397950000,170550000,INITIAL_TYPE_MAX_PROXY
엘리프 성성호수공원 1BL,111.1359,244,3337,13.67623,115,126,91.270,799400000,,799400000,NON_REGULATED,60,70,0,,559580000,239820000,INITIAL_TYPE_MAX_PROXY
아산탕정자이 메트로시티(A3BL),084.9905A,580,4721,8.139655,384,606,63.366,559000000,,559000000,NON_REGULATED,60,70,0,,391300000,167700000,INITIAL_TYPE_MAX_PROXY
힐스테이트 평거 센트럴,084.3746A,48,1456,30.333333,55,129,42.636,660000000,,660000000,NON_REGULATED,60,70,0,,462000000,198000000,INITIAL_TYPE_MAX_PROXY
힐스테이트 평거 센트럴,105.5065C,24,368,15.333333,3,129,2.326,912000000,,912000000,NON_REGULATED,60,70,0,,638400000,273600000,INITIAL_TYPE_MAX_PROXY
더샵 안동더퍼스트,084.9702B,87,1067,12.264368,23,70,32.857,483400000,,483400000,NON_REGULATED,60,70,0,,338380000,145020000,INITIAL_TYPE_MAX_PROXY
더샵 안동더퍼스트,084.9571C,17,254,14.941176,8,70,11.429,485500000,,485500000,NON_REGULATED,60,70,0,,339850000,145650000,INITIAL_TYPE_MAX_PROXY
청주 푸르지오 씨엘리체,084.9904A,246,4252,17.284553,47,270,17.407,521000000,,521000000,NON_REGULATED,60,70,0,,364700000,156300000,INITIAL_TYPE_MAX_PROXY
더샵 관저아르테,084.6688A,106,1790,16.886792,34,223,15.247,641000000,,641000000,NON_REGULATED,60,70,0,,448700000,192300000,INITIAL_TYPE_MAX_PROXY
천안 아이파크 시티 6단지,084.9587C,130,5871,45.161538,17,385,4.416,606600000,,606600000,NON_REGULATED,60,70,0,,424620000,181980000,INITIAL_TYPE_MAX_PROXY
두산위브 더센트럴 수원,059.9371A,92,1404,15.26087,16,25,64.000,790900000,,790900000,REGULATED,60,40,158180000,600000000,316360000,474540000,INITIAL_TYPE_MAX_PROXY
두산위브 더센트럴 수원,084.4545B,1,71,71,1,25,4.000,948200000,,948200000,REGULATED,60,40,189640000,600000000,379280000,568920000,INITIAL_TYPE_MAX_PROXY
두산위브 더센트럴 수원,084.8080C,1,72,72,1,25,4.000,956400000,,956400000,REGULATED,60,40,191280000,600000000,382560000,573840000,INITIAL_TYPE_MAX_PROXY
래미안 엘라비네,084.5300A,39,649,16.641026,25,56,44.643,1848000000,,1848000000,REGULATED,60,40,369600000,400000000,400000000,1448000000,INITIAL_TYPE_MAX_PROXY
래미안 엘라비네,084.3200B,33,201,6.090909,6,56,10.714,1820000000,,1820000000,REGULATED,60,40,364000000,400000000,400000000,1420000000,INITIAL_TYPE_MAX_PROXY
래미안 엘라비네,084.1000C,6,63,10.5,9,56,16.071,1802000000,,1802000000,REGULATED,60,40,360400000,400000000,400000000,1402000000,INITIAL_TYPE_MAX_PROXY
래미안 엘라비네,084.3300D,6,57,9.5,7,56,12.500,1820000000,,1820000000,REGULATED,60,40,364000000,400000000,400000000,1420000000,INITIAL_TYPE_MAX_PROXY
드파인 아르티아,084.8554A,5,81,16.2,1,15,6.667,2630000000,,2630000000,REGULATED,60,40,526000000,200000000,200000000,2430000000,INITIAL_TYPE_MAX_PROXY
드파인 아르티아,084.0000B,24,289,12.041667,9,15,60.000,2760000000,,2760000000,REGULATED,60,40,552000000,200000000,200000000,2560000000,INITIAL_TYPE_MAX_PROXY
더샵 트리센트,075.4145,19,175,9.210526,7,28,25.000,760000000,743000000,743000000,NON_REGULATED,60,70,0,,520100000,222900000,FIRST_FOLLOWUP_TYPE_MAX_VERIFIED
더샵 트리센트,084.4817,18,283,15.722222,21,28,75.000,849000000,849000000,849000000,NON_REGULATED,60,70,0,,594300000,254700000,FIRST_FOLLOWUP_TYPE_MAX_VERIFIED
라클라체자이드파인,059.8054B,5,212,42.4,1,2,50.000,2189900000,2047600000,2047600000,REGULATED,60,40,409520000,400000000,400000000,1647600000,FIRST_FOLLOWUP_TYPE_MAX_VERIFIED
라클라체자이드파인,084.9634A,28,598,21.357143,1,2,50.000,2585100000,2585100000,2585100000,REGULATED,60,40,517020000,200000000,200000000,2385100000,FIRST_FOLLOWUP_TYPE_MAX_VERIFIED
쌍용 더 플래티넘 온수역,084.9174B,4,96,24,3,3,100.000,1137600000,1137600000,1137600000,NON_REGULATED_CAPITAL,60,70,0,600000000,600000000,537600000,FIRST_FOLLOWUP_TYPE_MAX_VERIFIED
