project_name,DDFS_pct,initial_contract_deposit_pct,mid_payment_pct,balance_pct,term_structure_note
해링턴플레이스 노원 센트럴,100.0,10,0,90,"준공/입주형; 계약금 10%, 잔금 90%"
엘리프 성성호수공원 1BL,100.0,10,60,30,"계약금 10%, 중도금 60%, 잔금 30%"
아산탕정자이 메트로시티(A3BL),63.4,10,60,30,"계약금 10%, 중도금 60%, 잔금 30%"
힐스테이트 평거 센트럴,45.0,5,60,35,"계약금 5%, 중도금 60%, 잔금 35%"
더샵 안동더퍼스트,44.3,5,60,35,"계약금 5%, 중도금 60%, 잔금 35%"
청주 푸르지오 씨엘리체,17.4,10,60,30,"계약금 10%, 중도금 60%, 잔금 30%"
더샵 관저아르테,15.2,5,60,35,"계약금 5%, 중도금 60%, 잔금 35%"
e편한세상 부천 어반스퀘어,9.3,5,60,35,"계약금 5%, 중도금 60%, 잔금 35%"
천안 아이파크 시티 6단지,4.4,5,60,35,"계약금 5%, 중도금 60%, 잔금 35%"
e편한세상 센텀 하이베뉴,0.0,5,60,35,"계약금 5%, 중도금 60%, 잔금 35%"
