group,project_name,DDFS_pct,region,announcement_date,total_supply,avg_first_priority_rate,control_eligibility,mandatory_self_funded_midterm_pct,price_gap_strict_pct,notes
CASE,해링턴플레이스 노원 센트럴,100.0,서울,2026-02-20,61,7.655,,,"","post-completion/short-balance"
CASE,엘리프 성성호수공원 1BL,100.0,충남,2026-04-23,546,26.269,,0,,"adjacent-new-stock sensitivity +2.19%"
CASE,아산탕정자이 메트로시티(A3BL),63.4,충남,2026-03-20,1638,5.972,,,,"strict same-dong price unavailable"
CASE,두산위브 더센트럴 수원,72.0,경기,2026-02-27,275,14.575,,20,,"strict price sample insufficient"
CASE,래미안 엘라비네,83.9,서울,2026-03-06,272,25.562,,20,149.73,""
CASE,드파인 아르티아,66.7,서울,2026-06-19,171,18.828,,20,77.21,""
CASE,더샵 트리센트,100.0,부산,2026-07-24,156,18.294,,0,60.19,""
CASE,라클라체자이드파인,100.0,서울,2026-04-03,369,26.906,,20,74.67,""
CASE,쌍용 더 플래티넘 온수역,100.0,경기,2026-02-13,230,12.083,,0,25.70,""
CONTROL,e편한세상 부천 어반스퀘어,9.3,경기,2026-04-23,897,2.229,"initial >=6x type exists; DDFS<=10",0,,"strict price unavailable"
CONTROL,천안 아이파크 시티 6단지,4.4,충남,2026-02-20,1012,10.544,"initial >=6x type exists; DDFS<=10",0,26.56,"5·6단지 grouped price observation"
CONTROL,호반써밋 풍무Ⅲ,0.0,경기,2026-07-09,660,9.184,"initial >=6x type exists; DDFS=0",0,87.12,""
CONTROL,천안 아이파크 시티 5단지,6.29,충남,2026-02-20,837,8.834,"initial >=6x type exists; DDFS<=10",0,26.56,"5·6단지 grouped price observation"
CONTROL,도안자이 센텀리체 2단지,0.0,대전,2026-04-10,834,2.060,"initial >=6x type exists; DDFS=0",0,,"60% midterm loan range"
CONTROL,북오산자이 리버블시티,1.11,경기,2026-01-09,1275,0.701,"initial >=6x type exists; DDFS<=10",,24.68,"contract loan coverage pending"
CONTROL,안양역 센트럴 아이파크 수자인,0.0,경기,2026-01-23,407,10.292,"initial >=6x type exists; DDFS=0",0,57.59,"60% midterm loan"
CONTROL,부천역 에피트 어바닉,6.45,경기,2026-03-06,93,2.521,"initial >=6x type exists; DDFS<=10",0,,"60% midterm loan; interest deferred"
CONTROL,한화포레나 부산당리,0.0,부산,2026-03-20,209,0.451,"initial >=6x type exists; DDFS=0",,261.84,"contract loan coverage pending"
CONTROL,업성 푸르지오 레이크시티,2.20,충남,2026-04-03,1460,1.109,"initial >=6x type exists; DDFS<=10",0,,"max 60% loan guidance; strict same-dong price unavailable"
