group,project_name,DDFS_pct,initial_6x_type_count,initial_6x_supply,weighted_initial_6x_price_krw,weighted_equity_floor_krw
CASE,해링턴플레이스 노원 센트럴,100.0,3,29,870000000,522000000
CASE,엘리프 성성호수공원 1BL,100.0,3,379,722244591,216673377
CASE,아산탕정자이 메트로시티(A3BL),63.4,4,592,569810811,170943243
CASE,두산위브 더센트럴 수원,72.0,4,127,792350394,475410236
CASE,래미안 엘라비네,83.9,7,113,1734681416,1329516814
CASE,드파인 아르티아,66.7,6,75,2570400000,2287733333
CASE,더샵 트리센트,100.0,3,68,723382353,217014706
CASE,라클라체자이드파인,100.0,7,180,2429590000,2139590000
CASE,쌍용 더 플래티넘 온수역,100.0,3,109,887973394,287973394
CONTROL_LOW,천안 아이파크 시티 6단지,4.4,2,257,732117510,219635253
CONTROL_LOW,천안 아이파크 시티 5단지,6.29,4,256,758530078,227559023
CONTROL_LOW,북오산자이 리버블시티,1.11,1,1,1436300000,836300000
CONTROL_LOW,부천역 에피트 어바닉,6.45,1,1,572190000,171657000
CONTROL_LOW,업성 푸르지오 레이크시티,2.20,1,48,618700000,185610000
CONTROL_ZERO,호반써밋 풍무Ⅲ,0.0,3,133,665098496,199529549
CONTROL_ZERO,도안자이 센텀리체 2단지,0.0,1,2,2169900000,650970000
CONTROL_ZERO,한화포레나 부산당리,0.0,1,1,1129000000,338700000
