project_name,DDFS_pct,regulation_status,representative_price_krw,midterm_schedule_pct,ltv_proxy_pct,policy_implied_midterm_self_fund_krw,final_mortgage_proxy_krw,total_equity_floor_proxy_krw
해링턴플레이스 노원 센트럴,100.0,REGULATED,870000000,0,40,0,348000000,522000000
엘리프 성성호수공원 1BL,100.0,NON_REGULATED,690114835,60,70,0,483080385,207034451
아산탕정자이 메트로시티(A3BL),63.4,NON_REGULATED,549606838,60,70,0,384724787,164882051
힐스테이트 평거 센트럴,45.0,NON_REGULATED,784727969,60,70,0,549309578,235418391
더샵 안동더퍼스트,44.3,NON_REGULATED,502257201,60,70,0,351580041,150677160
청주 푸르지오 씨엘리체,17.4,NON_REGULATED,577592154,60,70,0,404314508,173277646
더샵 관저아르테,15.2,NON_REGULATED,667340063,60,70,0,467138044,200202019
e편한세상 부천 어반스퀘어,0.0,NON_REGULATED_CAPITAL,948913043,60,70,0,600000000,348913043
천안 아이파크 시티 6단지,4.4,NON_REGULATED,663983893,60,70,0,464788725,199195168
두산위브 더센트럴 수원,72.0,REGULATED,790989455,60,40,158197891,316395782,474593673
래미안 엘라비네,83.9,REGULATED,1792187500,60,40,358437500,400000000,1392187500
드파인 아르티아,66.7,REGULATED,2621508772,60,40,524301754,200000000,2421508772
더샵 트리센트,100.0,NON_REGULATED,728429487,60,70,0,509900641,218528846
라클라체자이드파인,100.0,REGULATED,2401374255,60,40,480274851,400000000,2001374255
호반써밋 풍무Ⅲ,0.0,NON_REGULATED_CAPITAL,694573182,60,70,0,486201227,208371955
e편한세상 센텀 하이베뉴,0.0,NON_REGULATED,618010000,60,70,0,432607000,185403000
쌍용 더 플래티넘 온수역,100.0,NON_REGULATED_CAPITAL,882666957,60,70,0,600000000,282666957
힐스테이트 안양펠루스,27.8,NON_REGULATED_CAPITAL_POST_COMPLETION,694000000,0,70,0,485800000,208200000
포레나더샵 인천시청역,0.0,NON_REGULATED_CAPITAL,655011701,60,70,0,458508191,196503510
엘리프 성성호수공원 2BL,0.0,NON_REGULATED,621693571,60,70,0,435185500,186508071
