project_name,DDFS_pct,reappeared_6x_plus_units,weighted_followup_price_krw,weighted_equity_floor_krw,weighted_policy_midterm_self_fund_krw,total_equity_exposure_krw
해링턴플레이스 노원 센트럴,100.0,58,870000000,522000000,0,30276000000
엘리프 성성호수공원 1BL,100.0,126,779242063,233772619,0,29455350000
더샵 트리센트,100.0,28,822500000,246750000,0,6909000000
라클라체자이드파인,100.0,2,2316350000,2016350000,463270000,4032700000
쌍용 더 플래티넘 온수역,100.0,3,1137600000,537600000,0,1612800000
래미안 엘라비네,83.9,47,1814212766,1414212766,362842553,66468000000
두산위브 더센트럴 수원,72.0,18,808833333,485300000,161766667,8735400000
드파인 아르티아,66.7,10,2699200000,2499200000,539840000,24992000000
아산탕정자이 메트로시티(A3BL),63.4,384,559000000,167700000,0,64396800000
힐스테이트 평거 센트럴,45.0,58,657068966,197120690,0,11433000000
더샵 안동더퍼스트,44.3,31,476841935,143052581,0,4434630000
청주 푸르지오 씨엘리체,17.4,47,521000000,156300000,0,7346100000
더샵 관저아르테,15.2,34,641000000,192300000,0,6538200000
천안 아이파크 시티 6단지,4.4,17,562800000,168840000,0,2870280000
