project_name,first_unsold_units,unsold_units_from_initial_6x_plus_types,DDFS_pct,band,evidence
해링턴플레이스 노원 센트럴,58,58,100.0,100%,existing
엘리프 성성호수공원 1BL,126,126,100.0,100%,existing
아산탕정자이 메트로시티(A3BL),606,384,63.4,50-100%,existing
힐스테이트 평거 센트럴,129,58,45.0,0-50%,existing
더샵 안동더퍼스트,70,31,44.3,0-50%,existing
청주 푸르지오 씨엘리체,270,47,17.4,0-50%,existing
더샵 관저아르테,223,34,15.2,0-50%,existing
e편한세상 부천 어반스퀘어,485,45,9.3,0-50%,existing
천안 아이파크 시티 6단지,385,17,4.4,0-50%,existing
두산위브 더센트럴 수원,25,18,72.0,50-100%,"59A16+84B1+84C1"
래미안 엘라비네,56,47,83.9,50-100%,"84A25+84B6+84C9+84D7"
드파인 아르티아,15,10,66.7,50-100%,"84A1+84B9"
더샵 트리센트,28,28,100.0,100%,"75형7+84형21 모두 최초 6대1 이상"
라클라체자이드파인,2,2,100.0,100%,"59㎡1+84㎡1; 모든 해당 타입 최초 6대1 이상"
호반써밋 풍무Ⅲ,4,0,0.0,0%,"무순위 84B3+84D1; 최초 각각 약4:1·3:1"
