project_name,DDFS_pct,path_label,confidence,primary_evidence,secondary_evidence
해링턴플레이스 노원 센트럴,100.0,CONTRACT_FRICTION,HIGH,"후분양/준공형; 잔금90%; 계약금10%; 가격저항","6x 이상 타입 재등장"
엘리프 성성호수공원 1BL,100.0,CONVERSION_GAP,HIGH,"DDFS100%; 대출60%; 자납0%; 가격저항 낮음/중립","높은 최초 경쟁"
아산탕정자이 메트로시티(A3BL),63.4,CONVERSION_GAP,HIGH,"가격저항 낮음/중립; 일반 선분양","높은 DDFS"
힐스테이트 평거 센트럴,45.0,CONVERSION_GAP,HIGH,"계약금5%; 대출60%; 추가 강마찰 부재","전 타입 경쟁 후 무순위"
더샵 안동더퍼스트,44.3,CONVERSION_GAP,MEDIUM,"추가 강마찰 근거 부족","전 타입 경쟁 후 무순위"
청주 푸르지오 씨엘리체,17.4,CONVERSION_GAP,MEDIUM,"타입 미달 없이 무순위; 가격 중립","계약금10%"
더샵 관저아르테,15.2,CONTRACT_FRICTION,MEDIUM,"가격저항 높음; 계약금10%","DDFS는 낮음"
e편한세상 부천 어반스퀘어,9.3,CONTRACT_FRICTION,LOW,"가격저항 정황","계약금5%; DDFS 낮음"
천안 아이파크 시티 6단지,4.4,TYPE_STRUCTURE,HIGH,"DDFS 매우 낮음; 일부 상대저경쟁 타입 중심","가격 중립"
두산위브 더센트럴 수원,72.0,MIXED,HIGH,"중도금20% 자납","고DDFS; 가격저항 정황"
래미안 엘라비네,83.9,MIXED,HIGH,"계약금10% 일괄 + 중도금20% 자납 + 높은 가격격차","고DDFS"
드파인 아르티아,66.7,MIXED,HIGH,"중도금20% 자납 + 높은 가격격차","고DDFS"
더샵 트리센트,100.0,MIXED,HIGH,"가격프리미엄 높음","대출60%; 자납0%; DDFS100%"
라클라체자이드파인,100.0,MIXED,HIGH,"중도금20% 자납 + 높은 가격격차","전 타입 6x 이상"
호반써밋 풍무Ⅲ,0.0,TYPE_STRUCTURE,HIGH,"무순위가 상대 저경쟁 84B/84D에 집중","가격프리미엄 높지만 DDFS0%"
e편한세상 센텀 하이베뉴,0.0,TYPE_STRUCTURE,HIGH,"6x 타입 재등장 없음","계약금5%; 중도금60% 무이자"
쌍용 더 플래티넘 온수역,100.0,MIXED,HIGH,"가격프리미엄 중간~높음","계약금5%; 대출60%; 자납0%; DDFS100%"
힐스테이트 안양펠루스,27.8,CONTRACT_FRICTION,MEDIUM,"준공형; 잔금90% 집중","DDFS 중간"
포레나더샵 인천시청역,0.0,TYPE_STRUCTURE,HIGH,"6x 타입 재등장 없음","계약금5%; 대출60%"
엘리프 성성호수공원 2BL,0.0,TYPE_STRUCTURE,HIGH,"6x 기준 threshold-sensitive; 6x DDFS0%","5x에서는 70.5%"
