project_name,DDFS_pct,avg_first_priority_rate,total_supply,breadth_pct,deposit_pct_high_comp_type,price_resistance_evidence,post_completion_or_short_balance,pattern_class,confidence
해링턴플레이스 노원 센트럴,100.0,7.66,61,60.8,10,HIGH,YES,CONTRACT_FRICTION_DOMINANT,HIGH
엘리프 성성호수공원 1BL,100.0,26.27,546,6.5,10,LOW_TO_NEUTRAL,NO,APPLICATION_DEPTH_GAP_PLUS_FRICTION,HIGH
아산탕정자이 메트로시티(A3BL),63.4,5.97,1638,25.0,10,LOW_TO_NEUTRAL,NO,APPLICATION_DEPTH_GAP,HIGH
힐스테이트 평거 센트럴,45.0,20.40,261,73.7,5,UNKNOWN,NO,UNRESOLVED_CONTRACT_CONVERSION,HIGH
더샵 안동더퍼스트,44.3,7.61,493,56.5,5,UNKNOWN,NO,MIXED_TYPE_DEPTH,HIGH
청주 푸르지오 씨엘리체,17.4,6.47,1351,50.0,10,NEUTRAL,NO,LOW_DDFS_CONTRACT_GAP,MEDIUM
더샵 관저아르테,15.2,6.54,951,100.0,10,HIGH,NO,PRICE_RESISTANCE_WITH_BROAD_DEMAND,MEDIUM
e편한세상 부천 어반스퀘어,0.0,2.23,897,75.0,5,HIGH,NO,NO_6X_TYPE_AFTER_DENOMINATOR_AUDIT,HIGH
천안 아이파크 시티 6단지,4.4,10.54,1012,75.0,5,NEUTRAL,NO,LOW_DDFS_BROAD_DEMAND,HIGH
두산위브 더센트럴 수원,72.0,14.57,275,75.0,10,UNKNOWN,,BROAD_DEMAND_BUT_HIGH_DDFS,HIGH
래미안 엘라비네,83.9,25.56,272,,10,UNKNOWN,,HIGH_COMP_HIGH_DDFS,HIGH
드파인 아르티아,66.7,18.83,171,,10,UNKNOWN,,HIGH_COMP_HIGH_DDFS,HIGH
더샵 트리센트,100.0,18.29,156,75.0,5,HIGH,,BROAD_DEMAND_BUT_HIGH_DDFS,HIGH
라클라체자이드파인,100.0,26.91,369,100.0,10,UNKNOWN,,BROAD_DEMAND_BUT_HIGH_DDFS,HIGH
호반써밋 풍무Ⅲ,0.0,9.18,660,,10,UNKNOWN,,UNSOLD_IN_LOWER_COMP_TYPES,HIGH
e편한세상 센텀 하이베뉴,0.0,1.30,166,,5,UNKNOWN,,NO_6X_TYPE,HIGH
쌍용 더 플래티넘 온수역,100.0,12.08,230,,5,MODERATE_TO_HIGH,,HIGH_COMP_HIGH_DDFS,HIGH
힐스테이트 안양펠루스,27.8,4.94,55,,10,UNKNOWN,YES,MIXED_DEPTH,MEDIUM
포레나더샵 인천시청역,0.0,2.88,735,,5,UNKNOWN,,NO_6X_TYPE,HIGH
엘리프 성성호수공원 2BL,0.0,4.64,560,,10,UNKNOWN,,THRESHOLD_SENSITIVE_5.995X,HIGH
