project_name,DDFS_pct,weighted_demand_breadth_pct,high_comp_unsold_types,notes
해링턴플레이스 노원 센트럴,100.0,60.8,"59B;59C;59D","무순위 세대수 가중. 59B 3/4, 59C 1/2, 59D 2/4"
엘리프 성성호수공원 1BL,100.0,6.5,"84B;111","84B 3/4이나 11세대, 111 0/2가 115세대로 대부분"
아산탕정자이 메트로시티(A3BL),63.4,25.0,"84A","다자녀·신혼·생애최초·노부모 중 생애최초만 1대1 이상"
힐스테이트 평거 센트럴,45.0,73.7,"84A;105C","84A 3/4, 105C 1/2; 무순위 세대수 가중"
더샵 안동더퍼스트,44.3,56.5,"84B;84C","84B 2/4, 84C 3/4; 무순위 세대수 가중"
청주 푸르지오 씨엘리체,17.4,50.0,"84A","신혼·생애최초 경쟁, 다자녀·노부모 미달"
더샵 관저아르테,15.2,100.0,"84A","다자녀·신혼·생애최초·노부모 모두 1대1 이상"
e편한세상 부천 어반스퀘어,9.3,75.0,"84A","다자녀·신혼·생애최초 경쟁, 노부모 미달"
천안 아이파크 시티 6단지,4.4,75.0,"84C","다자녀·신혼·생애최초 경쟁, 노부모 미달"
