project,asset_or_topic,target_type,organization,target,email,status,date_or_stage,duplicate_control,notes
EXISTING,Resimanor Stress DSR,Journalist,한국경제,이송렬,yisr0203@hankyung.com,SENT,2026-09-25,DO_NOT_RESEND_SAME_TOPIC,"기존 DSR 제보 발송 완료"
EXISTING,Resimanor Stress DSR,Journalist,서울경제,기자,brassgun@sedaily.com,SENT,2026-09-25,DO_NOT_RESEND_SAME_TOPIC,"기존 DSR 제보 발송 완료"
EXISTING,AptToSell 청약가점/DSR,Site,더에셋스퀘어,,theassetsquare@gmail.com,SENT,2026-09-25,DO_NOT_RESEND_SAME_ASSET,"기존 공개데이터 제안 발송 완료"
EXISTING,AptToSell 청약가점/DSR,Site,뱅크몰,,customer@bank-mall.co.kr,SENT,2026-09-25,DO_NOT_RESEND_SAME_ASSET,"기존 공개데이터 제안 발송 완료"
CITATION_1,경쟁률 구간별 90일 후속공급,Journalist,연합뉴스,서미숙,sms@yna.co.kr,SENT,2026-10-07,LOCKED,"중복 초안은 발송보류"
CITATION_1,경쟁률 구간별 90일 후속공급,Journalist,한국경제,정의진,justjin@hankyung.com,SENT,2026-10-07,LOCKED,""
CITATION_1,경쟁률 구간별 90일 후속공급,Journalist,조선비즈,정민하,min@chosunbiz.com,SENT,2026-10-07,LOCKED,""
CITATION_1,경쟁률 구간별 90일 후속공급,Research,대한건설정책연구원,고하희,ghh1003@ricon.re.kr,DRAFT_READY,STAGE_2,NO_DUPLICATE,""
CITATION_1,경쟁률 구간별 90일 후속공급,Research,한국건설산업연구원,허윤경,ykhur@cerik.re.kr,DRAFT_READY,STAGE_2,NO_DUPLICATE,""
CITATION_1,경쟁률 구간별 90일 후속공급,Research,한국건설산업연구원,김성환,shkim@cerik.re.kr,DRAFT_READY,STAGE_2,NO_DUPLICATE,"구형 196개 프로젝트 초안 별도 발송보류"
CITATION_1,경쟁률 구간별 90일 후속공급,Research,주택산업연구원,연구지원실,lib@khi.re.kr,DRAFT_READY,STAGE_2,NO_DUPLICATE,"구형 196개 프로젝트 초안 별도 발송보류"
CITATION_1,경쟁률 구간별 90일 후속공급,Research,국토연구원,대표접점,krihs@krihs.re.kr,DRAFT_READY,STAGE_3,ORG_COOLDOWN,"기존 kshwang@krihs.re.kr 초안은 발송보류"
CITATION_1,경쟁률 구간별 90일 후속공급,PropTech,직방,서비스제휴,partnership@zigbang.com,DRAFT_READY,STAGE_3,NO_DUPLICATE,""
CITATION_1,경쟁률 구간별 90일 후속공급,PropTech,부동산R114,리서치 전달,helper@r114.com,DRAFT_READY,STAGE_3,NO_DUPLICATE,""
CITATION_2,수도권 vs 비수도권 90일 후속공급,Journalist,연합인포맥스,이효지,hjlee2@yna.co.kr,SENT,2026-10-07,LOCKED,""
CITATION_2,수도권 vs 비수도권 90일 후속공급,Journalist,뉴스1,김종윤,passionkjy@news1.kr,SENT,2026-10-07,LOCKED,""
CITATION_2,수도권 vs 비수도권 90일 후속공급,Journalist,뉴스1,오현주,woobi123@news1.kr,SENT,2026-10-07,LOCKED,""
CITATION_2,수도권 vs 비수도권 90일 후속공급,Research,HUG 주택도시금융연구원,김강민,Kimkm83@khug.or.kr,DRAFT_READY,STAGE_2,NO_DUPLICATE,""
CITATION_2,수도권 vs 비수도권 90일 후속공급,Research,HF 주택금융연구원,김광욱,kukim@hf.go.kr,DRAFT_READY,STAGE_2,NO_DUPLICATE,""
CITATION_3,첫 후속공급 시점 분포,Journalist,이데일리,박지애,pjaa@edaily.co.kr,DRAFT_READY,STAGE_1,NO_DUPLICATE,"기존 60일 분석 초안은 발송보류"
CITATION_3,첫 후속공급 시점 분포,Journalist,뉴스핌,정영희,chulsoofriend@newspim.com,DRAFT_READY,STAGE_1,NO_DUPLICATE,""
CITATION_3,첫 후속공급 시점 분포,Research,한국부동산연구원,안지희,annji@kreri.re.kr,DRAFT_READY,STAGE_2,NO_DUPLICATE,""
PUBLIC_DATA_PORTAL,2026 아파트 청약 경쟁률 및 후속공급 분석,Institution,data.go.kr,,,LIVE,2026-10-04,DO_NOT_REREGISTER,"이미 활용사례 등록·공개 및 조회/다운로드 발생"
REPOSITORY,Follow-Up Event Registry v0.2,Repository,Zenodo,,,PUBLISHED,2026-10,DO_NOT_DUPLICATE_DOI,"DOI 10.5281/zenodo.23176906; 동일자료 새 DOI 금지"
REPOSITORY,Follow-Up analysis,Repository,Figshare,,,PUBLISHED,2026-10,DO_NOT_DUPLICATE_ARCHIVE,"DOI 10.6084/m9.figshare.34064439; 새 파생표마다 DOI 생성 금지"
REPOSITORY,AptToSell subscription data,Repository,GitHub,,,ACTIVE,ONGOING,CAN_UPDATE,"현재 1~3호 파생자료 정본 작업공간"
REPOSITORY,AptToSell subscription docs,Docs,GitBook,,,ACTIVE,HOLD_EXPANSION,"1~3호 반응 확인 후 묶어서 문서화"
REPOSITORY,AptToSell data,Repository,Hugging Face/Kaggle,,,EXISTING,HOLD_EXPANSION,"새 1~3호 즉시 중복 미러링 금지"
REPOSITORY,Research indexing,Index,EconPapers/IDEAS,,,EXISTING_FOR_RESIMANOR,HOLD_FOR_APTTOSELL,"리서치노트 형태 완성 전 신규 중복 제출 금지"
CITATION_4,공급규모별 90일 후속공급,Asset,GitHub,파생분석,,ASSET_READY,2026-10-07,NO_OUTREACH_YET,"1000세대 이상 14/18=77.8%; 300~499세대 15/33=45.5%; 인과 해석 금지; 신규 DOI/중복등재 금지"
CITATION_4,공급규모별 90일 후속공급,Journalist,한국금융신문,조범형,chobh06@fntimes.com,DRAFT_READY,STAGE_1,NO_DUPLICATE,"1000세대 이상 대단지 분양·청약 취재 적합; 기존 발송 이력 없음"
CITATION_4,공급규모별 90일 후속공급,Journalist,이투데이,이세령,iselyeong@etoday.co.kr,DRAFT_READY,STAGE_1,NO_DUPLICATE,"대단지·주택공급 취재 적합; 기존 발송 이력 없음"
CITATION_4,공급규모별 90일 후속공급,Journalist,이투데이,조유정,youjung@etoday.co.kr,DRAFT_BLOCKED,STAGE_1,HOLD,"초안 생성 안전 검사 차단; 반복 시도 금지"
