apttosell_project_id,project_name,initial_house_manage_no,first_followup_date,official_followup_notice_id,canonical_official_source_url,evidence_grade
ATS-2026-GG-000012,부천역 에피트 어바닉,2026000043,2026-04-15,2026910081,https://www.applyhome.co.kr/ai/aia/selectAPTLttotPblancDetail.do?houseManageNo=2026910081&pblancNo=2026910081,ID_CORROBORATED_SECONDARY
ATS-2026-GG-000009,의정부역 센트럴 아이파크,2026000055,2026-05-13,2026910114,https://www.applyhome.co.kr/ai/aia/selectAPTLttotPblancDetail.do?houseManageNo=2026910114&pblancNo=2026910114,ID_CORROBORATED_SECONDARY
ATS-2026-GG-000036,"옥정중앙역 대방 디에트르(중상1, 복합1BL)",2026000049,2026-05-18,2026910115,https://www.applyhome.co.kr/ai/aia/selectAPTLttotPblancDetail.do?houseManageNo=2026910115&pblancNo=2026910115,ID_CORROBORATED_SECONDARY
ATS-2026-SEOUL-000014,더 리치먼드 미아,2026000156,2026-06-18,2026910155,https://www.applyhome.co.kr/ai/aia/selectAPTLttotPblancDetail.do?houseManageNo=2026910155&pblancNo=2026910155,ID_CORROBORATED_SECONDARY
ATS-2026-GG-000011,용인 플랫폼시티 라온프라이빗 아르디에,2026000044,2026-04-22,2026910095,https://www.applyhome.co.kr/ai/aia/selectAPTLttotPblancDetail.do?houseManageNo=2026910095&pblancNo=2026910095,ID_CORROBORATED_SECONDARY
ATS-2026-ICN-000001,포레나더샵 인천시청역,2025000572,2026-03-12,2026910063,https://incheon.forena.co.kr/data/m_gongo.pdf,PRIMARY_VERIFIED
ATS-2026-GG-000024,중앙하이츠 원종역,2026000178,2026-06-19,2026910157,https://www.applyhome.co.kr/ai/aia/selectAPTLttotPblancDetail.do?houseManageNo=2026910157&pblancNo=2026910157,ID_CORROBORATED_SECONDARY
ATS-2026-GG-000002,안양역 센트럴 아이파크 수자인,2025000652,2026-03-11,2026910062,https://www.applyhome.co.kr/ai/aia/selectAPTLttotPblancDetail.do?houseManageNo=2026910062&pblancNo=2026910062,ID_CORROBORATED_SECONDARY
ATS-2026-SEOUL-000001,해링턴플레이스 노원 센트럴,2026000028,2026-04-28,2026910100,https://www.applyhome.co.kr/ai/aia/selectAPTLttotPblancDetail.do?houseManageNo=2026910100&pblancNo=2026910100,ID_CORROBORATED_SECONDARY
ATS-2026-GG-000038,풍무역세권 수자인 그라센트 2차,2026000073,2026-07-22,2026940155,https://www.applyhome.co.kr/ai/aia/selectAPTLttotPblancDetail.do?houseManageNo=2026940155&pblancNo=2026940155,ID_CORROBORATED_SECONDARY
ATS-2026-GG-000004,북오산자이 리버블시티,2025000628,2026-02-20,2026910042,https://www.applyhome.co.kr/ai/aia/selectAPTLttotPblancDetail.do?houseManageNo=2026910042&pblancNo=2026910042,ID_CORROBORATED_SECONDARY
ATS-2026-GG-000037,야목역 서희스타힐스 그랜드힐,2026000069,2026-05-18,2026910120,https://www.applyhome.co.kr/ai/aia/selectAPTLttotPblancDetail.do?houseManageNo=2026910120&pblancNo=2026910120,ID_CORROBORATED_SECONDARY
ATS-2026-GG-000020,수원역 아너스빌 타임원,2026000205,2026-07-06,2026910172,https://www.applyhome.co.kr/ai/aia/selectAPTLttotPblancDetail.do?houseManageNo=2026910172&pblancNo=2026910172,ID_CORROBORATED_SECONDARY
ATS-2026-SEOUL-000008,래미안 엘라비네,2026000039,2026-04-21,2026910097,https://www.applyhome.co.kr/ai/aia/selectAPTLttotPblancDetail.do?houseManageNo=2026910097&pblancNo=2026910097,ID_CORROBORATED_SECONDARY
ATS-2026-SEOUL-000009,장위 푸르지오 마크원,2026000275,2026-08-05,2026910212,https://www.applyhome.co.kr/ai/aia/selectAPTLttotPblancDetail.do?houseManageNo=2026910212&pblancNo=2026910212,ID_CORROBORATED_SECONDARY
ATS-2026-GG-000015,북오산자이 드포레,2026000248,2026-07-29,2026940164,https://www.applyhome.co.kr/ai/aia/selectAPTLttotPblancDetail.do?houseManageNo=2026940164&pblancNo=2026940164,ID_CORROBORATED_SECONDARY
ATS-2026-ICN-000003,중앙하이츠 갈산역 센트럴,2026000062,2026-05-14,2026910112,https://www.applyhome.co.kr/ai/aia/selectAPTLttotPblancDetail.do?houseManageNo=2026910112&pblancNo=2026910112,ID_CORROBORATED_SECONDARY
ATS-2026-SEOUL-000010,드파인 아르티아,2026000241,2026-08-07,2026910214,https://altia.skdefine.com/data/gongo_mu.pdf,PRIMARY_VERIFIED
ATS-2026-ICN-000005,연수 월드메르디앙 어반포레,2026000035,2026-04-28,2026940086,https://www.applyhome.co.kr/ai/aia/selectAPTLttotPblancDetail.do?houseManageNo=2026940086&pblancNo=2026940086,ID_CORROBORATED_SECONDARY
ATS-2026-GG-000001,구리역 하이니티 리버파크,2026000019,2026-04-13,2026910080,https://www.applyhome.co.kr/ai/aia/selectAPTLttotPblancDetail.do?houseManageNo=2026910080&pblancNo=2026910080,ID_CORROBORATED_SECONDARY
ATS-2026-GG-000008,힐스테이트 안양펠루스,2026000070,2026-05-29,2026910141,https://www.applyhome.co.kr/ai/aia/selectAPTLttotPblancDetail.do?houseManageNo=2026910141&pblancNo=2026910141,ID_CORROBORATED_SECONDARY
ATS-2026-SEOUL-000013,아크로 리버스카이,2026000116,2026-07-23,2026910194,https://www.acro.co.kr/jsp/front/po/180247/static/pdf/180247_public_260727.pdf,PRIMARY_VERIFIED
ATS-2026-GB-000002,상주자이르네,2026000038,2026-04-09,2026910084,https://www.applyhome.co.kr/ai/aia/selectAPTLttotPblancDetail.do?houseManageNo=2026910084&pblancNo=2026910084,ID_CORROBORATED_SECONDARY
ATS-2026-GG-000050,두산위브더제니스 부천,2026000382,2026-09-16,2026910241,https://www.applyhome.co.kr/ai/aia/selectAPTLttotPblancDetail.do?houseManageNo=2026910241&pblancNo=2026910241,ID_CORROBORATED_SECONDARY
ATS-2026-GN-000004,김해 신문 센트럴 아이파크,2026000270,2026-07-28,2026910193,https://www.applyhome.co.kr/ai/aia/selectAPTLttotPblancDetail.do?houseManageNo=2026910193&pblancNo=2026910193,ID_CORROBORATED_SECONDARY
ATS-2026-CN-000005,백석시그니처자이 2단지,2026000226,2026-07-14,2026910188,https://www.applyhome.co.kr/ai/aia/selectAPTLttotPblancDetail.do?houseManageNo=2026910188&pblancNo=2026910188,ID_CORROBORATED_SECONDARY
ATS-2026-CN-000006,백석시그니처자이 1단지,2026000225,2026-07-14,2026910187,https://www.applyhome.co.kr/ai/aia/selectAPTLttotPblancDetail.do?houseManageNo=2026910187&pblancNo=2026910187,ID_CORROBORATED_SECONDARY
ATS-2026-JN-000003,소제지구 A4BL 중흥S-클래스 우미린,2026000091,2026-06-02,2026910135,https://www.applyhome.co.kr/ai/aia/selectAPTLttotPblancDetail.do?houseManageNo=2026910135&pblancNo=2026910135,ID_CORROBORATED_SECONDARY
ATS-2026-JN-000004,소제지구 A3BL 중흥S-클래스 우미린,2026000090,2026-06-02,2026910134,https://www.applyhome.co.kr/ai/aia/selectAPTLttotPblancDetail.do?houseManageNo=2026910134&pblancNo=2026910134,ID_CORROBORATED_SECONDARY
ATS-2026-GW-000004,르네오션 고성 퍼스트뷰,2026000071,2026-05-12,2026910109,https://www.applyhome.co.kr/ai/aia/selectAPTLttotPblancDetail.do?houseManageNo=2026910109&pblancNo=2026910109,ID_CORROBORATED_SECONDARY
ATS-2026-GWANGJU-000003,제일풍경채 첨단3지구(A6BL),2026000342,2026-09-22,2026910248,https://www.applyhome.co.kr/ai/aia/selectAPTLttotPblancDetail.do?houseManageNo=2026910248&pblancNo=2026910248,ID_CORROBORATED_SECONDARY
ATS-2026-BUSAN-000001,e편한세상 센텀 하이베뉴,2026000002,2026-03-11,2026910059,https://www.applyhome.co.kr/ai/aia/selectAPTLttotPblancDetail.do?houseManageNo=2026910059&pblancNo=2026910059,ID_CORROBORATED_SECONDARY
ATS-2026-CN-000001,천안 아이파크 시티 6단지,2026000015,2026-04-01,2026910074,https://cheonan-iparkcity5-6.com/images/recruitment_02_0403.pdf,PRIMARY_VERIFIED
ATS-2026-CN-000002,천안 아이파크 시티 5단지,2026000014,2026-04-01,2026910073,https://cheonan-iparkcity5-6.com/images/recruitment_01.pdf,PRIMARY_VERIFIED
ATS-2026-BUSAN-000002,금정산 하늘채 루미엘,2026000020,2026-03-25,2026910068,https://www.applyhome.co.kr/ai/aia/selectAPTLttotPblancDetail.do?houseManageNo=2026910068&pblancNo=2026910068,ID_CORROBORATED_SECONDARY
ATS-2026-GG-000007,쌍용 더 플래티넘 온수역,2026000017,2026-03-25,2026910070,https://xn--x50bj6bv2fivnfueckm77en1d.com/assets/pdf/2026910070%20%EC%8C%8D%EC%9A%A9%20%EB%8D%94%20%ED%94%8C%EB%9E%98%ED%8B%B0%EB%84%98%20%EC%98%A8%EC%88%98%EC%97%AD%20%EB%AC%B4%EC%88%9C%EC%9C%84%20%EC%9E%85%EC%A3%BC%EC%9E%90%EB%AA%A8%EC%A7%91%EA%B3%B5%EA%B3%A0%EB%AC%B8.pdf,PRIMARY_VERIFIED
ATS-2026-BUSAN-000005,경성대부경대역 비스타동원 더 프리미엄,2026000012,2026-05-06,2026910110,https://www.applyhome.co.kr/ai/aia/selectAPTLttotPblancDetail.do?houseManageNo=2026910110&pblancNo=2026910110,ID_CORROBORATED_SECONDARY
ATS-2026-GN-000001,창원자이 더 스카이,2026000075,2026-04-29,2026910102,https://www.applyhome.co.kr/ai/aia/selectAPTLttotPblancDetail.do?houseManageNo=2026910102&pblancNo=2026910102,ID_CORROBORATED_SECONDARY
ATS-2026-BUSAN-000006,한화포레나 부산당리,2026000066,2026-04-29,2026910098,https://www.applyhome.co.kr/ai/aia/selectAPTLttotPblancDetail.do?houseManageNo=2026910098&pblancNo=2026910098,ID_CORROBORATED_SECONDARY
ATS-2026-CN-000004,아산탕정자이 메트로시티(A3BL),2026000051,2026-04-29,2026910096,https://www.applyhome.co.kr/ai/aia/selectAPTLttotPblancDetail.do?houseManageNo=2026910096&pblancNo=2026910096,ID_CORROBORATED_SECONDARY
ATS-2026-JN-000001,e편한세상 여수 글렌츠,2026000036,2026-04-15,2026910086,https://www.applyhome.co.kr/ai/aia/selectAPTLttotPblancDetail.do?houseManageNo=2026910086&pblancNo=2026910086,ID_CORROBORATED_SECONDARY
ATS-2026-GB-000003,펜타힐즈 더블유 1단지,2026000273,2026-07-29,2026910199,https://www.applyhome.co.kr/ai/aia/selectAPTLttotPblancDetail.do?houseManageNo=2026910199&pblancNo=2026910199,ID_CORROBORATED_SECONDARY
ATS-2026-GN-000008,힐스테이트 양산더스카이 2단지,2026000224,2026-07-22,2026910192,https://www.applyhome.co.kr/ai/aia/selectAPTLttotPblancDetail.do?houseManageNo=2026910192&pblancNo=2026910192,ID_CORROBORATED_SECONDARY
ATS-2026-GN-000009,힐스테이트 양산더스카이 1단지,2026000223,2026-07-22,2026910191,https://www.applyhome.co.kr/ai/aia/selectAPTLttotPblancDetail.do?houseManageNo=2026910191&pblancNo=2026910191,ID_CORROBORATED_SECONDARY
ATS-2026-BUSAN-000010,동래사적공원 오네뜨,2026000217,2026-06-24,2026910161,https://www.applyhome.co.kr/ai/aia/selectAPTLttotPblancDetail.do?houseManageNo=2026910161&pblancNo=2026910161,ID_CORROBORATED_SECONDARY
ATS-2026-GB-000004,상주북천 하늘채 파크원,2026000170,2026-06-09,2026910143,https://www.applyhome.co.kr/ai/aia/selectAPTLttotPblancDetail.do?houseManageNo=2026910143&pblancNo=2026910143,ID_CORROBORATED_SECONDARY
ATS-2026-DAEJEON-000003,도안자이 센텀리체 2단지,2026000105,2026-05-20,2026910118,https://www.applyhome.co.kr/ai/aia/selectAPTLttotPblancDetail.do?houseManageNo=2026910118&pblancNo=2026910118,ID_CORROBORATED_SECONDARY
ATS-2026-DAEJEON-000004,도안자이 센텀리체 1단지,2026000104,2026-05-20,2026910117,https://www.applyhome.co.kr/ai/aia/selectAPTLttotPblancDetail.do?houseManageNo=2026910117&pblancNo=2026910117,ID_CORROBORATED_SECONDARY
ATS-2026-CN-000012,업성 푸르지오 레이크시티,2026000086,2026-05-13,2026910113,https://www.applyhome.co.kr/ai/aia/selectAPTLttotPblancDetail.do?houseManageNo=2026910113&pblancNo=2026910113,ID_CORROBORATED_SECONDARY
ATS-2026-JB-000003,북전주 광신프로그레스,2026000077,2026-05-13,2026910107,https://www.applyhome.co.kr/ai/aia/selectAPTLttotPblancDetail.do?houseManageNo=2026910107&pblancNo=2026910107,ID_CORROBORATED_SECONDARY
ATS-2026-GG-000051,용인반도체클러스터 동일하이빌 파크밸리(D1-1블록),2026000371,2026-09-16,2026910246,https://www.applyhome.co.kr/ai/aia/selectAPTLttotPblancDetail.do?houseManageNo=2026910246&pblancNo=2026910246,ID_CORROBORATED_SECONDARY
ATS-2026-GW-000006,춘천 리버뷰 아이파크,2026000312,2026-08-19,2026910217,https://www.applyhome.co.kr/ai/aia/selectAPTLttotPblancDetail.do?houseManageNo=2026910217&pblancNo=2026910217,ID_CORROBORATED_SECONDARY
ATS-2026-GG-000005,두산위브 더센트럴 수원,2025000510,2026-04-09,2026910083,https://xn--9m1brsn1gisitsdcyab8beyshnar08g.com/assets/pdf/20260408%20%EB%91%90%EC%82%B0%EC%9C%84%EB%B8%8C%20%EB%8D%94%EC%84%BC%ED%8A%B8%EB%9F%B4%20%EC%88%98%EC%9B%90_%EB%AC%B4%EC%88%9C%EC%9C%84%20%EB%AA%A8%EC%A7%91%EA%B3%B5%EA%B3%A0_%EC%B5%9C%EC%A2%85.pdf,PRIMARY_VERIFIED
ATS-2026-BUSAN-000004,엄궁역 트라비스 하늘채,2026000074,2026-05-07,2026910105,https://www.applyhome.co.kr/ai/aia/selectAPTLttotPblancDetail.do?houseManageNo=2026910105&pblancNo=2026910105,ID_CORROBORATED_SECONDARY
ATS-2026-GG-000017,평택 고덕 우미 린 프레스티지(Abc-36BL),2026000237,2026-07-16,2026910180,https://www.applyhome.co.kr/ai/aia/selectAPTLttotPblancDetail.do?houseManageNo=2026910180&pblancNo=2026910180,ID_CORROBORATED_SECONDARY
ATS-2026-BUSAN-000009,알티에로 광안,2026000148,2026-07-16,2026910184,https://www.applyhome.co.kr/ai/aia/selectAPTLttotPblancDetail.do?houseManageNo=2026910184&pblancNo=2026910184,ID_CORROBORATED_SECONDARY
ATS-2026-ICN-000008,검암역자이르네,2026000162,2026-06-25,2026910159,https://www.applyhome.co.kr/ai/aia/selectAPTLttotPblancDetail.do?houseManageNo=2026910159&pblancNo=2026910159,ID_CORROBORATED_SECONDARY
ATS-2026-GG-000022,엘리프 역곡,2026000187,2026-06-24,2026910162,https://www.applyhome.co.kr/ai/aia/selectAPTLttotPblancDetail.do?houseManageNo=2026910162&pblancNo=2026910162,ID_CORROBORATED_SECONDARY
ATS-2026-CN-000007,공주월송 진아레히,2026000053,2026-06-10,2026910150,https://www.applyhome.co.kr/ai/aia/selectAPTLttotPblancDetail.do?houseManageNo=2026910150&pblancNo=2026910150,ID_CORROBORATED_SECONDARY
ATS-2026-ULSAN-000002,문수로 라티에르 673,2026000121,2026-05-21,2026910122,https://www.applyhome.co.kr/ai/aia/selectAPTLttotPblancDetail.do?houseManageNo=2026910122&pblancNo=2026910122,ID_CORROBORATED_SECONDARY
ATS-2026-GG-000052,한강 푸르지오 리버프론트,2026000367,2026-09-09,2026910227,https://www.applyhome.co.kr/ai/aia/selectAPTLttotPblancDetail.do?houseManageNo=2026910227&pblancNo=2026910227,ID_CORROBORATED_SECONDARY
ATS-2026-BUSAN-000017,두산위브더제니스 대연,2026000356,2026-09-09,2026910234,https://www.applyhome.co.kr/ai/aia/selectAPTLttotPblancDetail.do?houseManageNo=2026910234&pblancNo=2026910234,ID_CORROBORATED_SECONDARY
ATS-2026-GW-000002,더 리치먼드 리버센트 소양,2026000173,2026-07-03,2026910164,https://www.applyhome.co.kr/ai/aia/selectAPTLttotPblancDetail.do?houseManageNo=2026910164&pblancNo=2026910164,ID_CORROBORATED_SECONDARY
ATS-2026-BUSAN-000012,두산위브 트리니뷰 구명역,2026000172,2026-06-19,2026910153,https://www.applyhome.co.kr/ai/aia/selectAPTLttotPblancDetail.do?houseManageNo=2026910153&pblancNo=2026910153,ID_CORROBORATED_SECONDARY
ATS-2026-GG-000027,고덕국제신도시 수자인풍경채 2단지,2026000155,2026-06-10,2026910137,https://www.applyhome.co.kr/ai/aia/selectAPTLttotPblancDetail.do?houseManageNo=2026910137&pblancNo=2026910137,ID_CORROBORATED_SECONDARY
ATS-2026-GG-000028,고덕국제신도시 수자인풍경채 1단지,2026000154,2026-06-10,2026910136,https://www.applyhome.co.kr/ai/aia/selectAPTLttotPblancDetail.do?houseManageNo=2026910136&pblancNo=2026910136,ID_CORROBORATED_SECONDARY
ATS-2026-CN-000009,엘리프 성성호수공원 2BL,2026000150,2026-06-04,2026910145,https://www.applyhome.co.kr/ai/aia/selectAPTLttotPblancDetail.do?houseManageNo=2026910145&pblancNo=2026910145,ID_CORROBORATED_SECONDARY
ATS-2026-CN-000010,엘리프 성성호수공원 1BL,2026000149,2026-06-04,2026910144,https://www.applyhome.co.kr/ai/aia/selectAPTLttotPblancDetail.do?houseManageNo=2026910144&pblancNo=2026910144,ID_CORROBORATED_SECONDARY
ATS-2026-GG-000035,용인 고림 동문 디 이스트,2026000112,2026-05-22,2026910129,https://www.applyhome.co.kr/ai/aia/selectAPTLttotPblancDetail.do?houseManageNo=2026910129&pblancNo=2026910129,ID_CORROBORATED_SECONDARY
ATS-2026-GB-000005,더샵 안동더퍼스트,2026000093,2026-05-21,2026910116,https://www.applyhome.co.kr/ai/aia/selectAPTLttotPblancDetail.do?houseManageNo=2026910116&pblancNo=2026910116,ID_CORROBORATED_SECONDARY
ATS-2026-GN-000016,창원 한신더휴 메가센텀,2026000282,2026-08-27,2026910223,https://www.applyhome.co.kr/ai/aia/selectAPTLttotPblancDetail.do?houseManageNo=2026910223&pblancNo=2026910223,ID_CORROBORATED_SECONDARY
ATS-2026-SEOUL-000012,써밋 더힐,2026000120,2026-06-30,2026910169,https://www.applyhome.co.kr/ai/aia/selectAPTLttotPblancDetail.do?houseManageNo=2026910169&pblancNo=2026910169,ID_CORROBORATED_SECONDARY
ATS-2026-GG-000033,경기광주역 롯데캐슬 시그니처 1단지,2026000107,2026-06-02,2026910130,https://www.applyhome.co.kr/ai/aia/selectAPTLttotPblancDetail.do?houseManageNo=2026910130&pblancNo=2026910130,ID_CORROBORATED_SECONDARY
ATS-2026-SEOUL-000016,라클라체자이드파인,2026000094,2026-05-19,2026910121,https://www.applyhome.co.kr/ai/aia/selectAPTLttotPblancDetail.do?houseManageNo=2026910121&pblancNo=2026910121,ID_CORROBORATED_SECONDARY
ATS-2026-GG-000055,오산헤리티지자이 1단지,2026000315,2026-08-25,2026910222,https://www.applyhome.co.kr/ai/aia/selectAPTLttotPblancDetail.do?houseManageNo=2026910222&pblancNo=2026910222,ID_CORROBORATED_SECONDARY
ATS-2026-GG-000030,e편한세상 부천 어반스퀘어,2026000152,2026-06-09,2026910152,https://www.applyhome.co.kr/ai/aia/selectAPTLttotPblancDetail.do?houseManageNo=2026910152&pblancNo=2026910152,ID_CORROBORATED_SECONDARY
ATS-2026-JEJU-000001,서귀포시 서홍동 형남아파트6차,2025000639,2026-03-05,2026910054,https://www.applyhome.co.kr/ai/aia/selectAPTLttotPblancDetail.do?houseManageNo=2026910054&pblancNo=2026910054,ID_CORROBORATED_SECONDARY
ATS-2026-GG-000003,사우역 지엔하임,2025000656,2026-02-26,2026910048,https://www.applyhome.co.kr/ai/aia/selectAPTLttotPblancDetail.do?houseManageNo=2026910048&pblancNo=2026910048,ID_CORROBORATED_SECONDARY
ATS-2026-GG-000019,호반써밋 풍무Ⅱ,2026000219,2026-07-09,2026910177,https://www.applyhome.co.kr/ai/aia/selectAPTLttotPblancDetail.do?houseManageNo=2026910177&pblancNo=2026910177,ID_CORROBORATED_SECONDARY
ATS-2026-BUSAN-000011,해운대 마티안 디 에디션,2026000188,2026-07-01,2026910168,https://www.applyhome.co.kr/ai/aia/selectAPTLttotPblancDetail.do?houseManageNo=2026910168&pblancNo=2026910168,ID_CORROBORATED_SECONDARY
ATS-2026-GN-000012,힐스테이트 평거 센트럴,2026000085,2026-05-28,2026910125,https://www.applyhome.co.kr/ai/aia/selectAPTLttotPblancDetail.do?houseManageNo=2026910125&pblancNo=2026910125,ID_CORROBORATED_SECONDARY
ATS-2026-BUSAN-000018,더샵 트리센트,2026000318,2026-09-10,2026910239,https://www.applyhome.co.kr/ai/aia/selectAPTLttotPblancDetail.do?houseManageNo=2026910239&pblancNo=2026910239,ID_CORROBORATED_SECONDARY
ATS-2026-GG-000058,호반써밋 풍무Ⅲ,2026000329,2026-08-26,2026910229,https://www.applyhome.co.kr/ai/aia/selectAPTLttotPblancDetail.do?houseManageNo=2026910229&pblancNo=2026910229,ID_CORROBORATED_SECONDARY
ATS-2026-GW-000003,강릉 우미 린 더 프리미어,2026000089,2026-06-05,2026910140,https://www.applyhome.co.kr/ai/aia/selectAPTLttotPblancDetail.do?houseManageNo=2026910140&pblancNo=2026910140,ID_CORROBORATED_SECONDARY
ATS-2026-GG-000049,오남역 서희스타힐스 여의재 1단지,2026000365,2026-10-01,2026910253,https://www.applyhome.co.kr/ai/aia/selectAPTLttotPblancDetail.do?houseManageNo=2026910253&pblancNo=2026910253,ID_CORROBORATED_SECONDARY
ATS-2026-GG-000056,의왕역 SK VIEW,2026000301,2026-08-28,2026910225,https://uws.skview.co.kr/data/mu_gongo.pdf,PRIMARY_VERIFIED
ATS-2026-CB-000002,청주 푸르지오 씨엘리체,2026000087,2026-06-01,2026910133,https://www.prugio.com/hb/2026/cieliche/data/gongo_mu.pdf,PRIMARY_VERIFIED
ATS-2026-SEOUL-000020,충정로역자이르네,2026000358,2026-09-28,2026910251,https://www.applyhome.co.kr/ai/aia/selectAPTLttotPblancDetail.do?houseManageNo=2026910251&pblancNo=2026910251,ID_CORROBORATED_SECONDARY
ATS-2026-GG-000021,힐스테이트 시흥더클래스,2026000138,2026-07-07,2026910174,https://www.applyhome.co.kr/ai/aia/selectAPTLttotPblancDetail.do?houseManageNo=2026910174&pblancNo=2026910174,ID_CORROBORATED_SECONDARY
ATS-2026-GN-000002,트리븐 김해,2026000271,2026-08-20,2026910219,https://www.applyhome.co.kr/ai/aia/selectAPTLttotPblancDetail.do?houseManageNo=2026910219&pblancNo=2026910219,ID_CORROBORATED_SECONDARY
ATS-2026-GG-000059,남양주 진접 서한이다음(S1BL),2026000310,2026-09-03,2026910228,https://www.applyhome.co.kr/ai/aia/selectAPTLttotPblancDetail.do?houseManageNo=2026910228&pblancNo=2026910228,ID_CORROBORATED_SECONDARY
ATS-2026-GG-000053,이천 휴먼빌 클래스원,2026000291,2026-09-11,2026940189,https://www.applyhome.co.kr/ai/aia/selectAPTLttotPblancDetail.do?houseManageNo=2026940189&pblancNo=2026940189,ID_CORROBORATED_SECONDARY
ATS-2026-GN-000010,메트로시티 자산 데시앙,2026000163,2026-06-29,2026910171,https://www.applyhome.co.kr/ai/aia/selectAPTLttotPblancDetail.do?houseManageNo=2026910171&pblancNo=2026910171,ID_CORROBORATED_SECONDARY
ATS-2026-SEJONG-000001,"세종 우미 린 센터파크(행정중심복합도시 5-2생활권 S1블록, 글미마을 9단지)",2026000323,2026-10-01,2026910249,https://www.applyhome.co.kr/ai/aia/selectAPTLttotPblancDetail.do?houseManageNo=2026910249&pblancNo=2026910249,ID_CORROBORATED_SECONDARY
ATS-2026-DAEJEON-000002,더샵 관저아르테,2026000129,2026-06-29,2026910163,https://www.applyhome.co.kr/ai/aia/selectAPTLttotPblancDetail.do?houseManageNo=2026910163&pblancNo=2026910163,ID_CORROBORATED_SECONDARY
ATS-2026-ICN-000009,더샵 송도그란테르 G5-11블록,2026000169,2026-07-30,2026910207,https://xn--2i0bq5hvjp1kpzchxro8a528e.kr/gran/data/gongo05_mu.pdf,PRIMARY_VERIFIED
ATS-2026-ICN-000011,더샵 송도그란테르 G5-5블록,2026000167,2026-07-30,2026910206,https://xn--2i0bq5hvjp1kpzchxro8a528e.kr/gran/data/gongo04_mu.pdf,PRIMARY_VERIFIED
ATS-2026-ICN-000012,더샵 송도그란테르 G5-4블록,2026000166,2026-07-30,2026910205,https://xn--2i0bq5hvjp1kpzchxro8a528e.kr/gran/data/gongo03_mu.pdf,PRIMARY_VERIFIED
ATS-2026-ICN-000013,더샵 송도그란테르 G5-3블록,2026000165,2026-07-30,2026910204,https://xn--2i0bq5hvjp1kpzchxro8a528e.kr/gran/data/gongo02_mu.pdf,PRIMARY_VERIFIED
ATS-2026-GN-000006,밀양 수자인 더퍼스트 2단지 공공분양주택,2026000261,2026-09-15,2026940193,https://www.applyhome.co.kr/ai/aia/selectAPTLttotPblancDetail.do?houseManageNo=2026940193&pblancNo=2026940193,ID_CORROBORATED_SECONDARY
ATS-2026-ICN-000004,오션포레베네스트하우스(미단시티 공동8BL),2026000063,2026-07-01,2026910156,https://www.applyhome.co.kr/ai/aia/selectAPTLttotPblancDetail.do?houseManageNo=2026910156&pblancNo=2026910156,ID_CORROBORATED_SECONDARY
ATS-2026-DAEJEON-000001,해링턴플레이스 오룡역,2026000033,2026-07-10,2026940143,https://www.applyhome.co.kr/ai/aia/selectAPTLttotPblancDetail.do?houseManageNo=2026940143&pblancNo=2026940143,ID_CORROBORATED_SECONDARY
ATS-2026-GG-000032,고덕신도시 아테라 A-63블록 공공분양주택,2026000124,2026-09-07,2026940191,https://www.applyhome.co.kr/ai/aia/selectAPTLttotPblancDetail.do?houseManageNo=2026940191&pblancNo=2026940191,ID_CORROBORATED_SECONDARY
