apttosell_project_id,house_manage_no,project_name,region,initial_announcement_date,event_sequence,derived_first_followup_date,days_to_first_followup,project_followup_event_count,event_type,event_verification_status,source_initial_url,verification_note
ATS-2026-BUSAN-000001,2026000002,e편한세상 센텀 하이베뉴,부산,2026-01-30,1,2026-03-11,40,1,followup_supply_observed_unspecified,DERIVED_FIRST_EVENT_DATE,https://www.applyhome.co.kr/ai/aia/selectAPTLttotPblancDetail.do?houseManageNo=2026000002&pblancNo=2026000002,First follow-up date derived as initial_announcement_date + days_to_first_followup from the published project-level analysis. Event subtype is not assigned because the project table does not preserve subtype-level evidence.
ATS-2026-ICN-000001,2025000572,포레나더샵 인천시청역,인천,2026-01-30,1,2026-03-12,41,3,followup_supply_observed_unspecified,DERIVED_FIRST_EVENT_DATE,https://www.applyhome.co.kr/ai/aia/selectAPTLttotPblancDetail.do?houseManageNo=2025000572&pblancNo=2025000572,First follow-up date derived as initial_announcement_date + days_to_first_followup from the published project-level analysis. Event subtype is not assigned because the project table does not preserve subtype-level evidence.
ATS-2026-GG-000002,2025000652,안양역 센트럴 아이파크 수자인,경기,2026-01-23,1,2026-03-11,47,3,followup_supply_observed_unspecified,DERIVED_FIRST_EVENT_DATE,https://www.applyhome.co.kr/ai/aia/selectAPTLttotPblancDetail.do?houseManageNo=2025000652&pblancNo=2025000652,First follow-up date derived as initial_announcement_date + days_to_first_followup from the published project-level analysis. Event subtype is not assigned because the project table does not preserve subtype-level evidence.
ATS-2026-JEJU-000001,2025000639,서귀포시 서홍동 형남아파트6차,제주,2026-01-16,1,2026-03-05,48,1,followup_supply_observed_unspecified,DERIVED_FIRST_EVENT_DATE,https://www.applyhome.co.kr/ai/aia/selectAPTLttotPblancDetail.do?houseManageNo=2025000639&pblancNo=2025000639,First follow-up date derived as initial_announcement_date + days_to_first_followup from the published project-level analysis. Event subtype is not assigned because the project table does not preserve subtype-level evidence.
ATS-2026-GG-000003,2025000656,사우역 지엔하임,경기,2026-01-09,1,2026-02-26,48,1,followup_supply_observed_unspecified,DERIVED_FIRST_EVENT_DATE,https://www.applyhome.co.kr/ai/aia/selectAPTLttotPblancDetail.do?houseManageNo=2025000656&pblancNo=2025000656,First follow-up date derived as initial_announcement_date + days_to_first_followup from the published project-level analysis. Event subtype is not assigned because the project table does not preserve subtype-level evidence.
ATS-2026-GG-000004,2025000628,북오산자이 리버블시티,경기,2026-01-09,1,2026-02-20,42,2,followup_supply_observed_unspecified,DERIVED_FIRST_EVENT_DATE,https://www.applyhome.co.kr/ai/aia/selectAPTLttotPblancDetail.do?houseManageNo=2025000628&pblancNo=2025000628,First follow-up date derived as initial_announcement_date + days_to_first_followup from the published project-level analysis. Event subtype is not assigned because the project table does not preserve subtype-level evidence.
ATS-2026-GG-000005,2025000510,두산위브 더센트럴 수원,경기,2026-02-27,1,2026-04-09,41,1,followup_supply_observed_unspecified,DERIVED_FIRST_EVENT_DATE,https://www.applyhome.co.kr/ai/aia/selectAPTLttotPblancDetail.do?houseManageNo=2025000510&pblancNo=2025000510,First follow-up date derived as initial_announcement_date + days_to_first_followup from the published project-level analysis. Event subtype is not assigned because the project table does not preserve subtype-level evidence.
ATS-2026-SEOUL-000001,2026000028,해링턴플레이스 노원 센트럴,서울,2026-02-20,1,2026-04-28,67,3,followup_supply_observed_unspecified,DERIVED_FIRST_EVENT_DATE,https://www.applyhome.co.kr/ai/aia/selectAPTLttotPblancDetail.do?houseManageNo=2026000028&pblancNo=2026000028,First follow-up date derived as initial_announcement_date + days_to_first_followup from the published project-level analysis. Event subtype is not assigned because the project table does not preserve subtype-level evidence.
ATS-2026-CN-000001,2026000015,천안 아이파크 시티 6단지,충남,2026-02-20,1,2026-04-01,40,1,followup_supply_observed_unspecified,DERIVED_FIRST_EVENT_DATE,https://www.applyhome.co.kr/ai/aia/selectAPTLttotPblancDetail.do?houseManageNo=2026000015&pblancNo=2026000015,First follow-up date derived as initial_announcement_date + days_to_first_followup from the published project-level analysis. Event subtype is not assigned because the project table does not preserve subtype-level evidence.
ATS-2026-CN-000002,2026000014,천안 아이파크 시티 5단지,충남,2026-02-20,1,2026-04-01,40,1,followup_supply_observed_unspecified,DERIVED_FIRST_EVENT_DATE,https://www.applyhome.co.kr/ai/aia/selectAPTLttotPblancDetail.do?houseManageNo=2026000014&pblancNo=2026000014,First follow-up date derived as initial_announcement_date + days_to_first_followup from the published project-level analysis. Event subtype is not assigned because the project table does not preserve subtype-level evidence.
ATS-2026-BUSAN-000002,2026000020,금정산 하늘채 루미엘,부산,2026-02-13,1,2026-03-25,40,1,followup_supply_observed_unspecified,DERIVED_FIRST_EVENT_DATE,https://www.applyhome.co.kr/ai/aia/selectAPTLttotPblancDetail.do?houseManageNo=2026000020&pblancNo=2026000020,First follow-up date derived as initial_announcement_date + days_to_first_followup from the published project-level analysis. Event subtype is not assigned because the project table does not preserve subtype-level evidence.
ATS-2026-GG-000007,2026000017,쌍용 더 플래티넘 온수역,경기,2026-02-13,1,2026-03-25,40,1,followup_supply_observed_unspecified,DERIVED_FIRST_EVENT_DATE,https://www.applyhome.co.kr/ai/aia/selectAPTLttotPblancDetail.do?houseManageNo=2026000017&pblancNo=2026000017,First follow-up date derived as initial_announcement_date + days_to_first_followup from the published project-level analysis. Event subtype is not assigned because the project table does not preserve subtype-level evidence.
ATS-2026-GG-000001,2026000019,구리역 하이니티 리버파크,경기,2026-02-11,1,2026-04-13,61,2,followup_supply_observed_unspecified,DERIVED_FIRST_EVENT_DATE,https://www.applyhome.co.kr/ai/aia/selectAPTLttotPblancDetail.do?houseManageNo=2026000019&pblancNo=2026000019,First follow-up date derived as initial_announcement_date + days_to_first_followup from the published project-level analysis. Event subtype is not assigned because the project table does not preserve subtype-level evidence.
ATS-2026-BUSAN-000004,2026000074,엄궁역 트라비스 하늘채,부산,2026-03-27,1,2026-05-07,41,1,followup_supply_observed_unspecified,DERIVED_FIRST_EVENT_DATE,https://www.applyhome.co.kr/ai/aia/selectAPTLttotPblancDetail.do?houseManageNo=2026000074&pblancNo=2026000074,First follow-up date derived as initial_announcement_date + days_to_first_followup from the published project-level analysis. Event subtype is not assigned because the project table does not preserve subtype-level evidence.
ATS-2026-GG-000008,2026000070,힐스테이트 안양펠루스,경기,2026-03-27,1,2026-05-29,63,2,followup_supply_observed_unspecified,DERIVED_FIRST_EVENT_DATE,https://www.applyhome.co.kr/ai/aia/selectAPTLttotPblancDetail.do?houseManageNo=2026000070&pblancNo=2026000070,First follow-up date derived as initial_announcement_date + days_to_first_followup from the published project-level analysis. Event subtype is not assigned because the project table does not preserve subtype-level evidence.
ATS-2026-ICN-000003,2026000062,중앙하이츠 갈산역 센트럴,인천,2026-03-27,1,2026-05-14,48,2,followup_supply_observed_unspecified,DERIVED_FIRST_EVENT_DATE,https://www.applyhome.co.kr/ai/aia/selectAPTLttotPblancDetail.do?houseManageNo=2026000062&pblancNo=2026000062,First follow-up date derived as initial_announcement_date + days_to_first_followup from the published project-level analysis. Event subtype is not assigned because the project table does not preserve subtype-level evidence.
ATS-2026-BUSAN-000005,2026000012,경성대부경대역 비스타동원 더 프리미엄,부산,2026-03-27,1,2026-05-06,40,1,followup_supply_observed_unspecified,DERIVED_FIRST_EVENT_DATE,https://www.applyhome.co.kr/ai/aia/selectAPTLttotPblancDetail.do?houseManageNo=2026000012&pblancNo=2026000012,First follow-up date derived as initial_announcement_date + days_to_first_followup from the published project-level analysis. Event subtype is not assigned because the project table does not preserve subtype-level evidence.
ATS-2026-GG-000009,2026000055,의정부역 센트럴 아이파크,경기,2026-03-26,1,2026-05-13,48,5,followup_supply_observed_unspecified,DERIVED_FIRST_EVENT_DATE,https://www.applyhome.co.kr/ai/aia/selectAPTLttotPblancDetail.do?houseManageNo=2026000055&pblancNo=2026000055,First follow-up date derived as initial_announcement_date + days_to_first_followup from the published project-level analysis. Event subtype is not assigned because the project table does not preserve subtype-level evidence.
ATS-2026-GN-000001,2026000075,창원자이 더 스카이,경남,2026-03-20,1,2026-04-29,40,1,followup_supply_observed_unspecified,DERIVED_FIRST_EVENT_DATE,https://www.applyhome.co.kr/ai/aia/selectAPTLttotPblancDetail.do?houseManageNo=2026000075&pblancNo=2026000075,First follow-up date derived as initial_announcement_date + days_to_first_followup from the published project-level analysis. Event subtype is not assigned because the project table does not preserve subtype-level evidence.
ATS-2026-BUSAN-000006,2026000066,한화포레나 부산당리,부산,2026-03-20,1,2026-04-29,40,1,followup_supply_observed_unspecified,DERIVED_FIRST_EVENT_DATE,https://www.applyhome.co.kr/ai/aia/selectAPTLttotPblancDetail.do?houseManageNo=2026000066&pblancNo=2026000066,First follow-up date derived as initial_announcement_date + days_to_first_followup from the published project-level analysis. Event subtype is not assigned because the project table does not preserve subtype-level evidence.
ATS-2026-CN-000004,2026000051,아산탕정자이 메트로시티(A3BL),충남,2026-03-20,1,2026-04-29,40,1,followup_supply_observed_unspecified,DERIVED_FIRST_EVENT_DATE,https://www.applyhome.co.kr/ai/aia/selectAPTLttotPblancDetail.do?houseManageNo=2026000051&pblancNo=2026000051,First follow-up date derived as initial_announcement_date + days_to_first_followup from the published project-level analysis. Event subtype is not assigned because the project table does not preserve subtype-level evidence.
ATS-2026-ICN-000004,2026000063,오션포레베네스트하우스(미단시티 공동8BL),인천,2026-03-18,1,2026-07-01,105,1,followup_supply_observed_unspecified,DERIVED_FIRST_EVENT_DATE,https://www.applyhome.co.kr/ai/aia/selectAPTLttotPblancDetail.do?houseManageNo=2026000063&pblancNo=2026000063,First follow-up date derived as initial_announcement_date + days_to_first_followup from the published project-level analysis. Event subtype is not assigned because the project table does not preserve subtype-level evidence.
ATS-2026-GG-000011,2026000044,용인 플랫폼시티 라온프라이빗 아르디에,경기,2026-03-13,1,2026-04-22,40,3,followup_supply_observed_unspecified,DERIVED_FIRST_EVENT_DATE,https://www.applyhome.co.kr/ai/aia/selectAPTLttotPblancDetail.do?houseManageNo=2026000044&pblancNo=2026000044,First follow-up date derived as initial_announcement_date + days_to_first_followup from the published project-level analysis. Event subtype is not assigned because the project table does not preserve subtype-level evidence.
ATS-2026-DAEJEON-000001,2026000033,해링턴플레이스 오룡역,대전,2026-03-13,1,2026-07-10,119,1,followup_supply_observed_unspecified,DERIVED_FIRST_EVENT_DATE,https://www.applyhome.co.kr/ai/aia/selectAPTLttotPblancDetail.do?houseManageNo=2026000033&pblancNo=2026000033,First follow-up date derived as initial_announcement_date + days_to_first_followup from the published project-level analysis. Event subtype is not assigned because the project table does not preserve subtype-level evidence.
ATS-2026-GB-000002,2026000038,상주자이르네,경북,2026-03-09,1,2026-04-09,31,1,followup_supply_observed_unspecified,DERIVED_FIRST_EVENT_DATE,https://www.applyhome.co.kr/ai/aia/selectAPTLttotPblancDetail.do?houseManageNo=2026000038&pblancNo=2026000038,First follow-up date derived as initial_announcement_date + days_to_first_followup from the published project-level analysis. Event subtype is not assigned because the project table does not preserve subtype-level evidence.
ATS-2026-GG-000012,2026000043,부천역 에피트 어바닉,경기,2026-03-06,1,2026-04-15,40,5,followup_supply_observed_unspecified,DERIVED_FIRST_EVENT_DATE,https://www.applyhome.co.kr/ai/aia/selectAPTLttotPblancDetail.do?houseManageNo=2026000043&pblancNo=2026000043,First follow-up date derived as initial_announcement_date + days_to_first_followup from the published project-level analysis. Event subtype is not assigned because the project table does not preserve subtype-level evidence.
ATS-2026-SEOUL-000008,2026000039,래미안 엘라비네,서울,2026-03-06,1,2026-04-21,46,2,followup_supply_observed_unspecified,DERIVED_FIRST_EVENT_DATE,https://www.applyhome.co.kr/ai/aia/selectAPTLttotPblancDetail.do?houseManageNo=2026000039&pblancNo=2026000039,First follow-up date derived as initial_announcement_date + days_to_first_followup from the published project-level analysis. Event subtype is not assigned because the project table does not preserve subtype-level evidence.
ATS-2026-JN-000001,2026000036,e편한세상 여수 글렌츠,전남,2026-03-06,1,2026-04-15,40,1,followup_supply_observed_unspecified,DERIVED_FIRST_EVENT_DATE,https://www.applyhome.co.kr/ai/aia/selectAPTLttotPblancDetail.do?houseManageNo=2026000036&pblancNo=2026000036,First follow-up date derived as initial_announcement_date + days_to_first_followup from the published project-level analysis. Event subtype is not assigned because the project table does not preserve subtype-level evidence.
ATS-2026-ICN-000005,2026000035,연수 월드메르디앙 어반포레,인천,2026-03-03,1,2026-04-28,56,2,followup_supply_observed_unspecified,DERIVED_FIRST_EVENT_DATE,https://www.applyhome.co.kr/ai/aia/selectAPTLttotPblancDetail.do?houseManageNo=2026000035&pblancNo=2026000035,First follow-up date derived as initial_announcement_date + days_to_first_followup from the published project-level analysis. Event subtype is not assigned because the project table does not preserve subtype-level evidence.
ATS-2026-GN-000002,2026000271,트리븐 김해,경남,2026-06-26,1,2026-08-20,55,1,followup_supply_observed_unspecified,DERIVED_FIRST_EVENT_DATE,https://www.applyhome.co.kr/ai/aia/selectAPTLttotPblancDetail.do?houseManageNo=2026000271&pblancNo=2026000271,First follow-up date derived as initial_announcement_date + days_to_first_followup from the published project-level analysis. Event subtype is not assigned because the project table does not preserve subtype-level evidence.
ATS-2026-SEOUL-000009,2026000275,장위 푸르지오 마크원,서울,2026-06-19,1,2026-08-05,47,2,followup_supply_observed_unspecified,DERIVED_FIRST_EVENT_DATE,https://www.applyhome.co.kr/ai/aia/selectAPTLttotPblancDetail.do?houseManageNo=2026000275&pblancNo=2026000275,First follow-up date derived as initial_announcement_date + days_to_first_followup from the published project-level analysis. Event subtype is not assigned because the project table does not preserve subtype-level evidence.
ATS-2026-GB-000003,2026000273,펜타힐즈 더블유 1단지,경북,2026-06-19,1,2026-07-29,40,1,followup_supply_observed_unspecified,DERIVED_FIRST_EVENT_DATE,https://www.applyhome.co.kr/ai/aia/selectAPTLttotPblancDetail.do?houseManageNo=2026000273&pblancNo=2026000273,First follow-up date derived as initial_announcement_date + days_to_first_followup from the published project-level analysis. Event subtype is not assigned because the project table does not preserve subtype-level evidence.
ATS-2026-GN-000004,2026000270,김해 신문 센트럴 아이파크,경남,2026-06-19,1,2026-07-28,39,1,followup_supply_observed_unspecified,DERIVED_FIRST_EVENT_DATE,https://www.applyhome.co.kr/ai/aia/selectAPTLttotPblancDetail.do?houseManageNo=2026000270&pblancNo=2026000270,First follow-up date derived as initial_announcement_date + days_to_first_followup from the published project-level analysis. Event subtype is not assigned because the project table does not preserve subtype-level evidence.
ATS-2026-GN-000006,2026000261,밀양 수자인 더퍼스트 2단지 공공분양주택,경남,2026-06-19,1,2026-09-15,88,1,followup_supply_observed_unspecified,DERIVED_FIRST_EVENT_DATE,https://www.applyhome.co.kr/ai/aia/selectAPTLttotPblancDetail.do?houseManageNo=2026000261&pblancNo=2026000261,First follow-up date derived as initial_announcement_date + days_to_first_followup from the published project-level analysis. Event subtype is not assigned because the project table does not preserve subtype-level evidence.
ATS-2026-SEOUL-000010,2026000241,드파인 아르티아,서울,2026-06-19,1,2026-08-07,49,2,followup_supply_observed_unspecified,DERIVED_FIRST_EVENT_DATE,https://www.applyhome.co.kr/ai/aia/selectAPTLttotPblancDetail.do?houseManageNo=2026000241&pblancNo=2026000241,First follow-up date derived as initial_announcement_date + days_to_first_followup from the published project-level analysis. Event subtype is not assigned because the project table does not preserve subtype-level evidence.
ATS-2026-GG-000015,2026000248,북오산자이 드포레,경기,2026-06-12,1,2026-07-29,47,2,followup_supply_observed_unspecified,DERIVED_FIRST_EVENT_DATE,https://www.applyhome.co.kr/ai/aia/selectAPTLttotPblancDetail.do?houseManageNo=2026000248&pblancNo=2026000248,First follow-up date derived as initial_announcement_date + days_to_first_followup from the published project-level analysis. Event subtype is not assigned because the project table does not preserve subtype-level evidence.
ATS-2026-GN-000008,2026000224,힐스테이트 양산더스카이 2단지,경남,2026-06-12,1,2026-07-22,40,1,followup_supply_observed_unspecified,DERIVED_FIRST_EVENT_DATE,https://www.applyhome.co.kr/ai/aia/selectAPTLttotPblancDetail.do?houseManageNo=2026000224&pblancNo=2026000224,First follow-up date derived as initial_announcement_date + days_to_first_followup from the published project-level analysis. Event subtype is not assigned because the project table does not preserve subtype-level evidence.
ATS-2026-GN-000009,2026000223,힐스테이트 양산더스카이 1단지,경남,2026-06-12,1,2026-07-22,40,1,followup_supply_observed_unspecified,DERIVED_FIRST_EVENT_DATE,https://www.applyhome.co.kr/ai/aia/selectAPTLttotPblancDetail.do?houseManageNo=2026000223&pblancNo=2026000223,First follow-up date derived as initial_announcement_date + days_to_first_followup from the published project-level analysis. Event subtype is not assigned because the project table does not preserve subtype-level evidence.
ATS-2026-GG-000017,2026000237,평택 고덕 우미 린 프레스티지(Abc-36BL),경기,2026-06-05,1,2026-07-16,41,1,followup_supply_observed_unspecified,DERIVED_FIRST_EVENT_DATE,https://www.applyhome.co.kr/ai/aia/selectAPTLttotPblancDetail.do?houseManageNo=2026000237&pblancNo=2026000237,First follow-up date derived as initial_announcement_date + days_to_first_followup from the published project-level analysis. Event subtype is not assigned because the project table does not preserve subtype-level evidence.
ATS-2026-CN-000005,2026000226,백석시그니처자이 2단지,충남,2026-06-05,1,2026-07-14,39,1,followup_supply_observed_unspecified,DERIVED_FIRST_EVENT_DATE,https://www.applyhome.co.kr/ai/aia/selectAPTLttotPblancDetail.do?houseManageNo=2026000226&pblancNo=2026000226,First follow-up date derived as initial_announcement_date + days_to_first_followup from the published project-level analysis. Event subtype is not assigned because the project table does not preserve subtype-level evidence.
ATS-2026-CN-000006,2026000225,백석시그니처자이 1단지,충남,2026-06-05,1,2026-07-14,39,1,followup_supply_observed_unspecified,DERIVED_FIRST_EVENT_DATE,https://www.applyhome.co.kr/ai/aia/selectAPTLttotPblancDetail.do?houseManageNo=2026000225&pblancNo=2026000225,First follow-up date derived as initial_announcement_date + days_to_first_followup from the published project-level analysis. Event subtype is not assigned because the project table does not preserve subtype-level evidence.
ATS-2026-BUSAN-000009,2026000148,알티에로 광안,부산,2026-06-05,1,2026-07-16,41,1,followup_supply_observed_unspecified,DERIVED_FIRST_EVENT_DATE,https://www.applyhome.co.kr/ai/aia/selectAPTLttotPblancDetail.do?houseManageNo=2026000148&pblancNo=2026000148,First follow-up date derived as initial_announcement_date + days_to_first_followup from the published project-level analysis. Event subtype is not assigned because the project table does not preserve subtype-level evidence.
ATS-2026-GG-000019,2026000219,호반써밋 풍무Ⅱ,경기,2026-05-22,1,2026-07-09,48,1,followup_supply_observed_unspecified,DERIVED_FIRST_EVENT_DATE,https://www.applyhome.co.kr/ai/aia/selectAPTLttotPblancDetail.do?houseManageNo=2026000219&pblancNo=2026000219,First follow-up date derived as initial_announcement_date + days_to_first_followup from the published project-level analysis. Event subtype is not assigned because the project table does not preserve subtype-level evidence.
ATS-2026-GG-000020,2026000205,수원역 아너스빌 타임원,경기,2026-05-22,1,2026-07-06,45,2,followup_supply_observed_unspecified,DERIVED_FIRST_EVENT_DATE,https://www.applyhome.co.kr/ai/aia/selectAPTLttotPblancDetail.do?houseManageNo=2026000205&pblancNo=2026000205,First follow-up date derived as initial_announcement_date + days_to_first_followup from the published project-level analysis. Event subtype is not assigned because the project table does not preserve subtype-level evidence.
ATS-2026-GW-000002,2026000173,더 리치먼드 리버센트 소양,강원,2026-05-22,1,2026-07-03,42,1,followup_supply_observed_unspecified,DERIVED_FIRST_EVENT_DATE,https://www.applyhome.co.kr/ai/aia/selectAPTLttotPblancDetail.do?houseManageNo=2026000173&pblancNo=2026000173,First follow-up date derived as initial_announcement_date + days_to_first_followup from the published project-level analysis. Event subtype is not assigned because the project table does not preserve subtype-level evidence.
ATS-2026-BUSAN-000010,2026000217,동래사적공원 오네뜨,부산,2026-05-15,1,2026-06-24,40,1,followup_supply_observed_unspecified,DERIVED_FIRST_EVENT_DATE,https://www.applyhome.co.kr/ai/aia/selectAPTLttotPblancDetail.do?houseManageNo=2026000217&pblancNo=2026000217,First follow-up date derived as initial_announcement_date + days_to_first_followup from the published project-level analysis. Event subtype is not assigned because the project table does not preserve subtype-level evidence.
ATS-2026-ICN-000008,2026000162,검암역자이르네,인천,2026-05-15,1,2026-06-25,41,1,followup_supply_observed_unspecified,DERIVED_FIRST_EVENT_DATE,https://www.applyhome.co.kr/ai/aia/selectAPTLttotPblancDetail.do?houseManageNo=2026000162&pblancNo=2026000162,First follow-up date derived as initial_announcement_date + days_to_first_followup from the published project-level analysis. Event subtype is not assigned because the project table does not preserve subtype-level evidence.
ATS-2026-GG-000021,2026000138,힐스테이트 시흥더클래스,경기,2026-05-15,1,2026-07-07,53,1,followup_supply_observed_unspecified,DERIVED_FIRST_EVENT_DATE,https://www.applyhome.co.kr/ai/aia/selectAPTLttotPblancDetail.do?houseManageNo=2026000138&pblancNo=2026000138,First follow-up date derived as initial_announcement_date + days_to_first_followup from the published project-level analysis. Event subtype is not assigned because the project table does not preserve subtype-level evidence.
ATS-2026-SEOUL-000012,2026000120,써밋 더힐,서울,2026-05-15,1,2026-06-30,46,1,followup_supply_observed_unspecified,DERIVED_FIRST_EVENT_DATE,https://www.applyhome.co.kr/ai/aia/selectAPTLttotPblancDetail.do?houseManageNo=2026000120&pblancNo=2026000120,First follow-up date derived as initial_announcement_date + days_to_first_followup from the published project-level analysis. Event subtype is not assigned because the project table does not preserve subtype-level evidence.
ATS-2026-BUSAN-000011,2026000188,해운대 마티안 디 에디션,부산,2026-05-14,1,2026-07-01,48,1,followup_supply_observed_unspecified,DERIVED_FIRST_EVENT_DATE,https://www.applyhome.co.kr/ai/aia/selectAPTLttotPblancDetail.do?houseManageNo=2026000188&pblancNo=2026000188,First follow-up date derived as initial_announcement_date + days_to_first_followup from the published project-level analysis. Event subtype is not assigned because the project table does not preserve subtype-level evidence.
ATS-2026-GG-000022,2026000187,엘리프 역곡,경기,2026-05-14,1,2026-06-24,41,1,followup_supply_observed_unspecified,DERIVED_FIRST_EVENT_DATE,https://www.applyhome.co.kr/ai/aia/selectAPTLttotPblancDetail.do?houseManageNo=2026000187&pblancNo=2026000187,First follow-up date derived as initial_announcement_date + days_to_first_followup from the published project-level analysis. Event subtype is not assigned because the project table does not preserve subtype-level evidence.
ATS-2026-SEOUL-000013,2026000116,아크로 리버스카이,서울,2026-05-13,1,2026-07-23,71,2,followup_supply_observed_unspecified,DERIVED_FIRST_EVENT_DATE,https://www.applyhome.co.kr/ai/aia/selectAPTLttotPblancDetail.do?houseManageNo=2026000116&pblancNo=2026000116,First follow-up date derived as initial_announcement_date + days_to_first_followup from the published project-level analysis. Event subtype is not assigned because the project table does not preserve subtype-level evidence.
ATS-2026-GG-000024,2026000178,중앙하이츠 원종역,경기,2026-05-08,1,2026-06-19,42,3,followup_supply_observed_unspecified,DERIVED_FIRST_EVENT_DATE,https://www.applyhome.co.kr/ai/aia/selectAPTLttotPblancDetail.do?houseManageNo=2026000178&pblancNo=2026000178,First follow-up date derived as initial_announcement_date + days_to_first_followup from the published project-level analysis. Event subtype is not assigned because the project table does not preserve subtype-level evidence.
ATS-2026-BUSAN-000012,2026000172,두산위브 트리니뷰 구명역,부산,2026-05-08,1,2026-06-19,42,1,followup_supply_observed_unspecified,DERIVED_FIRST_EVENT_DATE,https://www.applyhome.co.kr/ai/aia/selectAPTLttotPblancDetail.do?houseManageNo=2026000172&pblancNo=2026000172,First follow-up date derived as initial_announcement_date + days_to_first_followup from the published project-level analysis. Event subtype is not assigned because the project table does not preserve subtype-level evidence.
ATS-2026-ICN-000009,2026000169,더샵 송도그란테르 G5-11블록,인천,2026-05-07,1,2026-07-30,84,1,followup_supply_observed_unspecified,DERIVED_FIRST_EVENT_DATE,https://www.applyhome.co.kr/ai/aia/selectAPTLttotPblancDetail.do?houseManageNo=2026000169&pblancNo=2026000169,First follow-up date derived as initial_announcement_date + days_to_first_followup from the published project-level analysis. Event subtype is not assigned because the project table does not preserve subtype-level evidence.
ATS-2026-ICN-000011,2026000167,더샵 송도그란테르 G5-5블록,인천,2026-05-07,1,2026-07-30,84,1,followup_supply_observed_unspecified,DERIVED_FIRST_EVENT_DATE,https://www.applyhome.co.kr/ai/aia/selectAPTLttotPblancDetail.do?houseManageNo=2026000167&pblancNo=2026000167,First follow-up date derived as initial_announcement_date + days_to_first_followup from the published project-level analysis. Event subtype is not assigned because the project table does not preserve subtype-level evidence.
ATS-2026-ICN-000012,2026000166,더샵 송도그란테르 G5-4블록,인천,2026-05-07,1,2026-07-30,84,1,followup_supply_observed_unspecified,DERIVED_FIRST_EVENT_DATE,https://www.applyhome.co.kr/ai/aia/selectAPTLttotPblancDetail.do?houseManageNo=2026000166&pblancNo=2026000166,First follow-up date derived as initial_announcement_date + days_to_first_followup from the published project-level analysis. Event subtype is not assigned because the project table does not preserve subtype-level evidence.
ATS-2026-ICN-000013,2026000165,더샵 송도그란테르 G5-3블록,인천,2026-05-07,1,2026-07-30,84,1,followup_supply_observed_unspecified,DERIVED_FIRST_EVENT_DATE,https://www.applyhome.co.kr/ai/aia/selectAPTLttotPblancDetail.do?houseManageNo=2026000165&pblancNo=2026000165,First follow-up date derived as initial_announcement_date + days_to_first_followup from the published project-level analysis. Event subtype is not assigned because the project table does not preserve subtype-level evidence.
ATS-2026-GB-000004,2026000170,상주북천 하늘채 파크원,경북,2026-04-30,1,2026-06-09,40,1,followup_supply_observed_unspecified,DERIVED_FIRST_EVENT_DATE,https://www.applyhome.co.kr/ai/aia/selectAPTLttotPblancDetail.do?houseManageNo=2026000170&pblancNo=2026000170,First follow-up date derived as initial_announcement_date + days_to_first_followup from the published project-level analysis. Event subtype is not assigned because the project table does not preserve subtype-level evidence.
ATS-2026-GN-000010,2026000163,메트로시티 자산 데시앙,경남,2026-04-30,1,2026-06-29,60,1,followup_supply_observed_unspecified,DERIVED_FIRST_EVENT_DATE,https://www.applyhome.co.kr/ai/aia/selectAPTLttotPblancDetail.do?houseManageNo=2026000163&pblancNo=2026000163,First follow-up date derived as initial_announcement_date + days_to_first_followup from the published project-level analysis. Event subtype is not assigned because the project table does not preserve subtype-level evidence.
ATS-2026-CN-000007,2026000053,공주월송 진아레히,충남,2026-04-30,1,2026-06-10,41,1,followup_supply_observed_unspecified,DERIVED_FIRST_EVENT_DATE,https://www.applyhome.co.kr/ai/aia/selectAPTLttotPblancDetail.do?houseManageNo=2026000053&pblancNo=2026000053,First follow-up date derived as initial_announcement_date + days_to_first_followup from the published project-level analysis. Event subtype is not assigned because the project table does not preserve subtype-level evidence.
ATS-2026-GG-000027,2026000155,고덕국제신도시 수자인풍경채 2단지,경기,2026-04-29,1,2026-06-10,42,1,followup_supply_observed_unspecified,DERIVED_FIRST_EVENT_DATE,https://www.applyhome.co.kr/ai/aia/selectAPTLttotPblancDetail.do?houseManageNo=2026000155&pblancNo=2026000155,First follow-up date derived as initial_announcement_date + days_to_first_followup from the published project-level analysis. Event subtype is not assigned because the project table does not preserve subtype-level evidence.
ATS-2026-GG-000028,2026000154,고덕국제신도시 수자인풍경채 1단지,경기,2026-04-29,1,2026-06-10,42,1,followup_supply_observed_unspecified,DERIVED_FIRST_EVENT_DATE,https://www.applyhome.co.kr/ai/aia/selectAPTLttotPblancDetail.do?houseManageNo=2026000154&pblancNo=2026000154,First follow-up date derived as initial_announcement_date + days_to_first_followup from the published project-level analysis. Event subtype is not assigned because the project table does not preserve subtype-level evidence.
ATS-2026-SEOUL-000014,2026000156,더 리치먼드 미아,서울,2026-04-27,1,2026-06-18,52,4,followup_supply_observed_unspecified,DERIVED_FIRST_EVENT_DATE,https://www.applyhome.co.kr/ai/aia/selectAPTLttotPblancDetail.do?houseManageNo=2026000156&pblancNo=2026000156,First follow-up date derived as initial_announcement_date + days_to_first_followup from the published project-level analysis. Event subtype is not assigned because the project table does not preserve subtype-level evidence.
ATS-2026-DAEJEON-000002,2026000129,더샵 관저아르테,대전,2026-04-24,1,2026-06-29,66,1,followup_supply_observed_unspecified,DERIVED_FIRST_EVENT_DATE,https://www.applyhome.co.kr/ai/aia/selectAPTLttotPblancDetail.do?houseManageNo=2026000129&pblancNo=2026000129,First follow-up date derived as initial_announcement_date + days_to_first_followup from the published project-level analysis. Event subtype is not assigned because the project table does not preserve subtype-level evidence.
ATS-2026-JN-000003,2026000091,소제지구 A4BL 중흥S-클래스 우미린,전남,2026-04-24,1,2026-06-02,39,1,followup_supply_observed_unspecified,DERIVED_FIRST_EVENT_DATE,https://www.applyhome.co.kr/ai/aia/selectAPTLttotPblancDetail.do?houseManageNo=2026000091&pblancNo=2026000091,First follow-up date derived as initial_announcement_date + days_to_first_followup from the published project-level analysis. Event subtype is not assigned because the project table does not preserve subtype-level evidence.
ATS-2026-JN-000004,2026000090,소제지구 A3BL 중흥S-클래스 우미린,전남,2026-04-24,1,2026-06-02,39,1,followup_supply_observed_unspecified,DERIVED_FIRST_EVENT_DATE,https://www.applyhome.co.kr/ai/aia/selectAPTLttotPblancDetail.do?houseManageNo=2026000090&pblancNo=2026000090,First follow-up date derived as initial_announcement_date + days_to_first_followup from the published project-level analysis. Event subtype is not assigned because the project table does not preserve subtype-level evidence.
ATS-2026-GG-000030,2026000152,e편한세상 부천 어반스퀘어,경기,2026-04-23,1,2026-06-09,47,1,followup_supply_observed_unspecified,DERIVED_FIRST_EVENT_DATE,https://www.applyhome.co.kr/ai/aia/selectAPTLttotPblancDetail.do?houseManageNo=2026000152&pblancNo=2026000152,First follow-up date derived as initial_announcement_date + days_to_first_followup from the published project-level analysis. Event subtype is not assigned because the project table does not preserve subtype-level evidence.
ATS-2026-CN-000009,2026000150,엘리프 성성호수공원 2BL,충남,2026-04-23,1,2026-06-04,42,1,followup_supply_observed_unspecified,DERIVED_FIRST_EVENT_DATE,https://www.applyhome.co.kr/ai/aia/selectAPTLttotPblancDetail.do?houseManageNo=2026000150&pblancNo=2026000150,First follow-up date derived as initial_announcement_date + days_to_first_followup from the published project-level analysis. Event subtype is not assigned because the project table does not preserve subtype-level evidence.
ATS-2026-CN-000010,2026000149,엘리프 성성호수공원 1BL,충남,2026-04-23,1,2026-06-04,42,1,followup_supply_observed_unspecified,DERIVED_FIRST_EVENT_DATE,https://www.applyhome.co.kr/ai/aia/selectAPTLttotPblancDetail.do?houseManageNo=2026000149&pblancNo=2026000149,First follow-up date derived as initial_announcement_date + days_to_first_followup from the published project-level analysis. Event subtype is not assigned because the project table does not preserve subtype-level evidence.
ATS-2026-GG-000032,2026000124,고덕신도시 아테라 A-63블록 공공분양주택,경기,2026-04-17,1,2026-09-07,143,1,followup_supply_observed_unspecified,DERIVED_FIRST_EVENT_DATE,https://www.applyhome.co.kr/ai/aia/selectAPTLttotPblancDetail.do?houseManageNo=2026000124&pblancNo=2026000124,First follow-up date derived as initial_announcement_date + days_to_first_followup from the published project-level analysis. Event subtype is not assigned because the project table does not preserve subtype-level evidence.
ATS-2026-GG-000033,2026000107,경기광주역 롯데캐슬 시그니처 1단지,경기,2026-04-17,1,2026-06-02,46,1,followup_supply_observed_unspecified,DERIVED_FIRST_EVENT_DATE,https://www.applyhome.co.kr/ai/aia/selectAPTLttotPblancDetail.do?houseManageNo=2026000107&pblancNo=2026000107,First follow-up date derived as initial_announcement_date + days_to_first_followup from the published project-level analysis. Event subtype is not assigned because the project table does not preserve subtype-level evidence.
ATS-2026-GW-000003,2026000089,강릉 우미 린 더 프리미어,강원,2026-04-17,1,2026-06-05,49,1,followup_supply_observed_unspecified,DERIVED_FIRST_EVENT_DATE,https://www.applyhome.co.kr/ai/aia/selectAPTLttotPblancDetail.do?houseManageNo=2026000089&pblancNo=2026000089,First follow-up date derived as initial_announcement_date + days_to_first_followup from the published project-level analysis. Event subtype is not assigned because the project table does not preserve subtype-level evidence.
ATS-2026-ULSAN-000002,2026000121,문수로 라티에르 673,울산,2026-04-10,1,2026-05-21,41,1,followup_supply_observed_unspecified,DERIVED_FIRST_EVENT_DATE,https://www.applyhome.co.kr/ai/aia/selectAPTLttotPblancDetail.do?houseManageNo=2026000121&pblancNo=2026000121,First follow-up date derived as initial_announcement_date + days_to_first_followup from the published project-level analysis. Event subtype is not assigned because the project table does not preserve subtype-level evidence.
ATS-2026-GG-000035,2026000112,용인 고림 동문 디 이스트,경기,2026-04-10,1,2026-05-22,42,1,followup_supply_observed_unspecified,DERIVED_FIRST_EVENT_DATE,https://www.applyhome.co.kr/ai/aia/selectAPTLttotPblancDetail.do?houseManageNo=2026000112&pblancNo=2026000112,First follow-up date derived as initial_announcement_date + days_to_first_followup from the published project-level analysis. Event subtype is not assigned because the project table does not preserve subtype-level evidence.
ATS-2026-DAEJEON-000003,2026000105,도안자이 센텀리체 2단지,대전,2026-04-10,1,2026-05-20,40,1,followup_supply_observed_unspecified,DERIVED_FIRST_EVENT_DATE,https://www.applyhome.co.kr/ai/aia/selectAPTLttotPblancDetail.do?houseManageNo=2026000105&pblancNo=2026000105,First follow-up date derived as initial_announcement_date + days_to_first_followup from the published project-level analysis. Event subtype is not assigned because the project table does not preserve subtype-level evidence.
ATS-2026-DAEJEON-000004,2026000104,도안자이 센텀리체 1단지,대전,2026-04-10,1,2026-05-20,40,1,followup_supply_observed_unspecified,DERIVED_FIRST_EVENT_DATE,https://www.applyhome.co.kr/ai/aia/selectAPTLttotPblancDetail.do?houseManageNo=2026000104&pblancNo=2026000104,First follow-up date derived as initial_announcement_date + days_to_first_followup from the published project-level analysis. Event subtype is not assigned because the project table does not preserve subtype-level evidence.
ATS-2026-CB-000002,2026000087,청주 푸르지오 씨엘리체,충북,2026-04-10,1,2026-06-01,52,1,followup_supply_observed_unspecified,DERIVED_FIRST_EVENT_DATE,https://www.applyhome.co.kr/ai/aia/selectAPTLttotPblancDetail.do?houseManageNo=2026000087&pblancNo=2026000087,First follow-up date derived as initial_announcement_date + days_to_first_followup from the published project-level analysis. Event subtype is not assigned because the project table does not preserve subtype-level evidence.
ATS-2026-GN-000012,2026000085,힐스테이트 평거 센트럴,경남,2026-04-10,1,2026-05-28,48,1,followup_supply_observed_unspecified,DERIVED_FIRST_EVENT_DATE,https://www.applyhome.co.kr/ai/aia/selectAPTLttotPblancDetail.do?houseManageNo=2026000085&pblancNo=2026000085,First follow-up date derived as initial_announcement_date + days_to_first_followup from the published project-level analysis. Event subtype is not assigned because the project table does not preserve subtype-level evidence.
ATS-2026-GB-000005,2026000093,더샵 안동더퍼스트,경북,2026-04-09,1,2026-05-21,42,1,followup_supply_observed_unspecified,DERIVED_FIRST_EVENT_DATE,https://www.applyhome.co.kr/ai/aia/selectAPTLttotPblancDetail.do?houseManageNo=2026000093&pblancNo=2026000093,First follow-up date derived as initial_announcement_date + days_to_first_followup from the published project-level analysis. Event subtype is not assigned because the project table does not preserve subtype-level evidence.
ATS-2026-GG-000036,2026000049,"옥정중앙역 대방 디에트르(중상1, 복합1BL)",경기,2026-04-09,1,2026-05-18,39,4,followup_supply_observed_unspecified,DERIVED_FIRST_EVENT_DATE,https://www.applyhome.co.kr/ai/aia/selectAPTLttotPblancDetail.do?houseManageNo=2026000049&pblancNo=2026000049,First follow-up date derived as initial_announcement_date + days_to_first_followup from the published project-level analysis. Event subtype is not assigned because the project table does not preserve subtype-level evidence.
ATS-2026-GG-000037,2026000069,야목역 서희스타힐스 그랜드힐,경기,2026-04-06,1,2026-05-18,42,2,followup_supply_observed_unspecified,DERIVED_FIRST_EVENT_DATE,https://www.applyhome.co.kr/ai/aia/selectAPTLttotPblancDetail.do?houseManageNo=2026000069&pblancNo=2026000069,First follow-up date derived as initial_announcement_date + days_to_first_followup from the published project-level analysis. Event subtype is not assigned because the project table does not preserve subtype-level evidence.
ATS-2026-SEOUL-000016,2026000094,라클라체자이드파인,서울,2026-04-03,1,2026-05-19,46,1,followup_supply_observed_unspecified,DERIVED_FIRST_EVENT_DATE,https://www.applyhome.co.kr/ai/aia/selectAPTLttotPblancDetail.do?houseManageNo=2026000094&pblancNo=2026000094,First follow-up date derived as initial_announcement_date + days_to_first_followup from the published project-level analysis. Event subtype is not assigned because the project table does not preserve subtype-level evidence.
ATS-2026-CN-000012,2026000086,업성 푸르지오 레이크시티,충남,2026-04-03,1,2026-05-13,40,1,followup_supply_observed_unspecified,DERIVED_FIRST_EVENT_DATE,https://www.applyhome.co.kr/ai/aia/selectAPTLttotPblancDetail.do?houseManageNo=2026000086&pblancNo=2026000086,First follow-up date derived as initial_announcement_date + days_to_first_followup from the published project-level analysis. Event subtype is not assigned because the project table does not preserve subtype-level evidence.
ATS-2026-JB-000003,2026000077,북전주 광신프로그레스,전북,2026-04-03,1,2026-05-13,40,1,followup_supply_observed_unspecified,DERIVED_FIRST_EVENT_DATE,https://www.applyhome.co.kr/ai/aia/selectAPTLttotPblancDetail.do?houseManageNo=2026000077&pblancNo=2026000077,First follow-up date derived as initial_announcement_date + days_to_first_followup from the published project-level analysis. Event subtype is not assigned because the project table does not preserve subtype-level evidence.
ATS-2026-GG-000038,2026000073,풍무역세권 수자인 그라센트 2차,경기,2026-04-03,1,2026-07-22,110,3,followup_supply_observed_unspecified,DERIVED_FIRST_EVENT_DATE,https://www.applyhome.co.kr/ai/aia/selectAPTLttotPblancDetail.do?houseManageNo=2026000073&pblancNo=2026000073,First follow-up date derived as initial_announcement_date + days_to_first_followup from the published project-level analysis. Event subtype is not assigned because the project table does not preserve subtype-level evidence.
ATS-2026-GW-000004,2026000071,르네오션 고성 퍼스트뷰,강원,2026-04-03,1,2026-05-12,39,1,followup_supply_observed_unspecified,DERIVED_FIRST_EVENT_DATE,https://www.applyhome.co.kr/ai/aia/selectAPTLttotPblancDetail.do?houseManageNo=2026000071&pblancNo=2026000071,First follow-up date derived as initial_announcement_date + days_to_first_followup from the published project-level analysis. Event subtype is not assigned because the project table does not preserve subtype-level evidence.
ATS-2026-GWANGJU-000003,2026000342,제일풍경채 첨단3지구(A6BL),광주,2026-08-14,1,2026-09-22,39,1,followup_supply_observed_unspecified,DERIVED_FIRST_EVENT_DATE,https://www.applyhome.co.kr/ai/aia/selectAPTLttotPblancDetail.do?houseManageNo=2026000342&pblancNo=2026000342,First follow-up date derived as initial_announcement_date + days_to_first_followup from the published project-level analysis. Event subtype is not assigned because the project table does not preserve subtype-level evidence.
ATS-2026-GG-000049,2026000365,오남역 서희스타힐스 여의재 1단지,경기,2026-08-13,1,2026-10-01,49,1,followup_supply_observed_unspecified,DERIVED_FIRST_EVENT_DATE,https://www.applyhome.co.kr/ai/aia/selectAPTLttotPblancDetail.do?houseManageNo=2026000365&pblancNo=2026000365,First follow-up date derived as initial_announcement_date + days_to_first_followup from the published project-level analysis. Event subtype is not assigned because the project table does not preserve subtype-level evidence.
ATS-2026-GG-000050,2026000382,두산위브더제니스 부천,경기,2026-08-12,1,2026-09-16,35,1,followup_supply_observed_unspecified,DERIVED_FIRST_EVENT_DATE,https://www.applyhome.co.kr/ai/aia/selectAPTLttotPblancDetail.do?houseManageNo=2026000382&pblancNo=2026000382,First follow-up date derived as initial_announcement_date + days_to_first_followup from the published project-level analysis. Event subtype is not assigned because the project table does not preserve subtype-level evidence.
ATS-2026-GG-000051,2026000371,용인반도체클러스터 동일하이빌 파크밸리(D1-1블록),경기,2026-08-07,1,2026-09-16,40,1,followup_supply_observed_unspecified,DERIVED_FIRST_EVENT_DATE,https://www.applyhome.co.kr/ai/aia/selectAPTLttotPblancDetail.do?houseManageNo=2026000371&pblancNo=2026000371,First follow-up date derived as initial_announcement_date + days_to_first_followup from the published project-level analysis. Event subtype is not assigned because the project table does not preserve subtype-level evidence.
ATS-2026-SEOUL-000020,2026000358,충정로역자이르네,서울,2026-08-07,1,2026-09-28,52,1,followup_supply_observed_unspecified,DERIVED_FIRST_EVENT_DATE,https://www.applyhome.co.kr/ai/aia/selectAPTLttotPblancDetail.do?houseManageNo=2026000358&pblancNo=2026000358,First follow-up date derived as initial_announcement_date + days_to_first_followup from the published project-level analysis. Event subtype is not assigned because the project table does not preserve subtype-level evidence.
ATS-2026-SEJONG-000001,2026000323,"세종 우미 린 센터파크(행정중심복합도시 5-2생활권 S1블록, 글미마을 9단지)",세종,2026-07-31,1,2026-10-01,62,1,followup_supply_observed_unspecified,DERIVED_FIRST_EVENT_DATE,https://www.applyhome.co.kr/ai/aia/selectAPTLttotPblancDetail.do?houseManageNo=2026000323&pblancNo=2026000323,First follow-up date derived as initial_announcement_date + days_to_first_followup from the published project-level analysis. Event subtype is not assigned because the project table does not preserve subtype-level evidence.
ATS-2026-GG-000052,2026000367,한강 푸르지오 리버프론트,경기,2026-07-30,1,2026-09-09,41,1,followup_supply_observed_unspecified,DERIVED_FIRST_EVENT_DATE,https://www.applyhome.co.kr/ai/aia/selectAPTLttotPblancDetail.do?houseManageNo=2026000367&pblancNo=2026000367,First follow-up date derived as initial_announcement_date + days_to_first_followup from the published project-level analysis. Event subtype is not assigned because the project table does not preserve subtype-level evidence.
ATS-2026-BUSAN-000017,2026000356,두산위브더제니스 대연,부산,2026-07-30,1,2026-09-09,41,1,followup_supply_observed_unspecified,DERIVED_FIRST_EVENT_DATE,https://www.applyhome.co.kr/ai/aia/selectAPTLttotPblancDetail.do?houseManageNo=2026000356&pblancNo=2026000356,First follow-up date derived as initial_announcement_date + days_to_first_followup from the published project-level analysis. Event subtype is not assigned because the project table does not preserve subtype-level evidence.
ATS-2026-BUSAN-000018,2026000318,더샵 트리센트,부산,2026-07-24,1,2026-09-10,48,1,followup_supply_observed_unspecified,DERIVED_FIRST_EVENT_DATE,https://www.applyhome.co.kr/ai/aia/selectAPTLttotPblancDetail.do?houseManageNo=2026000318&pblancNo=2026000318,First follow-up date derived as initial_announcement_date + days_to_first_followup from the published project-level analysis. Event subtype is not assigned because the project table does not preserve subtype-level evidence.
ATS-2026-GG-000053,2026000291,이천 휴먼빌 클래스원,경기,2026-07-16,1,2026-09-11,57,1,followup_supply_observed_unspecified,DERIVED_FIRST_EVENT_DATE,https://www.applyhome.co.kr/ai/aia/selectAPTLttotPblancDetail.do?houseManageNo=2026000291&pblancNo=2026000291,First follow-up date derived as initial_announcement_date + days_to_first_followup from the published project-level analysis. Event subtype is not assigned because the project table does not preserve subtype-level evidence.
ATS-2026-GN-000016,2026000282,창원 한신더휴 메가센텀,경남,2026-07-16,1,2026-08-27,42,1,followup_supply_observed_unspecified,DERIVED_FIRST_EVENT_DATE,https://www.applyhome.co.kr/ai/aia/selectAPTLttotPblancDetail.do?houseManageNo=2026000282&pblancNo=2026000282,First follow-up date derived as initial_announcement_date + days_to_first_followup from the published project-level analysis. Event subtype is not assigned because the project table does not preserve subtype-level evidence.
ATS-2026-GG-000055,2026000315,오산헤리티지자이 1단지,경기,2026-07-10,1,2026-08-25,46,1,followup_supply_observed_unspecified,DERIVED_FIRST_EVENT_DATE,https://www.applyhome.co.kr/ai/aia/selectAPTLttotPblancDetail.do?houseManageNo=2026000315&pblancNo=2026000315,First follow-up date derived as initial_announcement_date + days_to_first_followup from the published project-level analysis. Event subtype is not assigned because the project table does not preserve subtype-level evidence.
ATS-2026-GW-000006,2026000312,춘천 리버뷰 아이파크,강원,2026-07-10,1,2026-08-19,40,1,followup_supply_observed_unspecified,DERIVED_FIRST_EVENT_DATE,https://www.applyhome.co.kr/ai/aia/selectAPTLttotPblancDetail.do?houseManageNo=2026000312&pblancNo=2026000312,First follow-up date derived as initial_announcement_date + days_to_first_followup from the published project-level analysis. Event subtype is not assigned because the project table does not preserve subtype-level evidence.
ATS-2026-GG-000056,2026000301,의왕역 SK VIEW,경기,2026-07-10,1,2026-08-28,49,1,followup_supply_observed_unspecified,DERIVED_FIRST_EVENT_DATE,https://www.applyhome.co.kr/ai/aia/selectAPTLttotPblancDetail.do?houseManageNo=2026000301&pblancNo=2026000301,First follow-up date derived as initial_announcement_date + days_to_first_followup from the published project-level analysis. Event subtype is not assigned because the project table does not preserve subtype-level evidence.
ATS-2026-GG-000058,2026000329,호반써밋 풍무Ⅲ,경기,2026-07-09,1,2026-08-26,48,1,followup_supply_observed_unspecified,DERIVED_FIRST_EVENT_DATE,https://www.applyhome.co.kr/ai/aia/selectAPTLttotPblancDetail.do?houseManageNo=2026000329&pblancNo=2026000329,First follow-up date derived as initial_announcement_date + days_to_first_followup from the published project-level analysis. Event subtype is not assigned because the project table does not preserve subtype-level evidence.
ATS-2026-GG-000059,2026000310,남양주 진접 서한이다음(S1BL),경기,2026-07-09,1,2026-09-03,56,1,followup_supply_observed_unspecified,DERIVED_FIRST_EVENT_DATE,https://www.applyhome.co.kr/ai/aia/selectAPTLttotPblancDetail.do?houseManageNo=2026000310&pblancNo=2026000310,First follow-up date derived as initial_announcement_date + days_to_first_followup from the published project-level analysis. Event subtype is not assigned because the project table does not preserve subtype-level evidence.
