promotion_rank,apttosell_project_id,project_name,derived_first_followup_date,current_status,official_notice_id,current_evidence_url,promotion_target,promotion_status,promotion_note,official_applyhome_candidate_url,applyhome_access_status,promotion_blocker,last_audited_date
1,ATS-2026-GG-000009,의정부역 센트럴 아이파크,2026-05-13,ID_CORROBORATED_SECONDARY,2026910114,https://naejipeodi.co.kr/subscription/2026910114,Direct official ApplyHome/LH/project notice artifact,BLOCKED_DIRECT_PRIMARY_ACCESS,Numeric notice ID already recovered; prioritize direct official artifact verification.,https://www.applyhome.co.kr/ai/aia/selectAPTLttotPblancDetail.do?houseManageNo=2026910114&pblancNo=2026910114,DIRECT_ENDPOINT_BLOCKED_IN_CURRENT_TOOL,"Numeric notice ID is known, but the official ApplyHome detail endpoint is not accessible in the current web tool environment. Keep current evidence status until an official artifact is directly inspectable.",2026-10-05
2,ATS-2026-SEOUL-000014,더 리치먼드 미아,2026-06-18,ID_CORROBORATED_SECONDARY,2026910155,https://www.psust.com/abyg_main/apt_byg_type3_view?HOUSE_MANAGE_NO=2026910155&HSS=1174&PBLANC_NO=2026910155&SEARCH_VAL=&page=1275,Direct official ApplyHome/LH/project notice artifact,BLOCKED_DIRECT_PRIMARY_ACCESS,Numeric notice ID already recovered; prioritize direct official artifact verification.,https://www.applyhome.co.kr/ai/aia/selectAPTLttotPblancDetail.do?houseManageNo=2026910155&pblancNo=2026910155,DIRECT_ENDPOINT_BLOCKED_IN_CURRENT_TOOL,"Numeric notice ID is known, but the official ApplyHome detail endpoint is not accessible in the current web tool environment. Keep current evidence status until an official artifact is directly inspectable.",2026-10-05
3,ATS-2026-GG-000024,중앙하이츠 원종역,2026-06-19,ID_CORROBORATED_SECONDARY,2026910157,https://partnexa.com/local/applyhome-pblanc-view.asp?HOUSE_MANAGE_NO=2026910157&PBLANC_NO=2026910157&PblancNo=4246,Direct official ApplyHome/LH/project notice artifact,BLOCKED_DIRECT_PRIMARY_ACCESS,Numeric notice ID already recovered; prioritize direct official artifact verification.,https://www.applyhome.co.kr/ai/aia/selectAPTLttotPblancDetail.do?houseManageNo=2026910157&pblancNo=2026910157,DIRECT_ENDPOINT_BLOCKED_IN_CURRENT_TOOL,"Numeric notice ID is known, but the official ApplyHome detail endpoint is not accessible in the current web tool environment. Keep current evidence status until an official artifact is directly inspectable.",2026-10-05
4,ATS-2026-GG-000002,안양역 센트럴 아이파크 수자인,2026-03-11,ID_CORROBORATED_SECONDARY,2026910062,https://partnexa.com/local/applyhome-pblanc-strategy-report.asp?HOUSE_MANAGE_NO=2026910062&PBLANC_NO=2026910062&PblancNo=131,Direct official ApplyHome/LH/project notice artifact,BLOCKED_DIRECT_PRIMARY_ACCESS,Numeric notice ID already recovered; prioritize direct official artifact verification.,https://www.applyhome.co.kr/ai/aia/selectAPTLttotPblancDetail.do?houseManageNo=2026910062&pblancNo=2026910062,DIRECT_ENDPOINT_BLOCKED_IN_CURRENT_TOOL,"Numeric notice ID is known, but the official ApplyHome detail endpoint is not accessible in the current web tool environment. Keep current evidence status until an official artifact is directly inspectable.",2026-10-05
5,ATS-2026-SEOUL-000001,해링턴플레이스 노원 센트럴,2026-04-28,ID_CORROBORATED_SECONDARY,2026910100,https://www.psust.com/abyg_main/apt_byg_type3_view?HOUSE_MANAGE_NO=2026910100&HSS=1691&PBLANC_NO=2026910100,Direct official ApplyHome/LH/project notice artifact,BLOCKED_DIRECT_PRIMARY_ACCESS,Numeric notice ID already recovered; prioritize direct official artifact verification.,https://www.applyhome.co.kr/ai/aia/selectAPTLttotPblancDetail.do?houseManageNo=2026910100&pblancNo=2026910100,DIRECT_ENDPOINT_BLOCKED_IN_CURRENT_TOOL,"Numeric notice ID is known, but the official ApplyHome detail endpoint is not accessible in the current web tool environment. Keep current evidence status until an official artifact is directly inspectable.",2026-10-05
6,ATS-2026-GG-000038,풍무역세권 수자인 그라센트 2차,2026-07-22,ID_CORROBORATED_SECONDARY,2026940155,https://naejipeodi.co.kr/subscription/2026940155,Direct official ApplyHome/LH/project notice artifact,BLOCKED_DIRECT_PRIMARY_ACCESS,Numeric notice ID already recovered; prioritize direct official artifact verification.,https://www.applyhome.co.kr/ai/aia/selectAPTLttotPblancDetail.do?houseManageNo=2026940155&pblancNo=2026940155,DIRECT_ENDPOINT_BLOCKED_IN_CURRENT_TOOL,"Numeric notice ID is known, but the official ApplyHome detail endpoint is not accessible in the current web tool environment. Keep current evidence status until an official artifact is directly inspectable.",2026-10-05
7,ATS-2026-GG-000037,야목역 서희스타힐스 그랜드힐,2026-05-18,ID_CORROBORATED_SECONDARY,2026910120,https://www.psust.com/abyg_main/apt_byg_type3_view?HOUSE_MANAGE_NO=2026910120&HSS=18283&PBLANC_NO=2026910120&SEARCH_VAL=&page=1,Direct official ApplyHome/LH/project notice artifact,BLOCKED_DIRECT_PRIMARY_ACCESS,Numeric notice ID already recovered; prioritize direct official artifact verification.,https://www.applyhome.co.kr/ai/aia/selectAPTLttotPblancDetail.do?houseManageNo=2026910120&pblancNo=2026910120,DIRECT_ENDPOINT_BLOCKED_IN_CURRENT_TOOL,"Numeric notice ID is known, but the official ApplyHome detail endpoint is not accessible in the current web tool environment. Keep current evidence status until an official artifact is directly inspectable.",2026-10-05
8,ATS-2026-GG-000015,북오산자이 드포레,2026-07-29,ID_CORROBORATED_SECONDARY,2026940164,https://naejipeodi.co.kr/subscription/2026940164,Direct official ApplyHome/LH/project notice artifact,BLOCKED_DIRECT_PRIMARY_ACCESS,Numeric notice ID already recovered; prioritize direct official artifact verification.,https://www.applyhome.co.kr/ai/aia/selectAPTLttotPblancDetail.do?houseManageNo=2026940164&pblancNo=2026940164,DIRECT_ENDPOINT_BLOCKED_IN_CURRENT_TOOL,"Numeric notice ID is known, but the official ApplyHome detail endpoint is not accessible in the current web tool environment. Keep current evidence status until an official artifact is directly inspectable.",2026-10-05
9,ATS-2026-ICN-000003,중앙하이츠 갈산역 센트럴,2026-05-14,ID_CORROBORATED_SECONDARY,2026910112,https://valuestockplus.net/housing/%EC%95%84%ED%8C%8C%ED%8A%B8-%EC%9E%94%EC%97%AC%EC%84%B8%EB%8C%80/2026910112-%EC%A4%91%EC%95%99%ED%95%98%EC%9D%B4%EC%B8%A0-%EA%B0%88%EC%82%B0%EC%97%AD-%EC%84%BC%ED%8A%B8%EB%9F%B4,Direct official ApplyHome/LH/project notice artifact,BLOCKED_DIRECT_PRIMARY_ACCESS,Numeric notice ID already recovered; prioritize direct official artifact verification.,https://www.applyhome.co.kr/ai/aia/selectAPTLttotPblancDetail.do?houseManageNo=2026910112&pblancNo=2026910112,DIRECT_ENDPOINT_BLOCKED_IN_CURRENT_TOOL,"Numeric notice ID is known, but the official ApplyHome detail endpoint is not accessible in the current web tool environment. Keep current evidence status until an official artifact is directly inspectable.",2026-10-05
10,ATS-2026-SEOUL-000010,드파인 아르티아,2026-08-07,ID_CORROBORATED_SECONDARY,2026910233,https://bunyangmap.com/project/48975,Direct official ApplyHome/LH/project notice artifact,BLOCKED_DIRECT_PRIMARY_ACCESS,Numeric notice ID already recovered; prioritize direct official artifact verification.,https://www.applyhome.co.kr/ai/aia/selectAPTLttotPblancDetail.do?houseManageNo=2026910233&pblancNo=2026910233,DIRECT_ENDPOINT_BLOCKED_IN_CURRENT_TOOL,"Numeric notice ID is known, but the official ApplyHome detail endpoint is not accessible in the current web tool environment. Keep current evidence status until an official artifact is directly inspectable.",2026-10-05
11,ATS-2026-ICN-000005,연수 월드메르디앙 어반포레,2026-04-28,ID_CORROBORATED_SECONDARY,2026940086,https://bunyangpan.com/apply_apt/2026940086,Direct official ApplyHome/LH/project notice artifact,BLOCKED_DIRECT_PRIMARY_ACCESS,Numeric notice ID already recovered; prioritize direct official artifact verification.,https://www.applyhome.co.kr/ai/aia/selectAPTLttotPblancDetail.do?houseManageNo=2026940086&pblancNo=2026940086,DIRECT_ENDPOINT_BLOCKED_IN_CURRENT_TOOL,"Numeric notice ID is known, but the official ApplyHome detail endpoint is not accessible in the current web tool environment. Keep current evidence status until an official artifact is directly inspectable.",2026-10-05
12,ATS-2026-GG-000001,구리역 하이니티 리버파크,2026-04-13,ID_CORROBORATED_SECONDARY,2026910080,https://apt-wise.com/sale/2026910080,Direct official ApplyHome/LH/project notice artifact,BLOCKED_DIRECT_PRIMARY_ACCESS,Numeric notice ID already recovered; prioritize direct official artifact verification.,https://www.applyhome.co.kr/ai/aia/selectAPTLttotPblancDetail.do?houseManageNo=2026910080&pblancNo=2026910080,DIRECT_ENDPOINT_BLOCKED_IN_CURRENT_TOOL,"Numeric notice ID is known, but the official ApplyHome detail endpoint is not accessible in the current web tool environment. Keep current evidence status until an official artifact is directly inspectable.",2026-10-05
13,ATS-2026-GG-000008,힐스테이트 안양펠루스,2026-05-29,ID_CORROBORATED_SECONDARY,2026910141,https://www.psust.com/abyg_main/apt_byg_type3_view?HOUSE_MANAGE_NO=2026910141&HSS=14032&PBLANC_NO=2026910141&SEARCH_VAL=&page=1260,Direct official ApplyHome/LH/project notice artifact,BLOCKED_DIRECT_PRIMARY_ACCESS,Numeric notice ID already recovered; prioritize direct official artifact verification.,https://www.applyhome.co.kr/ai/aia/selectAPTLttotPblancDetail.do?houseManageNo=2026910141&pblancNo=2026910141,DIRECT_ENDPOINT_BLOCKED_IN_CURRENT_TOOL,"Numeric notice ID is known, but the official ApplyHome detail endpoint is not accessible in the current web tool environment. Keep current evidence status until an official artifact is directly inspectable.",2026-10-05
14,ATS-2026-SEOUL-000013,아크로 리버스카이,2026-07-23,ID_CORROBORATED_SECONDARY,2026910194,https://partnexa.com/local/applyhome-pblanc-view.asp?HOUSE_MANAGE_NO=2026910194&PBLANC_NO=2026910194&PblancNo=5068,Direct official ApplyHome/LH/project notice artifact,BLOCKED_DIRECT_PRIMARY_ACCESS,Numeric notice ID already recovered; prioritize direct official artifact verification.,https://www.applyhome.co.kr/ai/aia/selectAPTLttotPblancDetail.do?houseManageNo=2026910194&pblancNo=2026910194,DIRECT_ENDPOINT_BLOCKED_IN_CURRENT_TOOL,"Numeric notice ID is known, but the official ApplyHome detail endpoint is not accessible in the current web tool environment. Keep current evidence status until an official artifact is directly inspectable.",2026-10-05
15,ATS-2026-GB-000002,상주자이르네,2026-04-09,ID_CORROBORATED_SECONDARY,2026910084,https://www.psust.com/abyg_main/apt_byg_type3_view?HOUSE_MANAGE_NO=2026910084&HSS=37111&PBLANC_NO=2026910084&SEARCH_VAL=&page=1,Direct official ApplyHome/LH/project notice artifact,BLOCKED_DIRECT_PRIMARY_ACCESS,Numeric notice ID already recovered; prioritize direct official artifact verification.,https://www.applyhome.co.kr/ai/aia/selectAPTLttotPblancDetail.do?houseManageNo=2026910084&pblancNo=2026910084,DIRECT_ENDPOINT_BLOCKED_IN_CURRENT_TOOL,"Numeric notice ID is known, but the official ApplyHome detail endpoint is not accessible in the current web tool environment. Keep current evidence status until an official artifact is directly inspectable.",2026-10-05
16,ATS-2026-GG-000050,두산위브더제니스 부천,2026-09-16,ID_CORROBORATED_SECONDARY,2026910241,https://partnexa.com/local/applyhome-pblanc-view.asp?HOUSE_MANAGE_NO=2026910241&PBLANC_NO=2026910241&PblancNo=5182,Direct official ApplyHome/LH/project notice artifact,BLOCKED_DIRECT_PRIMARY_ACCESS,Numeric notice ID already recovered; prioritize direct official artifact verification.,https://www.applyhome.co.kr/ai/aia/selectAPTLttotPblancDetail.do?houseManageNo=2026910241&pblancNo=2026910241,DIRECT_ENDPOINT_BLOCKED_IN_CURRENT_TOOL,"Numeric notice ID is known, but the official ApplyHome detail endpoint is not accessible in the current web tool environment. Keep current evidence status until an official artifact is directly inspectable.",2026-10-05
17,ATS-2026-GN-000004,김해 신문 센트럴 아이파크,2026-07-28,ID_CORROBORATED_SECONDARY,2026910193,https://partnexa.com/local/applyhome-pblanc-view.asp?HOUSE_MANAGE_NO=2026910193&PBLANC_NO=2026910193&PblancNo=5078,Direct official ApplyHome/LH/project notice artifact,BLOCKED_DIRECT_PRIMARY_ACCESS,Numeric notice ID already recovered; prioritize direct official artifact verification.,https://www.applyhome.co.kr/ai/aia/selectAPTLttotPblancDetail.do?houseManageNo=2026910193&pblancNo=2026910193,DIRECT_ENDPOINT_BLOCKED_IN_CURRENT_TOOL,"Numeric notice ID is known, but the official ApplyHome detail endpoint is not accessible in the current web tool environment. Keep current evidence status until an official artifact is directly inspectable.",2026-10-05
18,ATS-2026-CN-000005,백석시그니처자이 2단지,2026-07-14,ID_CORROBORATED_SECONDARY,2026910188,https://partnexa.com/local/applyhome-pblanc-strategy-report.asp?HOUSE_MANAGE_NO=2026910188&PBLANC_NO=2026910188&PblancNo=5048,Direct official ApplyHome/LH/project notice artifact,BLOCKED_DIRECT_PRIMARY_ACCESS,Numeric notice ID already recovered; prioritize direct official artifact verification.,https://www.applyhome.co.kr/ai/aia/selectAPTLttotPblancDetail.do?houseManageNo=2026910188&pblancNo=2026910188,DIRECT_ENDPOINT_BLOCKED_IN_CURRENT_TOOL,"Numeric notice ID is known, but the official ApplyHome detail endpoint is not accessible in the current web tool environment. Keep current evidence status until an official artifact is directly inspectable.",2026-10-05
19,ATS-2026-CN-000006,백석시그니처자이 1단지,2026-07-14,ID_CORROBORATED_SECONDARY,2026910187,https://partnexa.com/local/applyhome-pblanc-strategy-report.asp?HOUSE_MANAGE_NO=2026910187&PBLANC_NO=2026910187&PblancNo=5047,Direct official ApplyHome/LH/project notice artifact,BLOCKED_DIRECT_PRIMARY_ACCESS,Numeric notice ID already recovered; prioritize direct official artifact verification.,https://www.applyhome.co.kr/ai/aia/selectAPTLttotPblancDetail.do?houseManageNo=2026910187&pblancNo=2026910187,DIRECT_ENDPOINT_BLOCKED_IN_CURRENT_TOOL,"Numeric notice ID is known, but the official ApplyHome detail endpoint is not accessible in the current web tool environment. Keep current evidence status until an official artifact is directly inspectable.",2026-10-05
20,ATS-2026-JN-000003,소제지구 A4BL 중흥S-클래스 우미린,2026-06-02,ID_CORROBORATED_SECONDARY,2026910135,https://apt-wise.com/sale/2026910135,Direct official ApplyHome/LH/project notice artifact,BLOCKED_DIRECT_PRIMARY_ACCESS,Numeric notice ID already recovered; prioritize direct official artifact verification.,https://www.applyhome.co.kr/ai/aia/selectAPTLttotPblancDetail.do?houseManageNo=2026910135&pblancNo=2026910135,DIRECT_ENDPOINT_BLOCKED_IN_CURRENT_TOOL,"Numeric notice ID is known, but the official ApplyHome detail endpoint is not accessible in the current web tool environment. Keep current evidence status until an official artifact is directly inspectable.",2026-10-05
21,ATS-2026-JN-000004,소제지구 A3BL 중흥S-클래스 우미린,2026-06-02,ID_CORROBORATED_SECONDARY,2026910134,https://partnexa.com/local/applyhome-pblanc-strategy-report.asp?HOUSE_MANAGE_NO=2026910134&PBLANC_NO=2026910134&PblancNo=4188,Direct official ApplyHome/LH/project notice artifact,BLOCKED_DIRECT_PRIMARY_ACCESS,Numeric notice ID already recovered; prioritize direct official artifact verification.,https://www.applyhome.co.kr/ai/aia/selectAPTLttotPblancDetail.do?houseManageNo=2026910134&pblancNo=2026910134,DIRECT_ENDPOINT_BLOCKED_IN_CURRENT_TOOL,"Numeric notice ID is known, but the official ApplyHome detail endpoint is not accessible in the current web tool environment. Keep current evidence status until an official artifact is directly inspectable.",2026-10-05
22,ATS-2026-GW-000004,르네오션 고성 퍼스트뷰,2026-05-12,ID_CORROBORATED_SECONDARY,2026910109,https://www.psust.com/abyg_main/apt_byg_type3_view?HOUSE_MANAGE_NO=2026910109&HSS=24758&PBLANC_NO=2026910109&SEARCH_VAL=&page=6,Direct official ApplyHome/LH/project notice artifact,BLOCKED_DIRECT_PRIMARY_ACCESS,Numeric notice ID already recovered; prioritize direct official artifact verification.,https://www.applyhome.co.kr/ai/aia/selectAPTLttotPblancDetail.do?houseManageNo=2026910109&pblancNo=2026910109,DIRECT_ENDPOINT_BLOCKED_IN_CURRENT_TOOL,"Numeric notice ID is known, but the official ApplyHome detail endpoint is not accessible in the current web tool environment. Keep current evidence status until an official artifact is directly inspectable.",2026-10-05
23,ATS-2026-GWANGJU-000003,제일풍경채 첨단3지구(A6BL),2026-09-22,ID_CORROBORATED_SECONDARY,2026910248,https://partnexa.com/local/applyhome-pblanc-strategy-report.asp?HOUSE_MANAGE_NO=2026910248&PBLANC_NO=2026910248&PblancNo=5199,Direct official ApplyHome/LH/project notice artifact,BLOCKED_DIRECT_PRIMARY_ACCESS,Numeric notice ID already recovered; prioritize direct official artifact verification.,https://www.applyhome.co.kr/ai/aia/selectAPTLttotPblancDetail.do?houseManageNo=2026910248&pblancNo=2026910248,DIRECT_ENDPOINT_BLOCKED_IN_CURRENT_TOOL,"Numeric notice ID is known, but the official ApplyHome detail endpoint is not accessible in the current web tool environment. Keep current evidence status until an official artifact is directly inspectable.",2026-10-05
24,ATS-2026-BUSAN-000001,e편한세상 센텀 하이베뉴,2026-03-11,ID_CORROBORATED_SECONDARY,2026910059,https://www.psust.com/abyg_main/apt_byg_type3_view?HOUSE_MANAGE_NO=2026910059&HSS=48051&PBLANC_NO=2026910059&SEARCH_VAL=&page=1,Direct official ApplyHome/LH/project notice artifact,BLOCKED_DIRECT_PRIMARY_ACCESS,Numeric notice ID already recovered; prioritize direct official artifact verification.,https://www.applyhome.co.kr/ai/aia/selectAPTLttotPblancDetail.do?houseManageNo=2026910059&pblancNo=2026910059,DIRECT_ENDPOINT_BLOCKED_IN_CURRENT_TOOL,"Numeric notice ID is known, but the official ApplyHome detail endpoint is not accessible in the current web tool environment. Keep current evidence status until an official artifact is directly inspectable.",2026-10-05
25,ATS-2026-CN-000001,천안 아이파크 시티 6단지,2026-04-01,ID_CORROBORATED_SECONDARY,2026910074,https://partnexa.com/local/applyhome-pblanc-strategy-report.asp?HOUSE_MANAGE_NO=2026910074&PBLANC_NO=2026910074&PblancNo=143,Direct official ApplyHome/LH/project notice artifact,BLOCKED_DIRECT_PRIMARY_ACCESS,Numeric notice ID already recovered; prioritize direct official artifact verification.,https://www.applyhome.co.kr/ai/aia/selectAPTLttotPblancDetail.do?houseManageNo=2026910074&pblancNo=2026910074,DIRECT_ENDPOINT_BLOCKED_IN_CURRENT_TOOL,"Numeric notice ID is known, but the official ApplyHome detail endpoint is not accessible in the current web tool environment. Keep current evidence status until an official artifact is directly inspectable.",2026-10-05
26,ATS-2026-CN-000002,천안 아이파크 시티 5단지,2026-04-01,ID_CORROBORATED_SECONDARY,2026910073,https://bunyangi.com/assets/img/upload/by/BD92OR4793OL34ICHDAB23VK2026910073%20%EC%B2%9C%EC%95%88%20%EC%95%84%EC%9D%B4%ED%8C%8C%ED%81%AC%20%EC%8B%9C%ED%8B%B0%205%EB%8B%A8%EC%A7%80%20%EB%AC%B4%EC%88%9C%EC%9C%84%20%EC%9E%85%EC%A3%BC%EC%9E%90%EB%AA%A8%EC%A7%91%EA%B3%B5%EA%B3%A0%EB%AC%B8.pdf,Direct official ApplyHome/LH/project notice artifact,BLOCKED_DIRECT_PRIMARY_ACCESS,Numeric notice ID already recovered; prioritize direct official artifact verification.,https://www.applyhome.co.kr/ai/aia/selectAPTLttotPblancDetail.do?houseManageNo=2026910073&pblancNo=2026910073,DIRECT_ENDPOINT_BLOCKED_IN_CURRENT_TOOL,"Numeric notice ID is known, but the official ApplyHome detail endpoint is not accessible in the current web tool environment. Keep current evidence status until an official artifact is directly inspectable.",2026-10-05
27,ATS-2026-BUSAN-000002,금정산 하늘채 루미엘,2026-03-25,ID_CORROBORATED_SECONDARY,2026910068,https://www.psust.com/abyg_main/apt_byg_type3_view?HOUSE_MANAGE_NO=2026910068&HSS=46300&PBLANC_NO=2026910068&SEARCH_VAL=&page=1,Direct official ApplyHome/LH/project notice artifact,BLOCKED_DIRECT_PRIMARY_ACCESS,Numeric notice ID already recovered; prioritize direct official artifact verification.,https://www.applyhome.co.kr/ai/aia/selectAPTLttotPblancDetail.do?houseManageNo=2026910068&pblancNo=2026910068,DIRECT_ENDPOINT_BLOCKED_IN_CURRENT_TOOL,"Numeric notice ID is known, but the official ApplyHome detail endpoint is not accessible in the current web tool environment. Keep current evidence status until an official artifact is directly inspectable.",2026-10-05
28,ATS-2026-GG-000007,쌍용 더 플래티넘 온수역,2026-03-25,ID_CORROBORATED_SECONDARY,2026910070,https://bunyangpan.com/apply_apt/2026910070,Direct official ApplyHome/LH/project notice artifact,BLOCKED_DIRECT_PRIMARY_ACCESS,Numeric notice ID already recovered; prioritize direct official artifact verification.,https://www.applyhome.co.kr/ai/aia/selectAPTLttotPblancDetail.do?houseManageNo=2026910070&pblancNo=2026910070,DIRECT_ENDPOINT_BLOCKED_IN_CURRENT_TOOL,"Numeric notice ID is known, but the official ApplyHome detail endpoint is not accessible in the current web tool environment. Keep current evidence status until an official artifact is directly inspectable.",2026-10-05
29,ATS-2026-BUSAN-000005,경성대부경대역 비스타동원 더 프리미엄,2026-05-06,ID_CORROBORATED_SECONDARY,2026910110,https://www.psust.com/abyg_main/apt_byg_type3_view?HOUSE_MANAGE_NO=2026910110&HSS=48453&PBLANC_NO=2026910110&SEARCH_VAL=&page=1,Direct official ApplyHome/LH/project notice artifact,BLOCKED_DIRECT_PRIMARY_ACCESS,Numeric notice ID already recovered; prioritize direct official artifact verification.,https://www.applyhome.co.kr/ai/aia/selectAPTLttotPblancDetail.do?houseManageNo=2026910110&pblancNo=2026910110,DIRECT_ENDPOINT_BLOCKED_IN_CURRENT_TOOL,"Numeric notice ID is known, but the official ApplyHome detail endpoint is not accessible in the current web tool environment. Keep current evidence status until an official artifact is directly inspectable.",2026-10-05
30,ATS-2026-GN-000001,창원자이 더 스카이,2026-04-29,ID_CORROBORATED_SECONDARY,2026910102,https://www.psust.com/abyg_main/apt_byg_type3_view?HOUSE_MANAGE_NO=2026910102&HSS=51522&PBLANC_NO=2026910102&SEARCH_VAL=&page=1176,Direct official ApplyHome/LH/project notice artifact,BLOCKED_DIRECT_PRIMARY_ACCESS,Numeric notice ID already recovered; prioritize direct official artifact verification.,https://www.applyhome.co.kr/ai/aia/selectAPTLttotPblancDetail.do?houseManageNo=2026910102&pblancNo=2026910102,DIRECT_ENDPOINT_BLOCKED_IN_CURRENT_TOOL,"Numeric notice ID is known, but the official ApplyHome detail endpoint is not accessible in the current web tool environment. Keep current evidence status until an official artifact is directly inspectable.",2026-10-05
31,ATS-2026-BUSAN-000006,한화포레나 부산당리,2026-04-29,ID_CORROBORATED_SECONDARY,2026910098,https://partnexa.com/local/applyhome-pblanc-strategy-report.asp?HOUSE_MANAGE_NO=2026910098&PBLANC_NO=2026910098&PblancNo=3311,Direct official ApplyHome/LH/project notice artifact,BLOCKED_DIRECT_PRIMARY_ACCESS,Numeric notice ID already recovered; prioritize direct official artifact verification.,https://www.applyhome.co.kr/ai/aia/selectAPTLttotPblancDetail.do?houseManageNo=2026910098&pblancNo=2026910098,DIRECT_ENDPOINT_BLOCKED_IN_CURRENT_TOOL,"Numeric notice ID is known, but the official ApplyHome detail endpoint is not accessible in the current web tool environment. Keep current evidence status until an official artifact is directly inspectable.",2026-10-05
32,ATS-2026-CN-000004,아산탕정자이 메트로시티(A3BL),2026-04-29,ID_CORROBORATED_SECONDARY,2026910096,https://bunyangpan.com/apply_apt/2026910096,Direct official ApplyHome/LH/project notice artifact,BLOCKED_DIRECT_PRIMARY_ACCESS,Numeric notice ID already recovered; prioritize direct official artifact verification.,https://www.applyhome.co.kr/ai/aia/selectAPTLttotPblancDetail.do?houseManageNo=2026910096&pblancNo=2026910096,DIRECT_ENDPOINT_BLOCKED_IN_CURRENT_TOOL,"Numeric notice ID is known, but the official ApplyHome detail endpoint is not accessible in the current web tool environment. Keep current evidence status until an official artifact is directly inspectable.",2026-10-05
33,ATS-2026-JN-000001,e편한세상 여수 글렌츠,2026-04-15,ID_CORROBORATED_SECONDARY,2026910086,https://www.psust.com/abyg_main/apt_byg_type3_view?HOUSE_MANAGE_NO=2026910086&HSS=59684&PBLANC_NO=2026910086&SEARCH_VAL=&page=1,Direct official ApplyHome/LH/project notice artifact,BLOCKED_DIRECT_PRIMARY_ACCESS,Numeric notice ID already recovered; prioritize direct official artifact verification.,https://www.applyhome.co.kr/ai/aia/selectAPTLttotPblancDetail.do?houseManageNo=2026910086&pblancNo=2026910086,DIRECT_ENDPOINT_BLOCKED_IN_CURRENT_TOOL,"Numeric notice ID is known, but the official ApplyHome detail endpoint is not accessible in the current web tool environment. Keep current evidence status until an official artifact is directly inspectable.",2026-10-05
34,ATS-2026-GB-000003,펜타힐즈 더블유 1단지,2026-07-29,ID_CORROBORATED_SECONDARY,2026910199,https://www.psust.com/abyg_main/apt_byg_type3_view?HOUSE_MANAGE_NO=2026910199&HSS=38663&PBLANC_NO=2026910199&SEARCH_VAL=&page=15,Direct official ApplyHome/LH/project notice artifact,BLOCKED_DIRECT_PRIMARY_ACCESS,Numeric notice ID already recovered; prioritize direct official artifact verification.,https://www.applyhome.co.kr/ai/aia/selectAPTLttotPblancDetail.do?houseManageNo=2026910199&pblancNo=2026910199,DIRECT_ENDPOINT_BLOCKED_IN_CURRENT_TOOL,"Numeric notice ID is known, but the official ApplyHome detail endpoint is not accessible in the current web tool environment. Keep current evidence status until an official artifact is directly inspectable.",2026-10-05
35,ATS-2026-GN-000008,힐스테이트 양산더스카이 2단지,2026-07-22,ID_CORROBORATED_SECONDARY,2026910192,https://partnexa.com/local/applyhome-pblanc-view.asp?HOUSE_MANAGE_NO=2026910192&PBLANC_NO=2026910192&PblancNo=5062,Direct official ApplyHome/LH/project notice artifact,BLOCKED_DIRECT_PRIMARY_ACCESS,Numeric notice ID already recovered; prioritize direct official artifact verification.,https://www.applyhome.co.kr/ai/aia/selectAPTLttotPblancDetail.do?houseManageNo=2026910192&pblancNo=2026910192,DIRECT_ENDPOINT_BLOCKED_IN_CURRENT_TOOL,"Numeric notice ID is known, but the official ApplyHome detail endpoint is not accessible in the current web tool environment. Keep current evidence status until an official artifact is directly inspectable.",2026-10-05
36,ATS-2026-GN-000009,힐스테이트 양산더스카이 1단지,2026-07-22,ID_CORROBORATED_SECONDARY,2026910191,https://partnexa.com/local/applyhome-pblanc-view.asp?HOUSE_MANAGE_NO=2026910191&PBLANC_NO=2026910191&PblancNo=5061,Direct official ApplyHome/LH/project notice artifact,BLOCKED_DIRECT_PRIMARY_ACCESS,Numeric notice ID already recovered; prioritize direct official artifact verification.,https://www.applyhome.co.kr/ai/aia/selectAPTLttotPblancDetail.do?houseManageNo=2026910191&pblancNo=2026910191,DIRECT_ENDPOINT_BLOCKED_IN_CURRENT_TOOL,"Numeric notice ID is known, but the official ApplyHome detail endpoint is not accessible in the current web tool environment. Keep current evidence status until an official artifact is directly inspectable.",2026-10-05
37,ATS-2026-BUSAN-000010,동래사적공원 오네뜨,2026-06-24,ID_CORROBORATED_SECONDARY,2026910161,https://miutree.com/life/land/no-rank/2026910161-%EB%8F%99%EB%9E%98%EC%82%AC%EC%A0%81%EA%B3%B5%EC%9B%90-%EC%98%A4%EB%84%A4%EB%9C%A8,Direct official ApplyHome/LH/project notice artifact,BLOCKED_DIRECT_PRIMARY_ACCESS,Numeric notice ID already recovered; prioritize direct official artifact verification.,https://www.applyhome.co.kr/ai/aia/selectAPTLttotPblancDetail.do?houseManageNo=2026910161&pblancNo=2026910161,DIRECT_ENDPOINT_BLOCKED_IN_CURRENT_TOOL,"Numeric notice ID is known, but the official ApplyHome detail endpoint is not accessible in the current web tool environment. Keep current evidence status until an official artifact is directly inspectable.",2026-10-05
38,ATS-2026-GB-000004,상주북천 하늘채 파크원,2026-06-09,ID_CORROBORATED_SECONDARY,2026910143,https://bunyangmap.com/project/47674,Direct official ApplyHome/LH/project notice artifact,BLOCKED_DIRECT_PRIMARY_ACCESS,Numeric notice ID already recovered; prioritize direct official artifact verification.,https://www.applyhome.co.kr/ai/aia/selectAPTLttotPblancDetail.do?houseManageNo=2026910143&pblancNo=2026910143,DIRECT_ENDPOINT_BLOCKED_IN_CURRENT_TOOL,"Numeric notice ID is known, but the official ApplyHome detail endpoint is not accessible in the current web tool environment. Keep current evidence status until an official artifact is directly inspectable.",2026-10-05
39,ATS-2026-DAEJEON-000003,도안자이 센텀리체 2단지,2026-05-20,ID_CORROBORATED_SECONDARY,2026910118,https://partnexa.com/local/applyhome-pblanc-view.asp?HOUSE_MANAGE_NO=2026910118&PBLANC_NO=2026910118&PblancNo=3378,Direct official ApplyHome/LH/project notice artifact,BLOCKED_DIRECT_PRIMARY_ACCESS,Numeric notice ID already recovered; prioritize direct official artifact verification.,https://www.applyhome.co.kr/ai/aia/selectAPTLttotPblancDetail.do?houseManageNo=2026910118&pblancNo=2026910118,DIRECT_ENDPOINT_BLOCKED_IN_CURRENT_TOOL,"Numeric notice ID is known, but the official ApplyHome detail endpoint is not accessible in the current web tool environment. Keep current evidence status until an official artifact is directly inspectable.",2026-10-05
40,ATS-2026-DAEJEON-000004,도안자이 센텀리체 1단지,2026-05-20,ID_CORROBORATED_SECONDARY,2026910117,https://property.ambitstock.com/listings/applyhome-2026910117-2026/,Direct official ApplyHome/LH/project notice artifact,BLOCKED_DIRECT_PRIMARY_ACCESS,Numeric notice ID already recovered; prioritize direct official artifact verification.,https://www.applyhome.co.kr/ai/aia/selectAPTLttotPblancDetail.do?houseManageNo=2026910117&pblancNo=2026910117,DIRECT_ENDPOINT_BLOCKED_IN_CURRENT_TOOL,"Numeric notice ID is known, but the official ApplyHome detail endpoint is not accessible in the current web tool environment. Keep current evidence status until an official artifact is directly inspectable.",2026-10-05
41,ATS-2026-CN-000012,업성 푸르지오 레이크시티,2026-05-13,ID_CORROBORATED_SECONDARY,2026910113,https://bunyangmap.com/project/46926,Direct official ApplyHome/LH/project notice artifact,BLOCKED_DIRECT_PRIMARY_ACCESS,Numeric notice ID already recovered; prioritize direct official artifact verification.,https://www.applyhome.co.kr/ai/aia/selectAPTLttotPblancDetail.do?houseManageNo=2026910113&pblancNo=2026910113,DIRECT_ENDPOINT_BLOCKED_IN_CURRENT_TOOL,"Numeric notice ID is known, but the official ApplyHome detail endpoint is not accessible in the current web tool environment. Keep current evidence status until an official artifact is directly inspectable.",2026-10-05
42,ATS-2026-JB-000003,북전주 광신프로그레스,2026-05-13,ID_CORROBORATED_SECONDARY,2026910107,https://partnexa.com/local/applyhome-pblanc-strategy-report.asp?HOUSE_MANAGE_NO=2026910107&PBLANC_NO=2026910107&PblancNo=3354,Direct official ApplyHome/LH/project notice artifact,BLOCKED_DIRECT_PRIMARY_ACCESS,Numeric notice ID already recovered; prioritize direct official artifact verification.,https://www.applyhome.co.kr/ai/aia/selectAPTLttotPblancDetail.do?houseManageNo=2026910107&pblancNo=2026910107,DIRECT_ENDPOINT_BLOCKED_IN_CURRENT_TOOL,"Numeric notice ID is known, but the official ApplyHome detail endpoint is not accessible in the current web tool environment. Keep current evidence status until an official artifact is directly inspectable.",2026-10-05
43,ATS-2026-GG-000051,용인반도체클러스터 동일하이빌 파크밸리(D1-1블록),2026-09-16,ID_CORROBORATED_SECONDARY,2026910246,https://partnexa.com/local/applyhome-pblanc-view.asp?HOUSE_MANAGE_NO=2026910246&PBLANC_NO=2026910246&PblancNo=5183,Direct official ApplyHome/LH/project notice artifact,BLOCKED_DIRECT_PRIMARY_ACCESS,Numeric notice ID already recovered; prioritize direct official artifact verification.,https://www.applyhome.co.kr/ai/aia/selectAPTLttotPblancDetail.do?houseManageNo=2026910246&pblancNo=2026910246,DIRECT_ENDPOINT_BLOCKED_IN_CURRENT_TOOL,"Numeric notice ID is known, but the official ApplyHome detail endpoint is not accessible in the current web tool environment. Keep current evidence status until an official artifact is directly inspectable.",2026-10-05
44,ATS-2026-GW-000006,춘천 리버뷰 아이파크,2026-08-19,ID_CORROBORATED_SECONDARY,2026910217,https://www.psust.com/abyg_main/apt_byg_type3_view?HOUSE_MANAGE_NO=2026910217&HSS=24210&PBLANC_NO=2026910217&SEARCH_VAL=&page=1404,Direct official ApplyHome/LH/project notice artifact,BLOCKED_DIRECT_PRIMARY_ACCESS,Numeric notice ID already recovered; prioritize direct official artifact verification.,https://www.applyhome.co.kr/ai/aia/selectAPTLttotPblancDetail.do?houseManageNo=2026910217&pblancNo=2026910217,DIRECT_ENDPOINT_BLOCKED_IN_CURRENT_TOOL,"Numeric notice ID is known, but the official ApplyHome detail endpoint is not accessible in the current web tool environment. Keep current evidence status until an official artifact is directly inspectable.",2026-10-05
45,ATS-2026-GG-000005,두산위브 더센트럴 수원,2026-04-09,ID_CORROBORATED_SECONDARY,2026910083,https://partnexa.com/local/applyhome-pblanc-strategy-report.asp?HOUSE_MANAGE_NO=2026910083&PBLANC_NO=2026910083&PblancNo=152,Direct official ApplyHome/LH/project notice artifact,BLOCKED_DIRECT_PRIMARY_ACCESS,Numeric notice ID already recovered; prioritize direct official artifact verification.,https://www.applyhome.co.kr/ai/aia/selectAPTLttotPblancDetail.do?houseManageNo=2026910083&pblancNo=2026910083,DIRECT_ENDPOINT_BLOCKED_IN_CURRENT_TOOL,"Numeric notice ID is known, but the official ApplyHome detail endpoint is not accessible in the current web tool environment. Keep current evidence status until an official artifact is directly inspectable.",2026-10-05
46,ATS-2026-BUSAN-000004,엄궁역 트라비스 하늘채,2026-05-07,ID_CORROBORATED_SECONDARY,2026910105,https://partnexa.com/local/applyhome-pblanc-view.asp?HOUSE_MANAGE_NO=2026910105&PBLANC_NO=2026910105&PblancNo=3340,Direct official ApplyHome/LH/project notice artifact,BLOCKED_DIRECT_PRIMARY_ACCESS,Numeric notice ID already recovered; prioritize direct official artifact verification.,https://www.applyhome.co.kr/ai/aia/selectAPTLttotPblancDetail.do?houseManageNo=2026910105&pblancNo=2026910105,DIRECT_ENDPOINT_BLOCKED_IN_CURRENT_TOOL,"Numeric notice ID is known, but the official ApplyHome detail endpoint is not accessible in the current web tool environment. Keep current evidence status until an official artifact is directly inspectable.",2026-10-05
47,ATS-2026-GG-000017,평택 고덕 우미 린 프레스티지(Abc-36BL),2026-07-16,ID_CORROBORATED_SECONDARY,2026910180,https://naejipeodi.co.kr/subscription/2026910180,Direct official ApplyHome/LH/project notice artifact,BLOCKED_DIRECT_PRIMARY_ACCESS,Numeric notice ID already recovered; prioritize direct official artifact verification.,https://www.applyhome.co.kr/ai/aia/selectAPTLttotPblancDetail.do?houseManageNo=2026910180&pblancNo=2026910180,DIRECT_ENDPOINT_BLOCKED_IN_CURRENT_TOOL,"Numeric notice ID is known, but the official ApplyHome detail endpoint is not accessible in the current web tool environment. Keep current evidence status until an official artifact is directly inspectable.",2026-10-05
48,ATS-2026-BUSAN-000009,알티에로 광안,2026-07-16,ID_CORROBORATED_SECONDARY,2026910184,https://partnexa.com/local/applyhome-pblanc-view.asp?HOUSE_MANAGE_NO=2026910184&PBLANC_NO=2026910184&PblancNo=5057,Direct official ApplyHome/LH/project notice artifact,BLOCKED_DIRECT_PRIMARY_ACCESS,Numeric notice ID already recovered; prioritize direct official artifact verification.,https://www.applyhome.co.kr/ai/aia/selectAPTLttotPblancDetail.do?houseManageNo=2026910184&pblancNo=2026910184,DIRECT_ENDPOINT_BLOCKED_IN_CURRENT_TOOL,"Numeric notice ID is known, but the official ApplyHome detail endpoint is not accessible in the current web tool environment. Keep current evidence status until an official artifact is directly inspectable.",2026-10-05
49,ATS-2026-ICN-000008,검암역자이르네,2026-06-25,ID_CORROBORATED_SECONDARY,2026910159,https://partnexa.com/local/applyhome-pblanc-strategy-report.asp?HOUSE_MANAGE_NO=2026910159&PBLANC_NO=2026910159&PblancNo=5009,Direct official ApplyHome/LH/project notice artifact,BLOCKED_DIRECT_PRIMARY_ACCESS,Numeric notice ID already recovered; prioritize direct official artifact verification.,https://www.applyhome.co.kr/ai/aia/selectAPTLttotPblancDetail.do?houseManageNo=2026910159&pblancNo=2026910159,DIRECT_ENDPOINT_BLOCKED_IN_CURRENT_TOOL,"Numeric notice ID is known, but the official ApplyHome detail endpoint is not accessible in the current web tool environment. Keep current evidence status until an official artifact is directly inspectable.",2026-10-05
50,ATS-2026-GG-000022,엘리프 역곡,2026-06-24,ID_CORROBORATED_SECONDARY,2026910162,https://partnexa.com/local/applyhome-pblanc-view.asp?HOUSE_MANAGE_NO=2026910162&PBLANC_NO=2026910162&PblancNo=4253,Direct official ApplyHome/LH/project notice artifact,BLOCKED_DIRECT_PRIMARY_ACCESS,Numeric notice ID already recovered; prioritize direct official artifact verification.,https://www.applyhome.co.kr/ai/aia/selectAPTLttotPblancDetail.do?houseManageNo=2026910162&pblancNo=2026910162,DIRECT_ENDPOINT_BLOCKED_IN_CURRENT_TOOL,"Numeric notice ID is known, but the official ApplyHome detail endpoint is not accessible in the current web tool environment. Keep current evidence status until an official artifact is directly inspectable.",2026-10-05
51,ATS-2026-CN-000007,공주월송 진아레히,2026-06-10,ID_CORROBORATED_SECONDARY,2026910150,https://apttoyou.kr/jinarehii/notice,Direct official ApplyHome/LH/project notice artifact,BLOCKED_DIRECT_PRIMARY_ACCESS,Numeric notice ID already recovered; prioritize direct official artifact verification.,https://www.applyhome.co.kr/ai/aia/selectAPTLttotPblancDetail.do?houseManageNo=2026910150&pblancNo=2026910150,DIRECT_ENDPOINT_BLOCKED_IN_CURRENT_TOOL,"Numeric notice ID is known, but the official ApplyHome detail endpoint is not accessible in the current web tool environment. Keep current evidence status until an official artifact is directly inspectable.",2026-10-05
52,ATS-2026-ULSAN-000002,문수로 라티에르 673,2026-05-21,ID_CORROBORATED_SECONDARY,2026910122,https://www.psust.com/abyg_main/apt_byg_type3_view?HOUSE_MANAGE_NO=2026910122&HSS=44678&PBLANC_NO=2026910122&SEARCH_VAL=&page=1,Direct official ApplyHome/LH/project notice artifact,BLOCKED_DIRECT_PRIMARY_ACCESS,Numeric notice ID already recovered; prioritize direct official artifact verification.,https://www.applyhome.co.kr/ai/aia/selectAPTLttotPblancDetail.do?houseManageNo=2026910122&pblancNo=2026910122,DIRECT_ENDPOINT_BLOCKED_IN_CURRENT_TOOL,"Numeric notice ID is known, but the official ApplyHome detail endpoint is not accessible in the current web tool environment. Keep current evidence status until an official artifact is directly inspectable.",2026-10-05
53,ATS-2026-GG-000052,한강 푸르지오 리버프론트,2026-09-09,ID_CORROBORATED_SECONDARY,2026910227,https://partnexa.com/local/applyhome-pblanc-view.asp?HOUSE_MANAGE_NO=2026910227&PBLANC_NO=2026910227&PblancNo=5167,Direct official ApplyHome/LH/project notice artifact,BLOCKED_DIRECT_PRIMARY_ACCESS,Numeric notice ID already recovered; prioritize direct official artifact verification.,https://www.applyhome.co.kr/ai/aia/selectAPTLttotPblancDetail.do?houseManageNo=2026910227&pblancNo=2026910227,DIRECT_ENDPOINT_BLOCKED_IN_CURRENT_TOOL,"Numeric notice ID is known, but the official ApplyHome detail endpoint is not accessible in the current web tool environment. Keep current evidence status until an official artifact is directly inspectable.",2026-10-05
54,ATS-2026-BUSAN-000017,두산위브더제니스 대연,2026-09-09,ID_CORROBORATED_SECONDARY,2026910234,https://partnexa.com/local/applyhome-pblanc-view.asp?HOUSE_MANAGE_NO=2026910234&PBLANC_NO=2026910234&PblancNo=5169,Direct official ApplyHome/LH/project notice artifact,BLOCKED_DIRECT_PRIMARY_ACCESS,Numeric notice ID already recovered; prioritize direct official artifact verification.,https://www.applyhome.co.kr/ai/aia/selectAPTLttotPblancDetail.do?houseManageNo=2026910234&pblancNo=2026910234,DIRECT_ENDPOINT_BLOCKED_IN_CURRENT_TOOL,"Numeric notice ID is known, but the official ApplyHome detail endpoint is not accessible in the current web tool environment. Keep current evidence status until an official artifact is directly inspectable.",2026-10-05
55,ATS-2026-GW-000002,더 리치먼드 리버센트 소양,2026-07-03,ID_CORROBORATED_SECONDARY,2026910164,https://naejipeodi.co.kr/subscription/2026910164,Direct official ApplyHome/LH/project notice artifact,BLOCKED_DIRECT_PRIMARY_ACCESS,Numeric notice ID already recovered; prioritize direct official artifact verification.,https://www.applyhome.co.kr/ai/aia/selectAPTLttotPblancDetail.do?houseManageNo=2026910164&pblancNo=2026910164,DIRECT_ENDPOINT_BLOCKED_IN_CURRENT_TOOL,"Numeric notice ID is known, but the official ApplyHome detail endpoint is not accessible in the current web tool environment. Keep current evidence status until an official artifact is directly inspectable.",2026-10-05
56,ATS-2026-BUSAN-000012,두산위브 트리니뷰 구명역,2026-06-19,ID_CORROBORATED_SECONDARY,2026910153,https://apttoyou.kr/triniview/,Direct official ApplyHome/LH/project notice artifact,BLOCKED_DIRECT_PRIMARY_ACCESS,Numeric notice ID already recovered; prioritize direct official artifact verification.,https://www.applyhome.co.kr/ai/aia/selectAPTLttotPblancDetail.do?houseManageNo=2026910153&pblancNo=2026910153,DIRECT_ENDPOINT_BLOCKED_IN_CURRENT_TOOL,"Numeric notice ID is known, but the official ApplyHome detail endpoint is not accessible in the current web tool environment. Keep current evidence status until an official artifact is directly inspectable.",2026-10-05
57,ATS-2026-GG-000027,고덕국제신도시 수자인풍경채 2단지,2026-06-10,ID_CORROBORATED_SECONDARY,2026910137,https://bunyangpan.com/apply_apt/2026910137,Direct official ApplyHome/LH/project notice artifact,BLOCKED_DIRECT_PRIMARY_ACCESS,Numeric notice ID already recovered; prioritize direct official artifact verification.,https://www.applyhome.co.kr/ai/aia/selectAPTLttotPblancDetail.do?houseManageNo=2026910137&pblancNo=2026910137,DIRECT_ENDPOINT_BLOCKED_IN_CURRENT_TOOL,"Numeric notice ID is known, but the official ApplyHome detail endpoint is not accessible in the current web tool environment. Keep current evidence status until an official artifact is directly inspectable.",2026-10-05
58,ATS-2026-GG-000028,고덕국제신도시 수자인풍경채 1단지,2026-06-10,ID_CORROBORATED_SECONDARY,2026910136,https://apt-wise.com/sale/2026910136,Direct official ApplyHome/LH/project notice artifact,BLOCKED_DIRECT_PRIMARY_ACCESS,Numeric notice ID already recovered; prioritize direct official artifact verification.,https://www.applyhome.co.kr/ai/aia/selectAPTLttotPblancDetail.do?houseManageNo=2026910136&pblancNo=2026910136,DIRECT_ENDPOINT_BLOCKED_IN_CURRENT_TOOL,"Numeric notice ID is known, but the official ApplyHome detail endpoint is not accessible in the current web tool environment. Keep current evidence status until an official artifact is directly inspectable.",2026-10-05
59,ATS-2026-CN-000009,엘리프 성성호수공원 2BL,2026-06-04,ID_CORROBORATED_SECONDARY,2026910145,https://apt-wise.com/sale/2026910145,Direct official ApplyHome/LH/project notice artifact,BLOCKED_DIRECT_PRIMARY_ACCESS,Numeric notice ID already recovered; prioritize direct official artifact verification.,https://www.applyhome.co.kr/ai/aia/selectAPTLttotPblancDetail.do?houseManageNo=2026910145&pblancNo=2026910145,DIRECT_ENDPOINT_BLOCKED_IN_CURRENT_TOOL,"Numeric notice ID is known, but the official ApplyHome detail endpoint is not accessible in the current web tool environment. Keep current evidence status until an official artifact is directly inspectable.",2026-10-05
60,ATS-2026-CN-000010,엘리프 성성호수공원 1BL,2026-06-04,ID_CORROBORATED_SECONDARY,2026910144,https://bunyangmap.com/project/47525,Direct official ApplyHome/LH/project notice artifact,BLOCKED_DIRECT_PRIMARY_ACCESS,Numeric notice ID already recovered; prioritize direct official artifact verification.,https://www.applyhome.co.kr/ai/aia/selectAPTLttotPblancDetail.do?houseManageNo=2026910144&pblancNo=2026910144,DIRECT_ENDPOINT_BLOCKED_IN_CURRENT_TOOL,"Numeric notice ID is known, but the official ApplyHome detail endpoint is not accessible in the current web tool environment. Keep current evidence status until an official artifact is directly inspectable.",2026-10-05
61,ATS-2026-GB-000005,더샵 안동더퍼스트,2026-05-21,ID_CORROBORATED_SECONDARY,2026910116,https://xn--9m1ba21b564bw4b24fd24a0mb.kr/images/sub43_pdf03.pdf,Direct official ApplyHome/LH/project notice artifact,BLOCKED_DIRECT_PRIMARY_ACCESS,Numeric notice ID already recovered; prioritize direct official artifact verification.,https://www.applyhome.co.kr/ai/aia/selectAPTLttotPblancDetail.do?houseManageNo=2026910116&pblancNo=2026910116,DIRECT_ENDPOINT_BLOCKED_IN_CURRENT_TOOL,"Numeric notice ID is known, but the official ApplyHome detail endpoint is not accessible in the current web tool environment. Keep current evidence status until an official artifact is directly inspectable.",2026-10-05
62,ATS-2026-GN-000016,창원 한신더휴 메가센텀,2026-08-27,ID_CORROBORATED_SECONDARY,2026910223,https://bunyanggak.com/changwon-hanshin-thehew-megacentum-unranked,Direct official ApplyHome/LH/project notice artifact,BLOCKED_DIRECT_PRIMARY_ACCESS,Numeric notice ID already recovered; prioritize direct official artifact verification.,https://www.applyhome.co.kr/ai/aia/selectAPTLttotPblancDetail.do?houseManageNo=2026910223&pblancNo=2026910223,DIRECT_ENDPOINT_BLOCKED_IN_CURRENT_TOOL,"Numeric notice ID is known, but the official ApplyHome detail endpoint is not accessible in the current web tool environment. Keep current evidence status until an official artifact is directly inspectable.",2026-10-05
63,ATS-2026-SEOUL-000012,써밋 더힐,2026-06-30,ID_CORROBORATED_SECONDARY,2026910169,https://www.psust.com/abyg_main/apt_byg_type3_view?HOUSE_MANAGE_NO=2026910169&HSS=6982&PBLANC_NO=2026910169&SEARCH_VAL=&page=36,Direct official ApplyHome/LH/project notice artifact,BLOCKED_DIRECT_PRIMARY_ACCESS,Numeric notice ID already recovered; prioritize direct official artifact verification.,https://www.applyhome.co.kr/ai/aia/selectAPTLttotPblancDetail.do?houseManageNo=2026910169&pblancNo=2026910169,DIRECT_ENDPOINT_BLOCKED_IN_CURRENT_TOOL,"Numeric notice ID is known, but the official ApplyHome detail endpoint is not accessible in the current web tool environment. Keep current evidence status until an official artifact is directly inspectable.",2026-10-05
64,ATS-2026-GG-000033,경기광주역 롯데캐슬 시그니처 1단지,2026-06-02,ID_CORROBORATED_SECONDARY,2026910130,https://sem2em.com/subscription/2026910130/2026910130/04,Direct official ApplyHome/LH/project notice artifact,BLOCKED_DIRECT_PRIMARY_ACCESS,Numeric notice ID already recovered; prioritize direct official artifact verification.,https://www.applyhome.co.kr/ai/aia/selectAPTLttotPblancDetail.do?houseManageNo=2026910130&pblancNo=2026910130,DIRECT_ENDPOINT_BLOCKED_IN_CURRENT_TOOL,"Numeric notice ID is known, but the official ApplyHome detail endpoint is not accessible in the current web tool environment. Keep current evidence status until an official artifact is directly inspectable.",2026-10-05
65,ATS-2026-SEOUL-000016,라클라체자이드파인,2026-05-19,ID_CORROBORATED_SECONDARY,2026910121,https://www.psust.com/abyg_main/apt_byg_type3_view?HOUSE_MANAGE_NO=2026910121&HSS=6931&PBLANC_NO=2026910121&SEARCH_VAL=&page=36,Direct official ApplyHome/LH/project notice artifact,BLOCKED_DIRECT_PRIMARY_ACCESS,Numeric notice ID already recovered; prioritize direct official artifact verification.,https://www.applyhome.co.kr/ai/aia/selectAPTLttotPblancDetail.do?houseManageNo=2026910121&pblancNo=2026910121,DIRECT_ENDPOINT_BLOCKED_IN_CURRENT_TOOL,"Numeric notice ID is known, but the official ApplyHome detail endpoint is not accessible in the current web tool environment. Keep current evidence status until an official artifact is directly inspectable.",2026-10-05
66,ATS-2026-GG-000055,오산헤리티지자이 1단지,2026-08-25,ID_CORROBORATED_SECONDARY,2026910222,https://www.aptdamoa.com/sale-info/remndr/2026910222/contents.html,Direct official ApplyHome/LH/project notice artifact,BLOCKED_DIRECT_PRIMARY_ACCESS,Numeric notice ID already recovered; prioritize direct official artifact verification.,https://www.applyhome.co.kr/ai/aia/selectAPTLttotPblancDetail.do?houseManageNo=2026910222&pblancNo=2026910222,DIRECT_ENDPOINT_BLOCKED_IN_CURRENT_TOOL,"Numeric notice ID is known, but the official ApplyHome detail endpoint is not accessible in the current web tool environment. Keep current evidence status until an official artifact is directly inspectable.",2026-10-05
67,ATS-2026-GG-000030,e편한세상 부천 어반스퀘어,2026-06-09,ID_CORROBORATED_SECONDARY,2026910152,https://partnexa.com/local/applyhome-pblanc-view.asp?HOUSE_MANAGE_NO=2026910152&PBLANC_NO=2026910152&PblancNo=4211,Direct official ApplyHome/LH/project notice artifact,BLOCKED_DIRECT_PRIMARY_ACCESS,Numeric notice ID already recovered; prioritize direct official artifact verification.,https://www.applyhome.co.kr/ai/aia/selectAPTLttotPblancDetail.do?houseManageNo=2026910152&pblancNo=2026910152,DIRECT_ENDPOINT_BLOCKED_IN_CURRENT_TOOL,"Numeric notice ID is known, but the official ApplyHome detail endpoint is not accessible in the current web tool environment. Keep current evidence status until an official artifact is directly inspectable.",2026-10-05
68,ATS-2026-JEJU-000001,서귀포시 서홍동 형남아파트6차,2026-03-05,ID_CORROBORATED_SECONDARY,2026910054,https://www.psust.com/abyg_main/apt_byg_type3_view?HOUSE_MANAGE_NO=2026910054&HSS=63584&PBLANC_NO=2026910054&SEARCH_VAL=&page=126,Direct official ApplyHome/LH/project notice artifact,BLOCKED_DIRECT_PRIMARY_ACCESS,Numeric notice ID already recovered; prioritize direct official artifact verification.,https://www.applyhome.co.kr/ai/aia/selectAPTLttotPblancDetail.do?houseManageNo=2026910054&pblancNo=2026910054,DIRECT_ENDPOINT_BLOCKED_IN_CURRENT_TOOL,"Numeric notice ID is known, but the official ApplyHome detail endpoint is not accessible in the current web tool environment. Keep current evidence status until an official artifact is directly inspectable.",2026-10-05
69,ATS-2026-GG-000003,사우역 지엔하임,2026-02-26,ID_CORROBORATED_SECONDARY,2026910048,https://www.psust.com/abyg_main/apt_byg_type3_view?HOUSE_MANAGE_NO=2026910048&HSS=10110&PBLANC_NO=2026910048&SEARCH_VAL=&page=1113,Direct official ApplyHome/LH/project notice artifact,BLOCKED_DIRECT_PRIMARY_ACCESS,Numeric notice ID already recovered; prioritize direct official artifact verification.,https://www.applyhome.co.kr/ai/aia/selectAPTLttotPblancDetail.do?houseManageNo=2026910048&pblancNo=2026910048,DIRECT_ENDPOINT_BLOCKED_IN_CURRENT_TOOL,"Numeric notice ID is known, but the official ApplyHome detail endpoint is not accessible in the current web tool environment. Keep current evidence status until an official artifact is directly inspectable.",2026-10-05
70,ATS-2026-GG-000019,호반써밋 풍무Ⅱ,2026-07-09,ID_CORROBORATED_SECONDARY,2026910177,https://partnexa.com/local/applyhome-pblanc-view.asp?HOUSE_MANAGE_NO=2026910177&PBLANC_NO=2026910177&PblancNo=5040,Direct official ApplyHome/LH/project notice artifact,BLOCKED_DIRECT_PRIMARY_ACCESS,Numeric notice ID already recovered; prioritize direct official artifact verification.,https://www.applyhome.co.kr/ai/aia/selectAPTLttotPblancDetail.do?houseManageNo=2026910177&pblancNo=2026910177,DIRECT_ENDPOINT_BLOCKED_IN_CURRENT_TOOL,"Numeric notice ID is known, but the official ApplyHome detail endpoint is not accessible in the current web tool environment. Keep current evidence status until an official artifact is directly inspectable.",2026-10-05
71,ATS-2026-BUSAN-000011,해운대 마티안 디 에디션,2026-07-01,ID_CORROBORATED_SECONDARY,2026910168,https://partnexa.com/local/applyhome-pblanc-view.asp?HOUSE_MANAGE_NO=2026910168&PBLANC_NO=2026910168&PblancNo=5022,Direct official ApplyHome/LH/project notice artifact,BLOCKED_DIRECT_PRIMARY_ACCESS,Numeric notice ID already recovered; prioritize direct official artifact verification.,https://www.applyhome.co.kr/ai/aia/selectAPTLttotPblancDetail.do?houseManageNo=2026910168&pblancNo=2026910168,DIRECT_ENDPOINT_BLOCKED_IN_CURRENT_TOOL,"Numeric notice ID is known, but the official ApplyHome detail endpoint is not accessible in the current web tool environment. Keep current evidence status until an official artifact is directly inspectable.",2026-10-05
72,ATS-2026-GN-000012,힐스테이트 평거 센트럴,2026-05-28,ID_CORROBORATED_SECONDARY,2026910125,https://apt-wise.com/sale/2026910125,Direct official ApplyHome/LH/project notice artifact,BLOCKED_DIRECT_PRIMARY_ACCESS,Numeric notice ID already recovered; prioritize direct official artifact verification.,https://www.applyhome.co.kr/ai/aia/selectAPTLttotPblancDetail.do?houseManageNo=2026910125&pblancNo=2026910125,DIRECT_ENDPOINT_BLOCKED_IN_CURRENT_TOOL,"Numeric notice ID is known, but the official ApplyHome detail endpoint is not accessible in the current web tool environment. Keep current evidence status until an official artifact is directly inspectable.",2026-10-05
73,ATS-2026-BUSAN-000018,더샵 트리센트,2026-09-10,ID_CORROBORATED_SECONDARY,2026910239,https://www.psust.com/abyg_main/apt_byg_type3_view?HOUSE_MANAGE_NO=2026910239&HSS=48464&PBLANC_NO=2026910239&SEARCH_VAL=&page=6,Direct official ApplyHome/LH/project notice artifact,BLOCKED_DIRECT_PRIMARY_ACCESS,Numeric notice ID already recovered; prioritize direct official artifact verification.,https://www.applyhome.co.kr/ai/aia/selectAPTLttotPblancDetail.do?houseManageNo=2026910239&pblancNo=2026910239,DIRECT_ENDPOINT_BLOCKED_IN_CURRENT_TOOL,"Numeric notice ID is known, but the official ApplyHome detail endpoint is not accessible in the current web tool environment. Keep current evidence status until an official artifact is directly inspectable.",2026-10-05
74,ATS-2026-GG-000058,호반써밋 풍무Ⅲ,2026-08-26,ID_CORROBORATED_SECONDARY,2026910229,https://partnexa.com/local/applyhome-pblanc-view.asp?HOUSE_MANAGE_NO=2026910229&PBLANC_NO=2026910229&PblancNo=5141,Direct official ApplyHome/LH/project notice artifact,BLOCKED_DIRECT_PRIMARY_ACCESS,Numeric notice ID already recovered; prioritize direct official artifact verification.,https://www.applyhome.co.kr/ai/aia/selectAPTLttotPblancDetail.do?houseManageNo=2026910229&pblancNo=2026910229,DIRECT_ENDPOINT_BLOCKED_IN_CURRENT_TOOL,"Numeric notice ID is known, but the official ApplyHome detail endpoint is not accessible in the current web tool environment. Keep current evidence status until an official artifact is directly inspectable.",2026-10-05
75,ATS-2026-GW-000003,강릉 우미 린 더 프리미어,2026-06-05,ID_CORROBORATED_SECONDARY,2026910140,https://www.iapt.kr/apartments/%EA%B0%95%EC%9B%90/getRemndrLttotPblancDetail-2026910140-2026910140,Direct official ApplyHome/LH/project notice artifact,BLOCKED_DIRECT_PRIMARY_ACCESS,Numeric notice ID already recovered; prioritize direct official artifact verification.,https://www.applyhome.co.kr/ai/aia/selectAPTLttotPblancDetail.do?houseManageNo=2026910140&pblancNo=2026910140,DIRECT_ENDPOINT_BLOCKED_IN_CURRENT_TOOL,"Numeric notice ID is known, but the official ApplyHome detail endpoint is not accessible in the current web tool environment. Keep current evidence status until an official artifact is directly inspectable.",2026-10-05
76,ATS-2026-GG-000049,오남역 서희스타힐스 여의재 1단지,2026-10-01,ID_CORROBORATED_SECONDARY,2026910253,https://www.aptdamoa.com/sale-info/remndr/2026910253/contents.html,Direct official ApplyHome/LH/project notice artifact,BLOCKED_DIRECT_PRIMARY_ACCESS,Numeric notice ID already recovered; prioritize direct official artifact verification.,https://www.applyhome.co.kr/ai/aia/selectAPTLttotPblancDetail.do?houseManageNo=2026910253&pblancNo=2026910253,DIRECT_ENDPOINT_BLOCKED_IN_CURRENT_TOOL,"Numeric notice ID is known, but the official ApplyHome detail endpoint is not accessible in the current web tool environment. Keep current evidence status until an official artifact is directly inspectable.",2026-10-05
77,ATS-2026-GG-000056,의왕역 SK VIEW,2026-08-28,ID_CORROBORATED_SECONDARY,2026910225,https://partnexa.com/local/applyhome-pblanc-view.asp?HOUSE_MANAGE_NO=2026910225&PBLANC_NO=2026910225&PblancNo=5139,Direct official ApplyHome/LH/project notice artifact,BLOCKED_DIRECT_PRIMARY_ACCESS,Numeric notice ID already recovered; prioritize direct official artifact verification.,https://www.applyhome.co.kr/ai/aia/selectAPTLttotPblancDetail.do?houseManageNo=2026910225&pblancNo=2026910225,DIRECT_ENDPOINT_BLOCKED_IN_CURRENT_TOOL,"Numeric notice ID is known, but the official ApplyHome detail endpoint is not accessible in the current web tool environment. Keep current evidence status until an official artifact is directly inspectable.",2026-10-05
78,ATS-2026-CB-000002,청주 푸르지오 씨엘리체,2026-06-01,ID_CORROBORATED_SECONDARY,2026910133,https://partnexa.com/local/applyhome-pblanc-strategy-report.asp?HOUSE_MANAGE_NO=2026910133&PBLANC_NO=2026910133&PblancNo=4186,Direct official ApplyHome/LH/project notice artifact,BLOCKED_DIRECT_PRIMARY_ACCESS,Numeric notice ID already recovered; prioritize direct official artifact verification.,https://www.applyhome.co.kr/ai/aia/selectAPTLttotPblancDetail.do?houseManageNo=2026910133&pblancNo=2026910133,DIRECT_ENDPOINT_BLOCKED_IN_CURRENT_TOOL,"Numeric notice ID is known, but the official ApplyHome detail endpoint is not accessible in the current web tool environment. Keep current evidence status until an official artifact is directly inspectable.",2026-10-05
79,ATS-2026-SEOUL-000020,충정로역자이르네,2026-09-28,ID_CORROBORATED_SECONDARY,2026910251,https://partnexa.com/local/applyhome-pblanc-strategy-report.asp?HOUSE_MANAGE_NO=2026910251&PBLANC_NO=2026910251&PblancNo=5205,Direct official ApplyHome/LH/project notice artifact,BLOCKED_DIRECT_PRIMARY_ACCESS,Numeric notice ID already recovered; prioritize direct official artifact verification.,https://www.applyhome.co.kr/ai/aia/selectAPTLttotPblancDetail.do?houseManageNo=2026910251&pblancNo=2026910251,DIRECT_ENDPOINT_BLOCKED_IN_CURRENT_TOOL,"Numeric notice ID is known, but the official ApplyHome detail endpoint is not accessible in the current web tool environment. Keep current evidence status until an official artifact is directly inspectable.",2026-10-05
80,ATS-2026-GG-000021,힐스테이트 시흥더클래스,2026-07-07,ID_CORROBORATED_SECONDARY,2026910174,https://partnexa.com/local/applyhome-pblanc-strategy-report.asp?HOUSE_MANAGE_NO=2026910174&PBLANC_NO=2026910174&PblancNo=5033,Direct official ApplyHome/LH/project notice artifact,BLOCKED_DIRECT_PRIMARY_ACCESS,Numeric notice ID already recovered; prioritize direct official artifact verification.,https://www.applyhome.co.kr/ai/aia/selectAPTLttotPblancDetail.do?houseManageNo=2026910174&pblancNo=2026910174,DIRECT_ENDPOINT_BLOCKED_IN_CURRENT_TOOL,"Numeric notice ID is known, but the official ApplyHome detail endpoint is not accessible in the current web tool environment. Keep current evidence status until an official artifact is directly inspectable.",2026-10-05
81,ATS-2026-GN-000002,트리븐 김해,2026-08-20,ID_CORROBORATED_SECONDARY,2026910219,https://partnexa.com/local/applyhome-pblanc-view.asp?HOUSE_MANAGE_NO=2026910219&PBLANC_NO=2026910219&PblancNo=5128,Direct official ApplyHome/LH/project notice artifact,BLOCKED_DIRECT_PRIMARY_ACCESS,Numeric notice ID already recovered; prioritize direct official artifact verification.,https://www.applyhome.co.kr/ai/aia/selectAPTLttotPblancDetail.do?houseManageNo=2026910219&pblancNo=2026910219,DIRECT_ENDPOINT_BLOCKED_IN_CURRENT_TOOL,"Numeric notice ID is known, but the official ApplyHome detail endpoint is not accessible in the current web tool environment. Keep current evidence status until an official artifact is directly inspectable.",2026-10-05
82,ATS-2026-GG-000059,남양주 진접 서한이다음(S1BL),2026-09-03,ID_CORROBORATED_SECONDARY,2026910228,https://partnexa.com/local/applyhome-pblanc-view.asp?HOUSE_MANAGE_NO=2026910228&PBLANC_NO=2026910228&PblancNo=5158,Direct official ApplyHome/LH/project notice artifact,BLOCKED_DIRECT_PRIMARY_ACCESS,Numeric notice ID already recovered; prioritize direct official artifact verification.,https://www.applyhome.co.kr/ai/aia/selectAPTLttotPblancDetail.do?houseManageNo=2026910228&pblancNo=2026910228,DIRECT_ENDPOINT_BLOCKED_IN_CURRENT_TOOL,"Numeric notice ID is known, but the official ApplyHome detail endpoint is not accessible in the current web tool environment. Keep current evidence status until an official artifact is directly inspectable.",2026-10-05
83,ATS-2026-GG-000053,이천 휴먼빌 클래스원,2026-09-11,ID_CORROBORATED_SECONDARY,2026940189,https://valuestockplus.net/housing/%EC%9E%84%EC%9D%98%EA%B3%B5%EA%B8%89/2026940189-%EC%9D%B4%EC%B2%9C-%ED%9C%B4%EB%A8%BC%EB%B9%8C-%ED%81%B4%EB%9E%98%EC%8A%A4%EC%9B%90,Direct official ApplyHome/LH/project notice artifact,BLOCKED_DIRECT_PRIMARY_ACCESS,Numeric notice ID already recovered; prioritize direct official artifact verification.,https://www.applyhome.co.kr/ai/aia/selectAPTLttotPblancDetail.do?houseManageNo=2026940189&pblancNo=2026940189,DIRECT_ENDPOINT_BLOCKED_IN_CURRENT_TOOL,"Numeric notice ID is known, but the official ApplyHome detail endpoint is not accessible in the current web tool environment. Keep current evidence status until an official artifact is directly inspectable.",2026-10-05
84,ATS-2026-GN-000010,메트로시티 자산 데시앙,2026-06-29,ID_CORROBORATED_SECONDARY,2026910171,https://property.ambitstock.com/listings/applyhome-2026910171-2026/,Direct official ApplyHome/LH/project notice artifact,BLOCKED_DIRECT_PRIMARY_ACCESS,Numeric notice ID already recovered; prioritize direct official artifact verification.,https://www.applyhome.co.kr/ai/aia/selectAPTLttotPblancDetail.do?houseManageNo=2026910171&pblancNo=2026910171,DIRECT_ENDPOINT_BLOCKED_IN_CURRENT_TOOL,"Numeric notice ID is known, but the official ApplyHome detail endpoint is not accessible in the current web tool environment. Keep current evidence status until an official artifact is directly inspectable.",2026-10-05
85,ATS-2026-SEJONG-000001,"세종 우미 린 센터파크(행정중심복합도시 5-2생활권 S1블록, 글미마을 9단지)",2026-10-01,ID_CORROBORATED_SECONDARY,2026910249,https://miutree.com/life/land/no-rank/2026910249-%EC%84%B8%EC%A2%85-%EC%9A%B0%EB%AF%B8-%EB%A6%B0-%EC%84%BC%ED%84%B0%ED%8C%8C%ED%81%AC%ED%96%89%EC%A0%95%EC%A4%91%EC%8B%AC%EB%B3%B5%ED%95%A9%EB%8F%84%EC%8B%9C-5-2%EC%83%9D%ED%99%9C%EA%B6%8C-s1%EB%B8%94%EB%A1%9D-%EA%B8%80%EB%AF%B8%EB%A7%88%EC%9D%84-9%EB%8B%A8%EC%A7%80,Direct official ApplyHome/LH/project notice artifact,BLOCKED_DIRECT_PRIMARY_ACCESS,Numeric notice ID already recovered; prioritize direct official artifact verification.,https://www.applyhome.co.kr/ai/aia/selectAPTLttotPblancDetail.do?houseManageNo=2026910249&pblancNo=2026910249,DIRECT_ENDPOINT_BLOCKED_IN_CURRENT_TOOL,"Numeric notice ID is known, but the official ApplyHome detail endpoint is not accessible in the current web tool environment. Keep current evidence status until an official artifact is directly inspectable.",2026-10-05
86,ATS-2026-DAEJEON-000002,더샵 관저아르테,2026-06-29,ID_CORROBORATED_SECONDARY,2026910163,https://bunyangmap.com/project/48159,Direct official ApplyHome/LH/project notice artifact,BLOCKED_DIRECT_PRIMARY_ACCESS,Numeric notice ID already recovered; prioritize direct official artifact verification.,https://www.applyhome.co.kr/ai/aia/selectAPTLttotPblancDetail.do?houseManageNo=2026910163&pblancNo=2026910163,DIRECT_ENDPOINT_BLOCKED_IN_CURRENT_TOOL,"Numeric notice ID is known, but the official ApplyHome detail endpoint is not accessible in the current web tool environment. Keep current evidence status until an official artifact is directly inspectable.",2026-10-05
87,ATS-2026-ICN-000009,더샵 송도그란테르 G5-11블록,2026-07-30,ID_CORROBORATED_SECONDARY,2026910207,https://partnexa.com/local/applyhome-pblanc-strategy-report.asp?HOUSE_MANAGE_NO=2026910207&PBLANC_NO=2026910207&PblancNo=5089,Direct official ApplyHome/LH/project notice artifact,BLOCKED_DIRECT_PRIMARY_ACCESS,Numeric notice ID already recovered; prioritize direct official artifact verification.,https://www.applyhome.co.kr/ai/aia/selectAPTLttotPblancDetail.do?houseManageNo=2026910207&pblancNo=2026910207,DIRECT_ENDPOINT_BLOCKED_IN_CURRENT_TOOL,"Numeric notice ID is known, but the official ApplyHome detail endpoint is not accessible in the current web tool environment. Keep current evidence status until an official artifact is directly inspectable.",2026-10-05
88,ATS-2026-ICN-000011,더샵 송도그란테르 G5-5블록,2026-07-30,ID_CORROBORATED_SECONDARY,2026910206,https://partnexa.com/local/applyhome-pblanc-view.asp?HOUSE_MANAGE_NO=2026910206&PBLANC_NO=2026910206&PblancNo=5088,Direct official ApplyHome/LH/project notice artifact,BLOCKED_DIRECT_PRIMARY_ACCESS,Numeric notice ID already recovered; prioritize direct official artifact verification.,https://www.applyhome.co.kr/ai/aia/selectAPTLttotPblancDetail.do?houseManageNo=2026910206&pblancNo=2026910206,DIRECT_ENDPOINT_BLOCKED_IN_CURRENT_TOOL,"Numeric notice ID is known, but the official ApplyHome detail endpoint is not accessible in the current web tool environment. Keep current evidence status until an official artifact is directly inspectable.",2026-10-05
89,ATS-2026-ICN-000012,더샵 송도그란테르 G5-4블록,2026-07-30,ID_CORROBORATED_SECONDARY,2026910205,https://partnexa.com/local/applyhome-pblanc-view.asp?HOUSE_MANAGE_NO=2026910205&PBLANC_NO=2026910205&PblancNo=5087,Direct official ApplyHome/LH/project notice artifact,BLOCKED_DIRECT_PRIMARY_ACCESS,Numeric notice ID already recovered; prioritize direct official artifact verification.,https://www.applyhome.co.kr/ai/aia/selectAPTLttotPblancDetail.do?houseManageNo=2026910205&pblancNo=2026910205,DIRECT_ENDPOINT_BLOCKED_IN_CURRENT_TOOL,"Numeric notice ID is known, but the official ApplyHome detail endpoint is not accessible in the current web tool environment. Keep current evidence status until an official artifact is directly inspectable.",2026-10-05
90,ATS-2026-ICN-000013,더샵 송도그란테르 G5-3블록,2026-07-30,ID_CORROBORATED_SECONDARY,2026910204,https://partnexa.com/local/applyhome-pblanc-view.asp?HOUSE_MANAGE_NO=2026910204&PBLANC_NO=2026910204&PblancNo=5086,Direct official ApplyHome/LH/project notice artifact,BLOCKED_DIRECT_PRIMARY_ACCESS,Numeric notice ID already recovered; prioritize direct official artifact verification.,https://www.applyhome.co.kr/ai/aia/selectAPTLttotPblancDetail.do?houseManageNo=2026910204&pblancNo=2026910204,DIRECT_ENDPOINT_BLOCKED_IN_CURRENT_TOOL,"Numeric notice ID is known, but the official ApplyHome detail endpoint is not accessible in the current web tool environment. Keep current evidence status until an official artifact is directly inspectable.",2026-10-05
91,ATS-2026-GN-000006,밀양 수자인 더퍼스트 2단지 공공분양주택,2026-09-15,ID_CORROBORATED_SECONDARY,2026940193,https://valuestockplus.net/housing/%EC%9E%84%EC%9D%98%EA%B3%B5%EA%B8%89/2026940193-%EB%B0%80%EC%96%91-%EC%88%98%EC%9E%90%EC%9D%B8-%EB%8D%94%ED%8D%BC%EC%8A%A4%ED%8A%B8-2%EB%8B%A8%EC%A7%80-%EA%B3%B5%EA%B3%B5%EB%B6%84%EC%96%91%EC%A3%BC%ED%83%9D,Direct official ApplyHome/LH/project notice artifact,BLOCKED_DIRECT_PRIMARY_ACCESS,Numeric notice ID already recovered; prioritize direct official artifact verification.,https://www.applyhome.co.kr/ai/aia/selectAPTLttotPblancDetail.do?houseManageNo=2026940193&pblancNo=2026940193,DIRECT_ENDPOINT_BLOCKED_IN_CURRENT_TOOL,"Numeric notice ID is known, but the official ApplyHome detail endpoint is not accessible in the current web tool environment. Keep current evidence status until an official artifact is directly inspectable.",2026-10-05
92,ATS-2026-ICN-000004,오션포레베네스트하우스(미단시티 공동8BL),2026-07-01,ID_CORROBORATED_SECONDARY,2026910156,https://partnexa.com/local/applyhome-pblanc-view.asp?HOUSE_MANAGE_NO=2026910156&PBLANC_NO=2026910156&PblancNo=5020,Direct official ApplyHome/LH/project notice artifact,BLOCKED_DIRECT_PRIMARY_ACCESS,Numeric notice ID already recovered; prioritize direct official artifact verification.,https://www.applyhome.co.kr/ai/aia/selectAPTLttotPblancDetail.do?houseManageNo=2026910156&pblancNo=2026910156,DIRECT_ENDPOINT_BLOCKED_IN_CURRENT_TOOL,"Numeric notice ID is known, but the official ApplyHome detail endpoint is not accessible in the current web tool environment. Keep current evidence status until an official artifact is directly inspectable.",2026-10-05
93,ATS-2026-DAEJEON-000001,해링턴플레이스 오룡역,2026-07-10,ID_CORROBORATED_SECONDARY,2026940143,https://valuestockplus.net/housing/%EC%9E%84%EC%9D%98%EA%B3%B5%EA%B8%89/2026940143-%ED%95%B4%EB%A7%81%ED%84%B4%ED%94%8C%EB%A0%88%EC%9D%B4%EC%8A%A4-%EC%98%A4%EB%A3%A1%EC%97%AD,Direct official ApplyHome/LH/project notice artifact,BLOCKED_DIRECT_PRIMARY_ACCESS,Numeric notice ID already recovered; prioritize direct official artifact verification.,https://www.applyhome.co.kr/ai/aia/selectAPTLttotPblancDetail.do?houseManageNo=2026940143&pblancNo=2026940143,DIRECT_ENDPOINT_BLOCKED_IN_CURRENT_TOOL,"Numeric notice ID is known, but the official ApplyHome detail endpoint is not accessible in the current web tool environment. Keep current evidence status until an official artifact is directly inspectable.",2026-10-05
94,ATS-2026-GG-000032,고덕신도시 아테라 A-63블록 공공분양주택,2026-09-07,ID_CORROBORATED_SECONDARY,2026940191,https://bunyangmap.com/project/49571,Direct official ApplyHome/LH/project notice artifact,BLOCKED_DIRECT_PRIMARY_ACCESS,Numeric notice ID already recovered; prioritize direct official artifact verification.,https://www.applyhome.co.kr/ai/aia/selectAPTLttotPblancDetail.do?houseManageNo=2026940191&pblancNo=2026940191,DIRECT_ENDPOINT_BLOCKED_IN_CURRENT_TOOL,"Numeric notice ID is known, but the official ApplyHome detail endpoint is not accessible in the current web tool environment. Keep current evidence status until an official artifact is directly inspectable.",2026-10-05
95,ATS-2026-GG-000012,부천역 에피트 어바닉,2026-04-15,SECONDARY_CORROBORATED,2026910081,https://brand.hldni.com/bucheon-urbanic/mobile/sub/calendar,Direct official ApplyHome/LH/project notice artifact,BLOCKED_DIRECT_PRIMARY_ACCESS,"공고번호 2026910081이 공개 청약 재현자료에서 확인됐고, HL D&I Halla 공식 현장 홈페이지에서 2026-04-15 무순위 모집공고 및 4/20 접수 일정이 직접 확인됨. 공식 사이트는 숫자형 공고번호를 표시하지 않아 PRIMARY_VERIFIED로는 승격하지 않고 PRIMARY_DATE_VERIFIED_ID_SECONDARY로 분리.",https://www.applyhome.co.kr/ai/aia/selectAPTLttotPblancDetail.do?houseManageNo=2026910081&pblancNo=2026910081,DIRECT_ENDPOINT_BLOCKED_IN_CURRENT_TOOL,"Numeric first-event notice ID recovered and official project site cross-check available, but original ApplyHome detail endpoint remains inaccessible in current web tool.",2026-10-05
96,ATS-2026-GG-000036,"옥정중앙역 대방 디에트르(중상1, 복합1BL)",2026-05-18,SECONDARY_CORROBORATED,2026910115,https://www.detre-oj.co.kr/,Direct official ApplyHome/LH/project notice artifact,BLOCKED_DIRECT_PRIMARY_ACCESS,"옥정중앙역 대방 디에트르 무순위 공고번호 2026910115가 복수 공개자료에서 확인됐고, 대방건설 현장 홈페이지가 당첨자발표 연결처로 확인됨. 공식 청약홈 원문 직접 검증 전까지 PRIMARY_VERIFIED 아님.",https://www.applyhome.co.kr/ai/aia/selectAPTLttotPblancDetail.do?houseManageNo=2026910115&pblancNo=2026910115,DIRECT_ENDPOINT_BLOCKED_IN_CURRENT_TOOL,"Numeric first-event notice ID recovered and official project site cross-check available, but original ApplyHome detail endpoint remains inaccessible in current web tool.",2026-10-05
97,ATS-2026-GG-000011,용인 플랫폼시티 라온프라이빗 아르디에,2026-04-22,SECONDARY_CORROBORATED,2026910095,https://www.yp-raon.com,Direct official ApplyHome/LH/project notice artifact,BLOCKED_DIRECT_PRIMARY_ACCESS,"용인 플랫폼시티 라온프라이빗 아르디에 무순위 공고번호 2026910095, 98세대, 모집공고일 2026-04-22가 공개 재현자료에서 확인됐고 라온 공식 현장 홈페이지가 연결됨. 공식 청약홈 원문 직접 검증 전까지 PRIMARY_VERIFIED 아님.",https://www.applyhome.co.kr/ai/aia/selectAPTLttotPblancDetail.do?houseManageNo=2026910095&pblancNo=2026910095,DIRECT_ENDPOINT_BLOCKED_IN_CURRENT_TOOL,"Numeric first-event notice ID recovered and official project site cross-check available, but original ApplyHome detail endpoint remains inaccessible in current web tool.",2026-10-05
98,ATS-2026-GG-000004,북오산자이 리버블시티,2026-02-20,SECONDARY_CORROBORATED,2026910042,https://www.xi.co.kr/osan,Direct official ApplyHome/LH/project notice artifact,BLOCKED_DIRECT_PRIMARY_ACCESS,"북오산자이 리버블시티 첫 무순위 90세대, 모집공고일 2026-02-20, 공고번호 2026910042가 공개 재현자료에서 확인됐고 GS건설 Xi 공식 현장 홈페이지가 연결됨. 공식 청약홈 원문 직접 검증 전까지 PRIMARY_VERIFIED 아님.",https://www.applyhome.co.kr/ai/aia/selectAPTLttotPblancDetail.do?houseManageNo=2026910042&pblancNo=2026910042,DIRECT_ENDPOINT_BLOCKED_IN_CURRENT_TOOL,"Numeric first-event notice ID recovered and official project site cross-check available, but original ApplyHome detail endpoint remains inaccessible in current web tool.",2026-10-05
99,ATS-2026-GG-000020,수원역 아너스빌 타임원,2026-07-06,SECONDARY_CORROBORATED,,https://cymap.nxex.kr/apt/%EA%B2%BD%EA%B8%B0-%EC%88%98%EC%9B%90%EC%97%AD-%EC%95%84%EB%84%88%EC%8A%A4%EB%B9%8C-%ED%83%80%EC%9E%84%EC%9B%90-0172,Direct official ApplyHome/LH/project notice artifact,BLOCKED_NOTICE_ID_OR_PRIMARY_ARTIFACT,"No numeric notice ID recovered; first recover official identifier, then direct artifact.",,NO_NUMERIC_NOTICE_ID,No numeric follow-up notice ID has been recovered. Requires official notice identifier or official project/public-agency artifact before promotion.,2026-10-05
100,ATS-2026-SEOUL-000008,래미안 엘라비네,2026-04-21,SECONDARY_CORROBORATED,,https://www.newsis.com/view/NISX20260421_0003599909,Direct official ApplyHome/LH/project notice artifact,BLOCKED_NOTICE_ID_OR_PRIMARY_ARTIFACT,"No numeric notice ID recovered; first recover official identifier, then direct artifact.",,NO_NUMERIC_NOTICE_ID,No numeric follow-up notice ID has been recovered. Requires official notice identifier or official project/public-agency artifact before promotion.,2026-10-05
101,ATS-2026-SEOUL-000009,장위 푸르지오 마크원,2026-08-05,SECONDARY_CORROBORATED,,https://www.news2day.co.kr/article/20260806500232,Direct official ApplyHome/LH/project notice artifact,BLOCKED_FIRST_EVENT_ID,장위 푸르지오 마크원 2차 무순위 공고번호 2026910224는 공개 재현자료에서 확인됨. 다만 1차 무순위(derived first follow-up 2026-08-05)의 숫자형 공고번호는 별도 복원이 필요하므로 이 ID는 현재 프로젝트의 후속 이력 참고용으로만 보존하고 first-event ID로 사용하지 않음.,,NO_NUMERIC_NOTICE_ID,"Second follow-up notice ID 2026910224 recovered, but the first-event notice ID for 2026-08-05 remains unresolved.",2026-10-05
102,ATS-2026-GG-000035,용인 고림 동문 디 이스트,2026-05-22,SECONDARY_CORROBORATED,,https://dazabi.com/insurance_magazine/article.php?id=22193,Direct official ApplyHome/LH/project notice artifact,BLOCKED_NOTICE_ID_OR_PRIMARY_ARTIFACT,"No numeric notice ID recovered; first recover official identifier, then direct artifact.",,NO_NUMERIC_NOTICE_ID,No numeric follow-up notice ID has been recovered. Requires official notice identifier or official project/public-agency artifact before promotion.,2026-10-05
