priority_rank,apttosell_project_id,house_manage_no,project_name,region,derived_first_followup_date,days_to_first_followup,project_followup_event_count,verification_target,verification_status,official_notice_id,official_source_url,verification_note
1,ATS-2026-GG-000012,2026000043,부천역 에피트 어바닉,경기,2026-04-15,40,5,"Recover official follow-up notice ID, subtype, and primary source",ID_CORROBORATED_SECONDARY,2026910081,https://www.applyhome.co.kr/ai/aia/selectAPTLttotPblancDetail.do?houseManageNo=2026910081&pblancNo=2026910081,부천역 에피트 어바닉 첫 무순위 공고번호 2026910081 확인. HL D&I Halla 공식 현장 홈페이지에서 2026-04-15 무순위 모집공고 및 4/20 청약일정을 직접 확인. 숫자형 공고번호 자체는 재현자료에서 확인되어 PRIMARY 전체승격은 보류. Official source link normalized to ApplyHome detail URL using the recovered notice ID; verification grade remains separate from link normalization.
2,ATS-2026-GG-000009,2026000055,의정부역 센트럴 아이파크,경기,2026-05-13,48,5,"Recover official follow-up notice ID, subtype, and primary source",ID_CORROBORATED_SECONDARY,2026910114,https://www.applyhome.co.kr/ai/aia/selectAPTLttotPblancDetail.do?houseManageNo=2026910114&pblancNo=2026910114,"무순위 141세대, 접수 2026-05-18, 당첨자 발표 2026-05-21 및 숫자형 공고 ID 2026910114가 공개 재현자료에서 확인됨. 공식 ApplyHome 원문 직접 검증 전까지 PRIMARY_VERIFIED 아님. Official source link normalized to ApplyHome detail URL using the recovered notice ID; verification grade remains separate from link normalization."
3,ATS-2026-GG-000036,2026000049,"옥정중앙역 대방 디에트르(중상1, 복합1BL)",경기,2026-05-18,39,4,"Recover official follow-up notice ID, subtype, and primary source",ID_CORROBORATED_SECONDARY,2026910115,https://www.applyhome.co.kr/ai/aia/selectAPTLttotPblancDetail.do?houseManageNo=2026910115&pblancNo=2026910115,"옥정중앙역 대방 디에트르 첫 무순위 379세대, 모집공고일 2026-05-18, 공고번호 2026910115 확인. 대방건설 공식 현장 홈페이지 연결도 교차확인. Official source link normalized to ApplyHome detail URL using the recovered notice ID; verification grade remains separate from link normalization."
4,ATS-2026-SEOUL-000014,2026000156,더 리치먼드 미아,서울,2026-06-18,52,4,"Recover official follow-up notice ID, subtype, and primary source",ID_CORROBORATED_SECONDARY,2026910155,https://www.applyhome.co.kr/ai/aia/selectAPTLttotPblancDetail.do?houseManageNo=2026910155&pblancNo=2026910155,"더 리치먼드 미아 무순위 98세대, 모집공고일 2026-06-18, 접수 2026-06-23, 공고번호 2026910155가 공개 재현자료에서 일치. 공식 ApplyHome 직접 검증 전까지 PRIMARY_VERIFIED 아님. Official source link normalized to ApplyHome detail URL using the recovered notice ID; verification grade remains separate from link normalization."
5,ATS-2026-GG-000011,2026000044,용인 플랫폼시티 라온프라이빗 아르디에,경기,2026-04-22,40,3,"Recover official follow-up notice ID, subtype, and primary source",ID_CORROBORATED_SECONDARY,2026910095,https://www.applyhome.co.kr/ai/aia/selectAPTLttotPblancDetail.do?houseManageNo=2026910095&pblancNo=2026910095,"용인 플랫폼시티 라온프라이빗 아르디에 첫 무순위 98세대, 모집공고일 2026-04-22, 공고번호 2026910095 확인. 라온 공식 현장 홈페이지 연결 교차확인. Official source link normalized to ApplyHome detail URL using the recovered notice ID; verification grade remains separate from link normalization."
6,ATS-2026-ICN-000001,2025000572,포레나더샵 인천시청역,인천,2026-03-12,41,3,"Recover official follow-up notice ID, subtype, and primary source",PRIMARY_VERIFIED,2026910063,https://incheon.forena.co.kr/data/m_gongo.pdf,"포레나더샵 인천시청역 사업 공식 도메인에 게시된 무순위 입주자모집공고 PDF에서 모집공고일 2026-03-12, 청약 2026-03-17, 잔여 466세대 및 주택관리번호 2026910063을 직접 확인. 공식/사업주체 원문 기반 PRIMARY_VERIFIED."
7,ATS-2026-GG-000024,2026000178,중앙하이츠 원종역,경기,2026-06-19,42,3,"Recover official follow-up notice ID, subtype, and primary source",ID_CORROBORATED_SECONDARY,2026910157,https://www.applyhome.co.kr/ai/aia/selectAPTLttotPblancDetail.do?houseManageNo=2026910157&pblancNo=2026910157,"무순위 공고번호 2026910157, 모집공고일 2026-06-19, 공급 28세대, 접수 2026-06-24가 복수 재현자료에서 일치. derived first follow-up date와 정확히 일치. 공식 청약홈 직접 원문 검증 전까지 PRIMARY_VERIFIED 아님. Official source link normalized to ApplyHome detail URL using the recovered notice ID; verification grade remains separate from link normalization."
8,ATS-2026-GG-000002,2025000652,안양역 센트럴 아이파크 수자인,경기,2026-03-11,47,3,"Recover official follow-up notice ID, subtype, and primary source",ID_CORROBORATED_SECONDARY,2026910062,https://www.applyhome.co.kr/ai/aia/selectAPTLttotPblancDetail.do?houseManageNo=2026910062&pblancNo=2026910062,무순위 공고번호 2026910062 및 모집공고일 2026-03-11이 청약홈 API 재현자료에서 확인됨. derived first follow-up date와 정확히 일치. 공식 청약홈 원문 직접 검증 전까지 PRIMARY_VERIFIED 아님. Official source link normalized to ApplyHome detail URL using the recovered notice ID; verification grade remains separate from link normalization.
9,ATS-2026-SEOUL-000001,2026000028,해링턴플레이스 노원 센트럴,서울,2026-04-28,67,3,"Recover official follow-up notice ID, subtype, and primary source",ID_CORROBORATED_SECONDARY,2026910100,https://www.applyhome.co.kr/ai/aia/selectAPTLttotPblancDetail.do?houseManageNo=2026910100&pblancNo=2026910100,2026-04-28 첫 후속공급 58세대의 숫자형 공고번호 2026910100이 복수 공개자료에서 일치 확인됨. 공식 ApplyHome 원문 직접 접근이 되지 않아 PRIMARY_VERIFIED로 승격하지 않음. Official source link normalized to ApplyHome detail URL using the recovered notice ID; verification grade remains separate from link normalization.
10,ATS-2026-GG-000038,2026000073,풍무역세권 수자인 그라센트 2차,경기,2026-07-22,110,3,"Recover official follow-up notice ID, subtype, and primary source",ID_CORROBORATED_SECONDARY,2026940155,https://www.applyhome.co.kr/ai/aia/selectAPTLttotPblancDetail.do?houseManageNo=2026940155&pblancNo=2026940155,"풍무역세권 수자인 그라센트 2차 임의공급, 모집공고일 2026-07-22, 접수 2026-07-24, 공고번호 2026940155가 복수 재현자료에서 확인됨. Official source link normalized to ApplyHome detail URL using the recovered notice ID; verification grade remains separate from link normalization."
11,ATS-2026-GG-000004,2025000628,북오산자이 리버블시티,경기,2026-02-20,42,2,"Recover official follow-up notice ID, subtype, and primary source",ID_CORROBORATED_SECONDARY,2026910042,https://www.applyhome.co.kr/ai/aia/selectAPTLttotPblancDetail.do?houseManageNo=2026910042&pblancNo=2026910042,"북오산자이 리버블시티 첫 무순위 90세대, 모집공고일 2026-02-20, 공고번호 2026910042 확인. GS건설 Xi 공식 현장 홈페이지 연결 교차확인. Official source link normalized to ApplyHome detail URL using the recovered notice ID; verification grade remains separate from link normalization."
12,ATS-2026-GG-000037,2026000069,야목역 서희스타힐스 그랜드힐,경기,2026-05-18,42,2,"Recover official follow-up notice ID, subtype, and primary source",ID_CORROBORATED_SECONDARY,2026910120,https://www.applyhome.co.kr/ai/aia/selectAPTLttotPblancDetail.do?houseManageNo=2026910120&pblancNo=2026910120,"무순위 8세대, 모집공고일 2026-05-18, 접수 2026-05-26, 숫자형 공고번호 2026910120가 공개 재현자료에서 확인되어 derived first follow-up date와 정확히 일치. 공식 ApplyHome 직접 원문 전까지 PRIMARY_VERIFIED 아님. Official source link normalized to ApplyHome detail URL using the recovered notice ID; verification grade remains separate from link normalization."
13,ATS-2026-GG-000020,2026000205,수원역 아너스빌 타임원,경기,2026-07-06,45,2,"Recover official follow-up notice ID, subtype, and primary source",ID_CORROBORATED_SECONDARY,2026910172,https://www.applyhome.co.kr/ai/aia/selectAPTLttotPblancDetail.do?houseManageNo=2026910172&pblancNo=2026910172,"수원역 아너스빌 타임원 첫 무순위 53세대, 모집공고일 2026-07-06, 공고번호 2026910172 확인. 공식 현장 홈페이지 연결도 재현자료에서 확인. Official source link normalized to ApplyHome detail URL using the recovered notice ID; verification grade remains separate from link normalization."
14,ATS-2026-SEOUL-000008,2026000039,래미안 엘라비네,서울,2026-04-21,46,2,"Recover official follow-up notice ID, subtype, and primary source",ID_CORROBORATED_SECONDARY,2026910097,https://www.applyhome.co.kr/ai/aia/selectAPTLttotPblancDetail.do?houseManageNo=2026910097&pblancNo=2026910097,"래미안 엘라비네 첫 무순위 56세대, 모집공고일 2026-04-21, 공고번호 2026910097 확인. 삼성물산 래미안 공식 프로젝트 정체성과 교차확인. Official source link normalized to ApplyHome detail URL using the recovered notice ID; verification grade remains separate from link normalization."
15,ATS-2026-SEOUL-000009,2026000275,장위 푸르지오 마크원,서울,2026-08-05,47,2,"Recover official follow-up notice ID, subtype, and primary source",ID_CORROBORATED_SECONDARY,2026910212,https://www.applyhome.co.kr/ai/aia/selectAPTLttotPblancDetail.do?houseManageNo=2026910212&pblancNo=2026910212,"장위 푸르지오 마크원 첫 무순위 39세대, 모집공고일 2026-08-05, 공고번호 2026910212 확인. 2차 무순위는 별도 공고번호 2026910224로 분리 유지. Official source link normalized to ApplyHome detail URL using the recovered notice ID; verification grade remains separate from link normalization."
16,ATS-2026-GG-000015,2026000248,북오산자이 드포레,경기,2026-07-29,47,2,"Recover official follow-up notice ID, subtype, and primary source",ID_CORROBORATED_SECONDARY,2026940164,https://www.applyhome.co.kr/ai/aia/selectAPTLttotPblancDetail.do?houseManageNo=2026940164&pblancNo=2026940164,"북오산자이 드포레 임의공급, 모집공고일 2026-07-29, 접수 2026-07-31, 공고번호 2026940164가 공개 재현자료에서 일치. Official source link normalized to ApplyHome detail URL using the recovered notice ID; verification grade remains separate from link normalization."
17,ATS-2026-ICN-000003,2026000062,중앙하이츠 갈산역 센트럴,인천,2026-05-14,48,2,"Recover official follow-up notice ID, subtype, and primary source",ID_CORROBORATED_SECONDARY,2026910112,https://www.applyhome.co.kr/ai/aia/selectAPTLttotPblancDetail.do?houseManageNo=2026910112&pblancNo=2026910112,"중앙하이츠 갈산역 센트럴 무순위 45세대, 모집공고일 2026-05-14, 접수 2026-05-20~21, 공고번호 2026910112가 재현자료에서 확인되어 derived first follow-up date와 일치. Official source link normalized to ApplyHome detail URL using the recovered notice ID; verification grade remains separate from link normalization."
18,ATS-2026-SEOUL-000010,2026000241,드파인 아르티아,서울,2026-08-07,49,2,"Recover official follow-up notice ID, subtype, and primary source",PRIMARY_VERIFIED,2026910214,https://altia.skdefine.com/data/gongo_mu.pdf,"드파인 아르티아 공식 SK디파인 현장 홈페이지의 무순위 모집공고 PDF를 직접 검증. 첫 무순위(사후) 모집공고일 2026-08-07, 주택관리번호 2026910214, 잔여 15세대를 확인. 기존 2026910233은 2차 무순위(2026-09-08) 공고로 확인되어 first-event ID를 2026910214로 정정."
19,ATS-2026-ICN-000005,2026000035,연수 월드메르디앙 어반포레,인천,2026-04-28,56,2,"Recover official follow-up notice ID, subtype, and primary source",ID_CORROBORATED_SECONDARY,2026940086,https://www.applyhome.co.kr/ai/aia/selectAPTLttotPblancDetail.do?houseManageNo=2026940086&pblancNo=2026940086,"연수 월드메르디앙 어반포레 임의공급 18세대, 모집공고일 2026-04-28, 접수 2026-04-30, 공고번호 2026940086가 공개 재현자료에서 확인됨. Official source link normalized to ApplyHome detail URL using the recovered notice ID; verification grade remains separate from link normalization."
20,ATS-2026-GG-000001,2026000019,구리역 하이니티 리버파크,경기,2026-04-13,61,2,"Recover official follow-up notice ID, subtype, and primary source",ID_CORROBORATED_SECONDARY,2026910080,https://www.applyhome.co.kr/ai/aia/selectAPTLttotPblancDetail.do?houseManageNo=2026910080&pblancNo=2026910080,"구리역 하이니티 리버파크 무순위 341세대, 모집공고일 2026-04-13, 접수 2026-04-20, 공고번호 2026910080이 복수 자료에서 일치. 사업주체 보도도 같은 일정을 확인. Official source link normalized to ApplyHome detail URL using the recovered notice ID; verification grade remains separate from link normalization."
21,ATS-2026-GG-000008,2026000070,힐스테이트 안양펠루스,경기,2026-05-29,63,2,"Recover official follow-up notice ID, subtype, and primary source",ID_CORROBORATED_SECONDARY,2026910141,https://www.applyhome.co.kr/ai/aia/selectAPTLttotPblancDetail.do?houseManageNo=2026910141&pblancNo=2026910141,"힐스테이트 안양펠루스 무순위 54세대, 모집공고일 2026-05-29, 접수 2026-06-04, 공고번호 2026910141이 공개 재현자료에서 확인됨. Official source link normalized to ApplyHome detail URL using the recovered notice ID; verification grade remains separate from link normalization."
22,ATS-2026-SEOUL-000013,2026000116,아크로 리버스카이,서울,2026-07-23,71,2,"Recover official follow-up notice ID, subtype, and primary source",PRIMARY_VERIFIED,2026910194,https://www.acro.co.kr/jsp/front/po/180247/static/pdf/180247_public_260727.pdf,"DL E&C ACRO official project-hosted no-priority recruitment notice PDF directly inspected. It states notice date 2026-07-23, housing management number 2026910194, and 3 residual units."
23,ATS-2026-GB-000002,2026000038,상주자이르네,경북,2026-04-09,31,1,"Recover official follow-up notice ID, subtype, and primary source",ID_CORROBORATED_SECONDARY,2026910084,https://www.applyhome.co.kr/ai/aia/selectAPTLttotPblancDetail.do?houseManageNo=2026910084&pblancNo=2026910084,"상주자이르네 무순위 257세대, 모집공고일 2026-04-09, 접수 2026-04-14, 공고번호 2026910084가 공개 재현자료에서 확인됨. Official source link normalized to ApplyHome detail URL using the recovered notice ID; verification grade remains separate from link normalization."
24,ATS-2026-GG-000050,2026000382,두산위브더제니스 부천,경기,2026-09-16,35,1,"Recover official follow-up notice ID, subtype, and primary source",ID_CORROBORATED_SECONDARY,2026910241,https://www.applyhome.co.kr/ai/aia/selectAPTLttotPblancDetail.do?houseManageNo=2026910241&pblancNo=2026910241,"두산위브더제니스 부천 무순위 229세대, 모집공고일 2026-09-16, 접수 2026-09-21, 공고번호 2026910241이 공개 재현자료에서 확인됨. Official source link normalized to ApplyHome detail URL using the recovered notice ID; verification grade remains separate from link normalization."
25,ATS-2026-GN-000004,2026000270,김해 신문 센트럴 아이파크,경남,2026-07-28,39,1,"Recover official follow-up notice ID, subtype, and primary source",ID_CORROBORATED_SECONDARY,2026910193,https://www.applyhome.co.kr/ai/aia/selectAPTLttotPblancDetail.do?houseManageNo=2026910193&pblancNo=2026910193,"김해 신문 센트럴 아이파크 무순위 865세대, 모집공고일 2026-07-28, 접수 2026-08-03, 공고번호 2026910193가 공개 재현자료에서 확인됨. HDC현대산업개발 공식 단지 페이지로 프로젝트 정체성도 교차확인. Official source link normalized to ApplyHome detail URL using the recovered notice ID; verification grade remains separate from link normalization."
26,ATS-2026-CN-000005,2026000226,백석시그니처자이 2단지,충남,2026-07-14,39,1,"Recover official follow-up notice ID, subtype, and primary source",ID_CORROBORATED_SECONDARY,2026910188,https://www.applyhome.co.kr/ai/aia/selectAPTLttotPblancDetail.do?houseManageNo=2026910188&pblancNo=2026910188,"백석시그니처자이 2단지 무순위 261세대, 모집공고일 2026-07-14, 공고번호 2026910188이 청약홈 API 재현자료에서 확인됨. Official source link normalized to ApplyHome detail URL using the recovered notice ID; verification grade remains separate from link normalization."
27,ATS-2026-CN-000006,2026000225,백석시그니처자이 1단지,충남,2026-07-14,39,1,"Recover official follow-up notice ID, subtype, and primary source",ID_CORROBORATED_SECONDARY,2026910187,https://www.applyhome.co.kr/ai/aia/selectAPTLttotPblancDetail.do?houseManageNo=2026910187&pblancNo=2026910187,"백석시그니처자이 1단지 무순위 252세대, 모집공고일 2026-07-14, 접수 2026-07-20, 공고번호 2026910187이 재현자료에서 확인됨. Official source link normalized to ApplyHome detail URL using the recovered notice ID; verification grade remains separate from link normalization."
28,ATS-2026-JN-000003,2026000091,소제지구 A4BL 중흥S-클래스 우미린,전남,2026-06-02,39,1,"Recover official follow-up notice ID, subtype, and primary source",ID_CORROBORATED_SECONDARY,2026910135,https://www.applyhome.co.kr/ai/aia/selectAPTLttotPblancDetail.do?houseManageNo=2026910135&pblancNo=2026910135,"소제지구 A4BL 중흥S-클래스 우미린 무순위 274세대, 모집공고일 2026-06-02, 공고번호 2026910135가 복수 청약홈 재현자료에서 일치. Official source link normalized to ApplyHome detail URL using the recovered notice ID; verification grade remains separate from link normalization."
29,ATS-2026-JN-000004,2026000090,소제지구 A3BL 중흥S-클래스 우미린,전남,2026-06-02,39,1,"Recover official follow-up notice ID, subtype, and primary source",ID_CORROBORATED_SECONDARY,2026910134,https://www.applyhome.co.kr/ai/aia/selectAPTLttotPblancDetail.do?houseManageNo=2026910134&pblancNo=2026910134,"소제지구 A3BL 중흥S-클래스 우미린 무순위 41세대, 모집공고일 2026-06-02, 공고번호 2026910134가 재현자료에서 확인됨. Official source link normalized to ApplyHome detail URL using the recovered notice ID; verification grade remains separate from link normalization."
30,ATS-2026-GW-000004,2026000071,르네오션 고성 퍼스트뷰,강원,2026-05-12,39,1,"Recover official follow-up notice ID, subtype, and primary source",ID_CORROBORATED_SECONDARY,2026910109,https://www.applyhome.co.kr/ai/aia/selectAPTLttotPblancDetail.do?houseManageNo=2026910109&pblancNo=2026910109,"르네오션 고성 퍼스트뷰 무순위 63세대, 모집공고일 2026-05-12, 접수 2026-05-18, 공고번호 2026910109가 재현자료에서 확인됨. Official source link normalized to ApplyHome detail URL using the recovered notice ID; verification grade remains separate from link normalization."
31,ATS-2026-GWANGJU-000003,2026000342,제일풍경채 첨단3지구(A6BL),광주,2026-09-22,39,1,"Recover official follow-up notice ID, subtype, and primary source",ID_CORROBORATED_SECONDARY,2026910248,https://www.applyhome.co.kr/ai/aia/selectAPTLttotPblancDetail.do?houseManageNo=2026910248&pblancNo=2026910248,"제일풍경채 첨단3지구(A6BL) 무순위 187세대, 모집공고일 2026-09-22, 공고번호 2026910248가 청약홈 API 재현자료에서 확인됨. Official source link normalized to ApplyHome detail URL using the recovered notice ID; verification grade remains separate from link normalization."
32,ATS-2026-BUSAN-000001,2026000002,e편한세상 센텀 하이베뉴,부산,2026-03-11,40,1,"Recover official follow-up notice ID, subtype, and primary source",ID_CORROBORATED_SECONDARY,2026910059,https://www.applyhome.co.kr/ai/aia/selectAPTLttotPblancDetail.do?houseManageNo=2026910059&pblancNo=2026910059,"e편한세상 센텀 하이베뉴 무순위 155세대, 모집공고일 2026-03-11, 접수 2026-03-16, 공고번호 2026910059가 복수 재현자료에서 확인됨. Official source link normalized to ApplyHome detail URL using the recovered notice ID; verification grade remains separate from link normalization."
33,ATS-2026-CN-000001,2026000015,천안 아이파크 시티 6단지,충남,2026-04-01,40,1,"Recover official follow-up notice ID, subtype, and primary source",PRIMARY_VERIFIED,2026910074,https://cheonan-iparkcity5-6.com/images/recruitment_02_0403.pdf,"천안 아이파크 시티 6단지 공식 현장 도메인의 무순위(사후) 1차 입주자모집공고 PDF를 직접 검증. 주택관리번호 2026910074, 잔여 385세대를 공식 원문에서 확인."
34,ATS-2026-CN-000002,2026000014,천안 아이파크 시티 5단지,충남,2026-04-01,40,1,"Recover official follow-up notice ID, subtype, and primary source",PRIMARY_VERIFIED,2026910073,https://cheonan-iparkcity5-6.com/images/recruitment_01.pdf,"천안 아이파크 시티 5단지 공식 현장 도메인의 무순위(사후) 1차 입주자모집공고 PDF를 직접 검증. 주택관리번호 2026910073, 잔여 334세대를 공식 원문에서 확인."
35,ATS-2026-BUSAN-000002,2026000020,금정산 하늘채 루미엘,부산,2026-03-25,40,1,"Recover official follow-up notice ID, subtype, and primary source",ID_CORROBORATED_SECONDARY,2026910068,https://www.applyhome.co.kr/ai/aia/selectAPTLttotPblancDetail.do?houseManageNo=2026910068&pblancNo=2026910068,"금정산 하늘채 루미엘 무순위 30세대, 모집공고일 2026-03-25, 접수 2026-03-30, 공고번호 2026910068이 복수 재현자료에서 확인됨. Official source link normalized to ApplyHome detail URL using the recovered notice ID; verification grade remains separate from link normalization."
36,ATS-2026-GG-000007,2026000017,쌍용 더 플래티넘 온수역,경기,2026-03-25,40,1,"Recover official follow-up notice ID, subtype, and primary source",PRIMARY_VERIFIED,2026910070,https://xn--x50bj6bv2fivnfueckm77en1d.com/assets/pdf/2026910070%20%EC%8C%8D%EC%9A%A9%20%EB%8D%94%20%ED%94%8C%EB%9E%98%ED%8B%B0%EB%84%98%20%EC%98%A8%EC%88%98%EC%97%AD%20%EB%AC%B4%EC%88%9C%EC%9C%84%20%EC%9E%85%EC%A3%BC%EC%9E%90%EB%AA%A8%EC%A7%91%EA%B3%B5%EA%B3%A0%EB%AC%B8.pdf,"쌍용 더 플래티넘 온수역 공식 현장 도메인에 게시된 무순위(사후) 입주자모집공고 PDF를 직접 검증. 모집공고일 2026-03-25, 주택관리번호 2026910070, 잔여 3세대를 공식 원문에서 확인."
37,ATS-2026-BUSAN-000005,2026000012,경성대부경대역 비스타동원 더 프리미엄,부산,2026-05-06,40,1,"Recover official follow-up notice ID, subtype, and primary source",ID_CORROBORATED_SECONDARY,2026910110,https://www.applyhome.co.kr/ai/aia/selectAPTLttotPblancDetail.do?houseManageNo=2026910110&pblancNo=2026910110,"경성대부경대역 비스타동원 더 프리미엄 무순위 24세대, 모집공고일 2026-05-06, 접수 2026-05-11, 공고번호 2026910110 확인. Official source link normalized to ApplyHome detail URL using the recovered notice ID; verification grade remains separate from link normalization."
38,ATS-2026-GN-000001,2026000075,창원자이 더 스카이,경남,2026-04-29,40,1,"Recover official follow-up notice ID, subtype, and primary source",ID_CORROBORATED_SECONDARY,2026910102,https://www.applyhome.co.kr/ai/aia/selectAPTLttotPblancDetail.do?houseManageNo=2026910102&pblancNo=2026910102,"창원자이 더 스카이 무순위 431세대, 모집공고일 2026-04-29, 접수 2026-05-04, 공고번호 2026910102 확인. Official source link normalized to ApplyHome detail URL using the recovered notice ID; verification grade remains separate from link normalization."
39,ATS-2026-BUSAN-000006,2026000066,한화포레나 부산당리,부산,2026-04-29,40,1,"Recover official follow-up notice ID, subtype, and primary source",ID_CORROBORATED_SECONDARY,2026910098,https://www.applyhome.co.kr/ai/aia/selectAPTLttotPblancDetail.do?houseManageNo=2026910098&pblancNo=2026910098,"한화포레나 부산당리 무순위 6세대, 모집공고일 2026-04-29, 접수 2026-05-04, 공고번호 2026910098 확인. Official source link normalized to ApplyHome detail URL using the recovered notice ID; verification grade remains separate from link normalization."
40,ATS-2026-CN-000004,2026000051,아산탕정자이 메트로시티(A3BL),충남,2026-04-29,40,1,"Recover official follow-up notice ID, subtype, and primary source",ID_CORROBORATED_SECONDARY,2026910096,https://www.applyhome.co.kr/ai/aia/selectAPTLttotPblancDetail.do?houseManageNo=2026910096&pblancNo=2026910096,"아산탕정자이 메트로시티(A3BL) 무순위 606세대, 모집공고일 2026-04-29, 접수 2026-05-04, 공고번호 2026910096 확인. Official source link normalized to ApplyHome detail URL using the recovered notice ID; verification grade remains separate from link normalization."
41,ATS-2026-JN-000001,2026000036,e편한세상 여수 글렌츠,전남,2026-04-15,40,1,"Recover official follow-up notice ID, subtype, and primary source",ID_CORROBORATED_SECONDARY,2026910086,https://www.applyhome.co.kr/ai/aia/selectAPTLttotPblancDetail.do?houseManageNo=2026910086&pblancNo=2026910086,"e편한세상 여수 글렌츠 무순위 51세대, 모집공고일 2026-04-15, 접수 2026-04-20, 공고번호 2026910086 확인. Official source link normalized to ApplyHome detail URL using the recovered notice ID; verification grade remains separate from link normalization."
42,ATS-2026-GB-000003,2026000273,펜타힐즈 더블유 1단지,경북,2026-07-29,40,1,"Recover official follow-up notice ID, subtype, and primary source",ID_CORROBORATED_SECONDARY,2026910199,https://www.applyhome.co.kr/ai/aia/selectAPTLttotPblancDetail.do?houseManageNo=2026910199&pblancNo=2026910199,"펜타힐즈 더블유 1단지 무순위 486세대, 모집공고일 2026-07-29, 접수 2026-08-03, 공고번호 2026910199 확인. Official source link normalized to ApplyHome detail URL using the recovered notice ID; verification grade remains separate from link normalization."
43,ATS-2026-GN-000008,2026000224,힐스테이트 양산더스카이 2단지,경남,2026-07-22,40,1,"Recover official follow-up notice ID, subtype, and primary source",ID_CORROBORATED_SECONDARY,2026910192,https://www.applyhome.co.kr/ai/aia/selectAPTLttotPblancDetail.do?houseManageNo=2026910192&pblancNo=2026910192,"힐스테이트 양산더스카이 2단지 무순위 37세대, 모집공고일 2026-07-22, 공고번호 2026910192 확인. Official source link normalized to ApplyHome detail URL using the recovered notice ID; verification grade remains separate from link normalization."
44,ATS-2026-GN-000009,2026000223,힐스테이트 양산더스카이 1단지,경남,2026-07-22,40,1,"Recover official follow-up notice ID, subtype, and primary source",ID_CORROBORATED_SECONDARY,2026910191,https://www.applyhome.co.kr/ai/aia/selectAPTLttotPblancDetail.do?houseManageNo=2026910191&pblancNo=2026910191,"힐스테이트 양산더스카이 1단지 무순위 239세대, 모집공고일 2026-07-22, 접수 2026-07-27, 공고번호 2026910191 확인. Official source link normalized to ApplyHome detail URL using the recovered notice ID; verification grade remains separate from link normalization."
45,ATS-2026-BUSAN-000010,2026000217,동래사적공원 오네뜨,부산,2026-06-24,40,1,"Recover official follow-up notice ID, subtype, and primary source",ID_CORROBORATED_SECONDARY,2026910161,https://www.applyhome.co.kr/ai/aia/selectAPTLttotPblancDetail.do?houseManageNo=2026910161&pblancNo=2026910161,"동래사적공원 오네뜨 무순위 2세대, 모집공고일 2026-06-24, 접수 2026-06-29, 공고번호 2026910161 확인. 공식 현장 홈페이지의 모집공고 메뉴도 교차확인됨. Official source link normalized to ApplyHome detail URL using the recovered notice ID; verification grade remains separate from link normalization."
46,ATS-2026-GB-000004,2026000170,상주북천 하늘채 파크원,경북,2026-06-09,40,1,"Recover official follow-up notice ID, subtype, and primary source",ID_CORROBORATED_SECONDARY,2026910143,https://www.applyhome.co.kr/ai/aia/selectAPTLttotPblancDetail.do?houseManageNo=2026910143&pblancNo=2026910143,"상주북천 하늘채 파크원 무순위 42세대, 모집공고일 2026-06-09, 접수 2026-06-15, 주택관리번호/공고번호 2026910143 확인. 공식 현장 홈페이지에 무순위 모집공고 메뉴 존재도 교차확인. Official source link normalized to ApplyHome detail URL using the recovered notice ID; verification grade remains separate from link normalization."
47,ATS-2026-DAEJEON-000003,2026000105,도안자이 센텀리체 2단지,대전,2026-05-20,40,1,"Recover official follow-up notice ID, subtype, and primary source",ID_CORROBORATED_SECONDARY,2026910118,https://www.applyhome.co.kr/ai/aia/selectAPTLttotPblancDetail.do?houseManageNo=2026910118&pblancNo=2026910118,"도안자이 센텀리체 2단지 무순위 657세대, 모집공고일 2026-05-20, 접수 2026-05-26, 공고번호 2026910118 확인. Official source link normalized to ApplyHome detail URL using the recovered notice ID; verification grade remains separate from link normalization."
48,ATS-2026-DAEJEON-000004,2026000104,도안자이 센텀리체 1단지,대전,2026-05-20,40,1,"Recover official follow-up notice ID, subtype, and primary source",ID_CORROBORATED_SECONDARY,2026910117,https://www.applyhome.co.kr/ai/aia/selectAPTLttotPblancDetail.do?houseManageNo=2026910117&pblancNo=2026910117,"도안자이 센텀리체 1단지 무순위 660세대, 모집공고일 2026-05-20, 접수 2026-05-26, 공고번호 2026910117 확인. Official source link normalized to ApplyHome detail URL using the recovered notice ID; verification grade remains separate from link normalization."
49,ATS-2026-CN-000012,2026000086,업성 푸르지오 레이크시티,충남,2026-05-13,40,1,"Recover official follow-up notice ID, subtype, and primary source",ID_CORROBORATED_SECONDARY,2026910113,https://www.applyhome.co.kr/ai/aia/selectAPTLttotPblancDetail.do?houseManageNo=2026910113&pblancNo=2026910113,"업성 푸르지오 레이크시티 무순위, 모집공고일 2026-05-13, 접수 2026-05-18, 타입별 주택관리번호 2026910113 확인. Official source link normalized to ApplyHome detail URL using the recovered notice ID; verification grade remains separate from link normalization."
50,ATS-2026-JB-000003,2026000077,북전주 광신프로그레스,전북,2026-05-13,40,1,"Recover official follow-up notice ID, subtype, and primary source",ID_CORROBORATED_SECONDARY,2026910107,https://www.applyhome.co.kr/ai/aia/selectAPTLttotPblancDetail.do?houseManageNo=2026910107&pblancNo=2026910107,"북전주 광신프로그레스 무순위 298세대, 모집공고일 2026-05-13, 공고번호 2026910107 확인. Official source link normalized to ApplyHome detail URL using the recovered notice ID; verification grade remains separate from link normalization."
51,ATS-2026-GG-000051,2026000371,용인반도체클러스터 동일하이빌 파크밸리(D1-1블록),경기,2026-09-16,40,1,"Recover official follow-up notice ID, subtype, and primary source",ID_CORROBORATED_SECONDARY,2026910246,https://www.applyhome.co.kr/ai/aia/selectAPTLttotPblancDetail.do?houseManageNo=2026910246&pblancNo=2026910246,"용인반도체클러스터 동일하이빌 파크밸리 무순위 126세대, 모집공고일 2026-09-16, 접수 2026-09-21, 공고번호 2026910246 확인. Official source link normalized to ApplyHome detail URL using the recovered notice ID; verification grade remains separate from link normalization."
52,ATS-2026-GW-000006,2026000312,춘천 리버뷰 아이파크,강원,2026-08-19,40,1,"Recover official follow-up notice ID, subtype, and primary source",ID_CORROBORATED_SECONDARY,2026910217,https://www.applyhome.co.kr/ai/aia/selectAPTLttotPblancDetail.do?houseManageNo=2026910217&pblancNo=2026910217,"춘천 리버뷰 아이파크 무순위 180세대, 모집공고일 2026-08-19, 접수 2026-08-24, 공고번호 2026910217 확인. Official source link normalized to ApplyHome detail URL using the recovered notice ID; verification grade remains separate from link normalization."
53,ATS-2026-GG-000005,2025000510,두산위브 더센트럴 수원,경기,2026-04-09,41,1,"Recover official follow-up notice ID, subtype, and primary source",PRIMARY_VERIFIED,2026910083,https://xn--9m1brsn1gisitsdcyab8beyshnar08g.com/assets/pdf/20260408%20%EB%91%90%EC%82%B0%EC%9C%84%EB%B8%8C%20%EB%8D%94%EC%84%BC%ED%8A%B8%EB%9F%B4%20%EC%88%98%EC%9B%90_%EB%AC%B4%EC%88%9C%EC%9C%84%20%EB%AA%A8%EC%A7%91%EA%B3%B5%EA%B3%A0_%EC%B5%9C%EC%A2%85.pdf,"두산위브 더센트럴 수원 공식 현장 도메인에 게시된 무순위(사후) 입주자모집공고 PDF를 직접 검증. 모집공고일 2026-04-09, 주택관리번호 2026910083, 일반분양 잔여 25세대를 공식 원문에서 확인."
54,ATS-2026-BUSAN-000004,2026000074,엄궁역 트라비스 하늘채,부산,2026-05-07,41,1,"Recover official follow-up notice ID, subtype, and primary source",ID_CORROBORATED_SECONDARY,2026910105,https://www.applyhome.co.kr/ai/aia/selectAPTLttotPblancDetail.do?houseManageNo=2026910105&pblancNo=2026910105,"엄궁역 트라비스 하늘채 무순위 272세대, 모집공고일 2026-05-07, 접수 2026-05-12, 공고번호 2026910105 확인. Official source link normalized to ApplyHome detail URL using the recovered notice ID; verification grade remains separate from link normalization."
55,ATS-2026-GG-000017,2026000237,평택 고덕 우미 린 프레스티지(Abc-36BL),경기,2026-07-16,41,1,"Recover official follow-up notice ID, subtype, and primary source",ID_CORROBORATED_SECONDARY,2026910180,https://www.applyhome.co.kr/ai/aia/selectAPTLttotPblancDetail.do?houseManageNo=2026910180&pblancNo=2026910180,"평택 고덕 우미 린 프레스티지(Abc-36BL) 후속 무순위 192세대, 접수 2026-07-21, 공고번호 2026910180 확인. 우미 린 공식 현장 페이지로 프로젝트 정체성도 교차확인. Official source link normalized to ApplyHome detail URL using the recovered notice ID; verification grade remains separate from link normalization."
56,ATS-2026-BUSAN-000009,2026000148,알티에로 광안,부산,2026-07-16,41,1,"Recover official follow-up notice ID, subtype, and primary source",ID_CORROBORATED_SECONDARY,2026910184,https://www.applyhome.co.kr/ai/aia/selectAPTLttotPblancDetail.do?houseManageNo=2026910184&pblancNo=2026910184,"알티에로 광안 무순위 12세대, 모집공고일 2026-07-16, 접수 2026-07-21, 공고번호 2026910184가 공개 재현자료에서 확인됨. Official source link normalized to ApplyHome detail URL using the recovered notice ID; verification grade remains separate from link normalization."
57,ATS-2026-ICN-000008,2026000162,검암역자이르네,인천,2026-06-25,41,1,"Recover official follow-up notice ID, subtype, and primary source",ID_CORROBORATED_SECONDARY,2026910159,https://www.applyhome.co.kr/ai/aia/selectAPTLttotPblancDetail.do?houseManageNo=2026910159&pblancNo=2026910159,"검암역자이르네 무순위 150세대, 모집공고일 2026-06-25, 공고번호 2026910159가 청약홈 재현자료에서 확인됨. Official source link normalized to ApplyHome detail URL using the recovered notice ID; verification grade remains separate from link normalization."
58,ATS-2026-GG-000022,2026000187,엘리프 역곡,경기,2026-06-24,41,1,"Recover official follow-up notice ID, subtype, and primary source",ID_CORROBORATED_SECONDARY,2026910162,https://www.applyhome.co.kr/ai/aia/selectAPTLttotPblancDetail.do?houseManageNo=2026910162&pblancNo=2026910162,"엘리프 역곡 무순위 36세대, 모집공고일 2026-06-24, 접수 2026-06-29~07-01, 공고번호 2026910162가 공개 재현자료에서 확인됨. Official source link normalized to ApplyHome detail URL using the recovered notice ID; verification grade remains separate from link normalization."
59,ATS-2026-CN-000007,2026000053,공주월송 진아레히,충남,2026-06-10,41,1,"Recover official follow-up notice ID, subtype, and primary source",ID_CORROBORATED_SECONDARY,2026910150,https://www.applyhome.co.kr/ai/aia/selectAPTLttotPblancDetail.do?houseManageNo=2026910150&pblancNo=2026910150,"공주월송 진아레히 무순위 230세대, 모집공고일 2026-06-10, 접수 2026-06-15, 주택관리번호 2026910150가 공개 재현자료에서 확인됨. Official source link normalized to ApplyHome detail URL using the recovered notice ID; verification grade remains separate from link normalization."
60,ATS-2026-ULSAN-000002,2026000121,문수로 라티에르 673,울산,2026-05-21,41,1,"Recover official follow-up notice ID, subtype, and primary source",ID_CORROBORATED_SECONDARY,2026910122,https://www.applyhome.co.kr/ai/aia/selectAPTLttotPblancDetail.do?houseManageNo=2026910122&pblancNo=2026910122,"문수로 라티에르 673 무순위 12세대, 모집공고일 2026-05-21, 접수 2026-05-26, 공고번호 2026910122가 공개 재현자료에서 확인됨. Official source link normalized to ApplyHome detail URL using the recovered notice ID; verification grade remains separate from link normalization."
61,ATS-2026-GG-000052,2026000367,한강 푸르지오 리버프론트,경기,2026-09-09,41,1,"Recover official follow-up notice ID, subtype, and primary source",ID_CORROBORATED_SECONDARY,2026910227,https://www.applyhome.co.kr/ai/aia/selectAPTLttotPblancDetail.do?houseManageNo=2026910227&pblancNo=2026910227,"한강 푸르지오 리버프론트 무순위 832세대, 모집공고일 2026-09-09, 접수 2026-09-14, 공고번호 2026910227가 공개 재현자료에서 확인됨. Official source link normalized to ApplyHome detail URL using the recovered notice ID; verification grade remains separate from link normalization."
62,ATS-2026-BUSAN-000017,2026000356,두산위브더제니스 대연,부산,2026-09-09,41,1,"Recover official follow-up notice ID, subtype, and primary source",ID_CORROBORATED_SECONDARY,2026910234,https://www.applyhome.co.kr/ai/aia/selectAPTLttotPblancDetail.do?houseManageNo=2026910234&pblancNo=2026910234,"두산위브더제니스 대연 무순위 107세대, 모집공고일 2026-09-09, 접수 2026-09-14, 공고번호 2026910234가 공개 재현자료에서 확인됨. Official source link normalized to ApplyHome detail URL using the recovered notice ID; verification grade remains separate from link normalization."
63,ATS-2026-GW-000002,2026000173,더 리치먼드 리버센트 소양,강원,2026-07-03,42,1,"Recover official follow-up notice ID, subtype, and primary source",ID_CORROBORATED_SECONDARY,2026910164,https://www.applyhome.co.kr/ai/aia/selectAPTLttotPblancDetail.do?houseManageNo=2026910164&pblancNo=2026910164,"더 리치먼드 리버센트 소양 무순위 24세대, 모집공고일 2026-07-03, 접수 2026-07-08, 공고번호 2026910164가 공개 재현자료에서 확인됨. Official source link normalized to ApplyHome detail URL using the recovered notice ID; verification grade remains separate from link normalization."
64,ATS-2026-BUSAN-000012,2026000172,두산위브 트리니뷰 구명역,부산,2026-06-19,42,1,"Recover official follow-up notice ID, subtype, and primary source",ID_CORROBORATED_SECONDARY,2026910153,https://www.applyhome.co.kr/ai/aia/selectAPTLttotPblancDetail.do?houseManageNo=2026910153&pblancNo=2026910153,"두산위브 트리니뷰 구명역 무순위 31세대, 모집공고일 2026-06-19, 접수 2026-06-24, 공고번호 2026910153가 공개 재현자료에서 확인됨. Official source link normalized to ApplyHome detail URL using the recovered notice ID; verification grade remains separate from link normalization."
65,ATS-2026-GG-000027,2026000155,고덕국제신도시 수자인풍경채 2단지,경기,2026-06-10,42,1,"Recover official follow-up notice ID, subtype, and primary source",ID_CORROBORATED_SECONDARY,2026910137,https://www.applyhome.co.kr/ai/aia/selectAPTLttotPblancDetail.do?houseManageNo=2026910137&pblancNo=2026910137,"고덕국제신도시 수자인풍경채 2단지 무순위 116세대, 모집공고일 2026-06-10, 접수 2026-06-15, 공고번호 2026910137가 공개 재현자료에서 확인됨. Official source link normalized to ApplyHome detail URL using the recovered notice ID; verification grade remains separate from link normalization."
66,ATS-2026-GG-000028,2026000154,고덕국제신도시 수자인풍경채 1단지,경기,2026-06-10,42,1,"Recover official follow-up notice ID, subtype, and primary source",ID_CORROBORATED_SECONDARY,2026910136,https://www.applyhome.co.kr/ai/aia/selectAPTLttotPblancDetail.do?houseManageNo=2026910136&pblancNo=2026910136,"고덕국제신도시 수자인풍경채 1단지 무순위 126세대, 모집공고일 2026-06-10, 접수 2026-06-15, 공고번호 2026910136 확인. Official source link normalized to ApplyHome detail URL using the recovered notice ID; verification grade remains separate from link normalization."
67,ATS-2026-CN-000009,2026000150,엘리프 성성호수공원 2BL,충남,2026-06-04,42,1,"Recover official follow-up notice ID, subtype, and primary source",ID_CORROBORATED_SECONDARY,2026910145,https://www.applyhome.co.kr/ai/aia/selectAPTLttotPblancDetail.do?houseManageNo=2026910145&pblancNo=2026910145,"엘리프 성성호수공원 2BL 무순위 485세대, 모집공고일 2026-06-04, 접수 2026-06-09, 공고번호 2026910145 확인. Official source link normalized to ApplyHome detail URL using the recovered notice ID; verification grade remains separate from link normalization."
68,ATS-2026-CN-000010,2026000149,엘리프 성성호수공원 1BL,충남,2026-06-04,42,1,"Recover official follow-up notice ID, subtype, and primary source",ID_CORROBORATED_SECONDARY,2026910144,https://www.applyhome.co.kr/ai/aia/selectAPTLttotPblancDetail.do?houseManageNo=2026910144&pblancNo=2026910144,"엘리프 성성호수공원 1BL 무순위 126세대, 모집공고일 2026-06-04, 접수 2026-06-09, 주택관리번호 2026910144 확인. Official source link normalized to ApplyHome detail URL using the recovered notice ID; verification grade remains separate from link normalization."
69,ATS-2026-GG-000035,2026000112,용인 고림 동문 디 이스트,경기,2026-05-22,42,1,"Recover official follow-up notice ID, subtype, and primary source",ID_CORROBORATED_SECONDARY,2026910129,https://www.applyhome.co.kr/ai/aia/selectAPTLttotPblancDetail.do?houseManageNo=2026910129&pblancNo=2026910129,"용인 고림 동문 디 이스트 첫 무순위 61세대, 모집공고일 2026-05-22, 공고번호 2026910129 확인. 동문건설 공식 현장 홈페이지로 프로젝트 정체성 교차확인. Official source link normalized to ApplyHome detail URL using the recovered notice ID; verification grade remains separate from link normalization."
70,ATS-2026-GB-000005,2026000093,더샵 안동더퍼스트,경북,2026-05-21,42,1,"Recover official follow-up notice ID, subtype, and primary source",ID_CORROBORATED_SECONDARY,2026910116,https://www.applyhome.co.kr/ai/aia/selectAPTLttotPblancDetail.do?houseManageNo=2026910116&pblancNo=2026910116,더샵 안동더퍼스트 무순위 공고문 사본에서 모집공고일 2026-05-21과 주택관리번호 2026910116 확인. 공식 원문 직접 호스팅 여부가 불명확해 SECONDARY 유지. Official source link normalized to ApplyHome detail URL using the recovered notice ID; verification grade remains separate from link normalization.
71,ATS-2026-GN-000016,2026000282,창원 한신더휴 메가센텀,경남,2026-08-27,42,1,"Recover official follow-up notice ID, subtype, and primary source",ID_CORROBORATED_SECONDARY,2026910223,https://www.applyhome.co.kr/ai/aia/selectAPTLttotPblancDetail.do?houseManageNo=2026910223&pblancNo=2026910223,"창원 한신더휴 메가센텀 무순위 430세대, 모집공고일 2026-08-27, 공고번호 2026910223 확인. 공식 현장 홈페이지로 프로젝트 정체성 교차확인. Official source link normalized to ApplyHome detail URL using the recovered notice ID; verification grade remains separate from link normalization."
72,ATS-2026-SEOUL-000012,2026000120,써밋 더힐,서울,2026-06-30,46,1,"Recover official follow-up notice ID, subtype, and primary source",ID_CORROBORATED_SECONDARY,2026910169,https://www.applyhome.co.kr/ai/aia/selectAPTLttotPblancDetail.do?houseManageNo=2026910169&pblancNo=2026910169,"써밋 더힐 무순위 3세대, 모집공고일 2026-06-30, 접수 2026-07-06, 공고번호 2026910169 확인. Official source link normalized to ApplyHome detail URL using the recovered notice ID; verification grade remains separate from link normalization."
73,ATS-2026-GG-000033,2026000107,경기광주역 롯데캐슬 시그니처 1단지,경기,2026-06-02,46,1,"Recover official follow-up notice ID, subtype, and primary source",ID_CORROBORATED_SECONDARY,2026910130,https://www.applyhome.co.kr/ai/aia/selectAPTLttotPblancDetail.do?houseManageNo=2026910130&pblancNo=2026910130,"경기광주역 롯데캐슬 시그니처 1단지 무순위 83세대, 모집공고일 2026-06-02, 접수 2026-06-08, 공고번호 2026910130 확인. Official source link normalized to ApplyHome detail URL using the recovered notice ID; verification grade remains separate from link normalization."
74,ATS-2026-SEOUL-000016,2026000094,라클라체자이드파인,서울,2026-05-19,46,1,"Recover official follow-up notice ID, subtype, and primary source",ID_CORROBORATED_SECONDARY,2026910121,https://www.applyhome.co.kr/ai/aia/selectAPTLttotPblancDetail.do?houseManageNo=2026910121&pblancNo=2026910121,"라클라체자이드파인 무순위 2세대, 모집공고일 2026-05-19, 접수 2026-05-26, 공고번호 2026910121 확인. Official source link normalized to ApplyHome detail URL using the recovered notice ID; verification grade remains separate from link normalization."
75,ATS-2026-GG-000055,2026000315,오산헤리티지자이 1단지,경기,2026-08-25,46,1,"Recover official follow-up notice ID, subtype, and primary source",ID_CORROBORATED_SECONDARY,2026910222,https://www.applyhome.co.kr/ai/aia/selectAPTLttotPblancDetail.do?houseManageNo=2026910222&pblancNo=2026910222,"오산헤리티지자이 1단지 무순위 256세대, 모집공고일 2026-08-25, 접수 2026-08-31, 공고번호 2026910222 확인. Official source link normalized to ApplyHome detail URL using the recovered notice ID; verification grade remains separate from link normalization."
76,ATS-2026-GG-000030,2026000152,e편한세상 부천 어반스퀘어,경기,2026-06-09,47,1,"Recover official follow-up notice ID, subtype, and primary source",ID_CORROBORATED_SECONDARY,2026910152,https://www.applyhome.co.kr/ai/aia/selectAPTLttotPblancDetail.do?houseManageNo=2026910152&pblancNo=2026910152,"e편한세상 부천 어반스퀘어 무순위 485세대, 모집공고일 2026-06-09, 접수 2026-06-15, 공고번호 2026910152 확인. Official source link normalized to ApplyHome detail URL using the recovered notice ID; verification grade remains separate from link normalization."
77,ATS-2026-JEJU-000001,2025000639,서귀포시 서홍동 형남아파트6차,제주,2026-03-05,48,1,"Recover official follow-up notice ID, subtype, and primary source",ID_CORROBORATED_SECONDARY,2026910054,https://www.applyhome.co.kr/ai/aia/selectAPTLttotPblancDetail.do?houseManageNo=2026910054&pblancNo=2026910054,"서귀포시 서홍동 형남아파트6차 무순위 45세대, 모집공고일 2026-03-05, 접수 2026-03-10, 공고번호 2026910054 확인. Official source link normalized to ApplyHome detail URL using the recovered notice ID; verification grade remains separate from link normalization."
78,ATS-2026-GG-000003,2025000656,사우역 지엔하임,경기,2026-02-26,48,1,"Recover official follow-up notice ID, subtype, and primary source",ID_CORROBORATED_SECONDARY,2026910048,https://www.applyhome.co.kr/ai/aia/selectAPTLttotPblancDetail.do?houseManageNo=2026910048&pblancNo=2026910048,"사우역 지엔하임 무순위 3세대, 모집공고일 2026-02-26, 접수 2026-03-03, 공고번호 2026910048 확인. Official source link normalized to ApplyHome detail URL using the recovered notice ID; verification grade remains separate from link normalization."
79,ATS-2026-GG-000019,2026000219,호반써밋 풍무Ⅱ,경기,2026-07-09,48,1,"Recover official follow-up notice ID, subtype, and primary source",ID_CORROBORATED_SECONDARY,2026910177,https://www.applyhome.co.kr/ai/aia/selectAPTLttotPblancDetail.do?houseManageNo=2026910177&pblancNo=2026910177,"호반써밋 풍무Ⅱ 무순위 8세대, 모집공고일 2026-07-09, 접수 2026-07-14, 공고번호 2026910177 확인. Official source link normalized to ApplyHome detail URL using the recovered notice ID; verification grade remains separate from link normalization."
80,ATS-2026-BUSAN-000011,2026000188,해운대 마티안 디 에디션,부산,2026-07-01,48,1,"Recover official follow-up notice ID, subtype, and primary source",ID_CORROBORATED_SECONDARY,2026910168,https://www.applyhome.co.kr/ai/aia/selectAPTLttotPblancDetail.do?houseManageNo=2026910168&pblancNo=2026910168,"해운대 마티안 디 에디션 무순위 26세대, 모집공고일 2026-07-01, 접수 2026-07-06, 공고번호 2026910168 확인. Official source link normalized to ApplyHome detail URL using the recovered notice ID; verification grade remains separate from link normalization."
81,ATS-2026-GN-000012,2026000085,힐스테이트 평거 센트럴,경남,2026-05-28,48,1,"Recover official follow-up notice ID, subtype, and primary source",ID_CORROBORATED_SECONDARY,2026910125,https://www.applyhome.co.kr/ai/aia/selectAPTLttotPblancDetail.do?houseManageNo=2026910125&pblancNo=2026910125,"힐스테이트 평거 센트럴 무순위 129세대, 모집공고일 2026-05-28, 접수 2026-06-02, 공고번호 2026910125 확인. Official source link normalized to ApplyHome detail URL using the recovered notice ID; verification grade remains separate from link normalization."
82,ATS-2026-BUSAN-000018,2026000318,더샵 트리센트,부산,2026-09-10,48,1,"Recover official follow-up notice ID, subtype, and primary source",ID_CORROBORATED_SECONDARY,2026910239,https://www.applyhome.co.kr/ai/aia/selectAPTLttotPblancDetail.do?houseManageNo=2026910239&pblancNo=2026910239,"더샵 트리센트 무순위 28세대, 모집공고일 2026-09-10, 접수 2026-09-15, 공고번호 2026910239 확인. Official source link normalized to ApplyHome detail URL using the recovered notice ID; verification grade remains separate from link normalization."
83,ATS-2026-GG-000058,2026000329,호반써밋 풍무Ⅲ,경기,2026-08-26,48,1,"Recover official follow-up notice ID, subtype, and primary source",ID_CORROBORATED_SECONDARY,2026910229,https://www.applyhome.co.kr/ai/aia/selectAPTLttotPblancDetail.do?houseManageNo=2026910229&pblancNo=2026910229,"호반써밋 풍무Ⅲ 무순위 4세대, 모집공고일 2026-08-26, 접수 2026-08-31, 공고번호 2026910229 확인. Official source link normalized to ApplyHome detail URL using the recovered notice ID; verification grade remains separate from link normalization."
84,ATS-2026-GW-000003,2026000089,강릉 우미 린 더 프리미어,강원,2026-06-05,49,1,"Recover official follow-up notice ID, subtype, and primary source",ID_CORROBORATED_SECONDARY,2026910140,https://www.applyhome.co.kr/ai/aia/selectAPTLttotPblancDetail.do?houseManageNo=2026910140&pblancNo=2026910140,"강릉 우미 린 더 프리미어 무순위 106세대, 모집공고일 2026-06-05, 접수 2026-06-10, 공고번호 2026910140 확인. Official source link normalized to ApplyHome detail URL using the recovered notice ID; verification grade remains separate from link normalization."
85,ATS-2026-GG-000049,2026000365,오남역 서희스타힐스 여의재 1단지,경기,2026-10-01,49,1,"Recover official follow-up notice ID, subtype, and primary source",ID_CORROBORATED_SECONDARY,2026910253,https://www.applyhome.co.kr/ai/aia/selectAPTLttotPblancDetail.do?houseManageNo=2026910253&pblancNo=2026910253,"오남역 서희스타힐스 여의재 1단지 무순위 12세대, 모집공고일 2026-10-01, 공고번호 2026910253 확인. Official source link normalized to ApplyHome detail URL using the recovered notice ID; verification grade remains separate from link normalization."
86,ATS-2026-GG-000056,2026000301,의왕역 SK VIEW,경기,2026-08-28,49,1,"Recover official follow-up notice ID, subtype, and primary source",PRIMARY_VERIFIED,2026910225,https://uws.skview.co.kr/data/mu_gongo.pdf,"의왕역 SK VIEW 공식 SK VIEW 현장 홈페이지의 무순위 모집공고 PDF를 직접 검증. 무순위(사후) 모집공고일 2026-08-28, 주택관리번호 2026910225, 일반분양 820세대 중 잔여 17세대를 공식 원문에서 확인."
87,ATS-2026-CB-000002,2026000087,청주 푸르지오 씨엘리체,충북,2026-06-01,52,1,"Recover official follow-up notice ID, subtype, and primary source",PRIMARY_VERIFIED,2026910133,https://www.prugio.com/hb/2026/cieliche/data/gongo_mu.pdf,Daewoo E&C PRUGIO official project-hosted no-priority recruitment notice PDF directly inspected. It states notice date 2026-06-01 and housing management number 2026910133.
88,ATS-2026-SEOUL-000020,2026000358,충정로역자이르네,서울,2026-09-28,52,1,"Recover official follow-up notice ID, subtype, and primary source",ID_CORROBORATED_SECONDARY,2026910251,https://www.applyhome.co.kr/ai/aia/selectAPTLttotPblancDetail.do?houseManageNo=2026910251&pblancNo=2026910251,"충정로역자이르네 무순위 35세대, 모집공고일 2026-09-28, 접수 2026-10-06, 공고번호 2026910251 확인. Official source link normalized to ApplyHome detail URL using the recovered notice ID; verification grade remains separate from link normalization."
89,ATS-2026-GG-000021,2026000138,힐스테이트 시흥더클래스,경기,2026-07-07,53,1,"Recover official follow-up notice ID, subtype, and primary source",ID_CORROBORATED_SECONDARY,2026910174,https://www.applyhome.co.kr/ai/aia/selectAPTLttotPblancDetail.do?houseManageNo=2026910174&pblancNo=2026910174,"힐스테이트 시흥더클래스 무순위 51세대, 모집공고일 2026-07-07, 공고번호 2026910174 확인. Official source link normalized to ApplyHome detail URL using the recovered notice ID; verification grade remains separate from link normalization."
90,ATS-2026-GN-000002,2026000271,트리븐 김해,경남,2026-08-20,55,1,"Recover official follow-up notice ID, subtype, and primary source",ID_CORROBORATED_SECONDARY,2026910219,https://www.applyhome.co.kr/ai/aia/selectAPTLttotPblancDetail.do?houseManageNo=2026910219&pblancNo=2026910219,"트리븐 김해 무순위 1세대, 모집공고일 2026-08-20, 공고번호 2026910219 확인. Official source link normalized to ApplyHome detail URL using the recovered notice ID; verification grade remains separate from link normalization."
91,ATS-2026-GG-000059,2026000310,남양주 진접 서한이다음(S1BL),경기,2026-09-03,56,1,"Recover official follow-up notice ID, subtype, and primary source",ID_CORROBORATED_SECONDARY,2026910228,https://www.applyhome.co.kr/ai/aia/selectAPTLttotPblancDetail.do?houseManageNo=2026910228&pblancNo=2026910228,"남양주 진접 서한이다음(S1BL) 무순위 141세대, 모집공고일 2026-09-03, 접수 2026-09-08, 공고번호 2026910228 확인. Official source link normalized to ApplyHome detail URL using the recovered notice ID; verification grade remains separate from link normalization."
92,ATS-2026-GG-000053,2026000291,이천 휴먼빌 클래스원,경기,2026-09-11,57,1,"Recover official follow-up notice ID, subtype, and primary source",ID_CORROBORATED_SECONDARY,2026940189,https://www.applyhome.co.kr/ai/aia/selectAPTLttotPblancDetail.do?houseManageNo=2026940189&pblancNo=2026940189,"이천 휴먼빌 클래스원 임의공급 35세대, 모집공고일 2026-09-11, 접수 2026-09-15, 공고번호 2026940189 확인. Official source link normalized to ApplyHome detail URL using the recovered notice ID; verification grade remains separate from link normalization."
93,ATS-2026-GN-000010,2026000163,메트로시티 자산 데시앙,경남,2026-06-29,60,1,"Recover official follow-up notice ID, subtype, and primary source",ID_CORROBORATED_SECONDARY,2026910171,https://www.applyhome.co.kr/ai/aia/selectAPTLttotPblancDetail.do?houseManageNo=2026910171&pblancNo=2026910171,"메트로시티 자산 데시앙 무순위 9세대, 모집공고일 2026-06-29, 접수 2026-07-06, 공고번호 2026910171 확인. Official source link normalized to ApplyHome detail URL using the recovered notice ID; verification grade remains separate from link normalization."
94,ATS-2026-SEJONG-000001,2026000323,"세종 우미 린 센터파크(행정중심복합도시 5-2생활권 S1블록, 글미마을 9단지)",세종,2026-10-01,62,1,"Recover official follow-up notice ID, subtype, and primary source",ID_CORROBORATED_SECONDARY,2026910249,https://www.applyhome.co.kr/ai/aia/selectAPTLttotPblancDetail.do?houseManageNo=2026910249&pblancNo=2026910249,"세종 우미 린 센터파크 무순위 5세대, 모집공고일 2026-10-01, 접수 2026-10-06, 공고번호 2026910249 확인. Official source link normalized to ApplyHome detail URL using the recovered notice ID; verification grade remains separate from link normalization."
95,ATS-2026-DAEJEON-000002,2026000129,더샵 관저아르테,대전,2026-06-29,66,1,"Recover official follow-up notice ID, subtype, and primary source",ID_CORROBORATED_SECONDARY,2026910163,https://www.applyhome.co.kr/ai/aia/selectAPTLttotPblancDetail.do?houseManageNo=2026910163&pblancNo=2026910163,"더샵 관저아르테 무순위 223세대, 모집공고일 2026-06-29, 접수 2026-07-06, 주택관리번호 2026910163 확인. Official source link normalized to ApplyHome detail URL using the recovered notice ID; verification grade remains separate from link normalization."
96,ATS-2026-ICN-000009,2026000169,더샵 송도그란테르 G5-11블록,인천,2026-07-30,84,1,"Recover official follow-up notice ID, subtype, and primary source",PRIMARY_VERIFIED,2026910207,https://xn--2i0bq5hvjp1kpzchxro8a528e.kr/gran/data/gongo05_mu.pdf,"더샵 송도그란테르 G5-11블록 공식 포스코이앤씨 현장 홈페이지의 무순위 모집공고 PDF를 직접 검증. 공고일 2026-07-30, 주택관리번호 2026910207, 잔여 45세대를 확인."
97,ATS-2026-ICN-000011,2026000167,더샵 송도그란테르 G5-5블록,인천,2026-07-30,84,1,"Recover official follow-up notice ID, subtype, and primary source",PRIMARY_VERIFIED,2026910206,https://xn--2i0bq5hvjp1kpzchxro8a528e.kr/gran/data/gongo04_mu.pdf,"더샵 송도그란테르 G5-5블록 공식 포스코이앤씨 현장 홈페이지의 무순위 모집공고 PDF를 직접 검증. 공고일 2026-07-30, 주택관리번호 2026910206, 잔여 12세대를 확인."
98,ATS-2026-ICN-000012,2026000166,더샵 송도그란테르 G5-4블록,인천,2026-07-30,84,1,"Recover official follow-up notice ID, subtype, and primary source",PRIMARY_VERIFIED,2026910205,https://xn--2i0bq5hvjp1kpzchxro8a528e.kr/gran/data/gongo03_mu.pdf,"더샵 송도그란테르 G5-4블록 공식 포스코이앤씨 현장 홈페이지의 무순위 모집공고 PDF를 직접 검증. 공고일 2026-07-30, 주택관리번호 2026910205, 잔여 36세대를 확인."
99,ATS-2026-ICN-000013,2026000165,더샵 송도그란테르 G5-3블록,인천,2026-07-30,84,1,"Recover official follow-up notice ID, subtype, and primary source",PRIMARY_VERIFIED,2026910204,https://xn--2i0bq5hvjp1kpzchxro8a528e.kr/gran/data/gongo02_mu.pdf,"더샵 송도그란테르 G5-3블록 공식 포스코이앤씨 현장 홈페이지의 무순위 모집공고 PDF를 직접 검증. 공고일 2026-07-30, 주택관리번호 2026910204, 잔여 22세대를 확인."
100,ATS-2026-GN-000006,2026000261,밀양 수자인 더퍼스트 2단지 공공분양주택,경남,2026-09-15,88,1,"Recover official follow-up notice ID, subtype, and primary source",ID_CORROBORATED_SECONDARY,2026940193,https://www.applyhome.co.kr/ai/aia/selectAPTLttotPblancDetail.do?houseManageNo=2026940193&pblancNo=2026940193,"밀양 수자인 더퍼스트 2단지 공공분양주택 임의공급 13세대, 모집공고일 2026-09-15, 접수 2026-09-17, 공고번호 2026940193 확인. Official source link normalized to ApplyHome detail URL using the recovered notice ID; verification grade remains separate from link normalization."
101,ATS-2026-ICN-000004,2026000063,오션포레베네스트하우스(미단시티 공동8BL),인천,2026-07-01,105,1,"Recover official follow-up notice ID, subtype, and primary source",ID_CORROBORATED_SECONDARY,2026910156,https://www.applyhome.co.kr/ai/aia/selectAPTLttotPblancDetail.do?houseManageNo=2026910156&pblancNo=2026910156,"오션포레베네스트하우스 무순위 3세대, 모집공고일 2026-07-01, 접수 2026-07-06, 공고번호 2026910156 확인. Official source link normalized to ApplyHome detail URL using the recovered notice ID; verification grade remains separate from link normalization."
102,ATS-2026-DAEJEON-000001,2026000033,해링턴플레이스 오룡역,대전,2026-07-10,119,1,"Recover official follow-up notice ID, subtype, and primary source",ID_CORROBORATED_SECONDARY,2026940143,https://www.applyhome.co.kr/ai/aia/selectAPTLttotPblancDetail.do?houseManageNo=2026940143&pblancNo=2026940143,"해링턴플레이스 오룡역 임의공급 25세대, 모집공고일 2026-07-10, 접수 2026-07-14, 공고번호 2026940143 확인. Official source link normalized to ApplyHome detail URL using the recovered notice ID; verification grade remains separate from link normalization."
103,ATS-2026-GG-000032,2026000124,고덕신도시 아테라 A-63블록 공공분양주택,경기,2026-09-07,143,1,"Recover official follow-up notice ID, subtype, and primary source",ID_CORROBORATED_SECONDARY,2026940191,https://www.applyhome.co.kr/ai/aia/selectAPTLttotPblancDetail.do?houseManageNo=2026940191&pblancNo=2026940191,"고덕신도시 아테라 A-63블록 공공분양주택 임의공급 49세대, 모집공고일 2026-09-07, 접수 2026-09-09~14, 주택관리번호 2026940191 확인. Official source link normalized to ApplyHome detail URL using the recovered notice ID; verification grade remains separate from link normalization."
