project_group_name,region,target_dong,announcement_date,presale_10k,all_trade_count,all_gap_pct,build_10y_trade_count,build_10y_gap_pct,gap_change_pp,publication_grade,note
두산위브 트리니뷰 구명역,부산,구포동,2026-05-08,75900.0,59,191.92,11,43.21,148.71,B,보조사례 적합
경기광주역 롯데캐슬 시그니처 1단지,경기,양벌동,2026-04-17,88200.0,72,204.14,21,69.62,134.52,A,대표사례 적합
용인 고림 동문 디 이스트,경기,고림동,2026-04-10,71570.0,75,155.61,34,22.34,133.27,A,대표사례 적합
거제 푸르지오 마린피스,경남,장평동,2026-07-07,51400.0,61,209.64,30,90.55,119.09,A,대표사례 적합
더 플래티넘 센트럴포레,경기,삼숭동,2026-02-13,62900.0,88,183.97,14,66.18,117.79,B,보조사례 적합
트리븐 김해,경남,내동,2026-06-26,53800.0,53,115.2,20,6.01,109.19,A,대표사례 적합
시티오씨엘 9단지 오션파크뷰,인천,학익동,2026-08-21,71290.0,89,92.68,16,10.7,81.98,B,보조사례 적합
더샵 검단레이크파크(AB22BL),인천,불로동,2026-06-12,65330.0,101,110.06,38,31.05,79.01,A,대표사례 적합
검단호수공원역 파라곤(AA36BL),인천,불로동,2026-03-27,64500.0,83,106.07,30,30.37,75.7,A,대표사례 적합
센트레빌 아스테리움 거제,경남,상동동,2026-07-24,52900.0,106,199.72,58,129.5,70.22,A,대표사례 적합
금정산 하늘채 루미엘,부산,장전동,2026-02-13,94190.0,156,75.4,60,6.49,68.91,A,대표사례 적합
백석시그니처자이 1·2단지,충남,백석동,2026-06-05,58390.0,179,99.28,28,38.2,61.08,A,대표사례 적합
달서자이 제니크,대구,본리동,2026-08-06,59730.0,84,74.9,36,13.99,60.91,A,대표사례 적합
더샵 검단레이크파크(AB23BL),인천,마전동,2026-06-12,66270.0,138,126.18,14,67.35,58.83,B,보조사례 적합
쌍용 더 플래티넘 센텀,부산,망미동,2026-09-18,132100.0,47,154.04,17,97.16,56.88,B,보조사례 적합
쌍용 더 플래티넘 서대문,서울,홍은동,2026-08-14,137330.0,103,84.34,28,36.65,47.69,A,대표사례 적합
더샵 신길센트럴시티,서울,신길동,2026-03-20,188000.0,211,42.42,83,4.44,37.98,A,대표사례 적합
해운대 마티안 디 에디션,부산,중동,2026-05-14,100490.0,90,36.44,28,1.25,35.19,A,대표사례 적합
익산 펠리피아,전북,팔봉동,2026-05-29,41800.0,21,263.48,11,229.13,34.35,B,보조사례 적합
문수로 라티에르 673,울산,신정동,2026-04-10,91500.0,318,53.65,121,23.65,30.0,A,대표사례 적합
북서울자이 폴라리스(보류지),서울,미아동,2026-06-12,115400.0,329,47.95,42,19.59,28.36,A,대표사례 적합
중동역 다채로움 더원,경기,송내동,2026-09-10,79600.0,74,27.67,12,1.08,26.59,B,보조사례 적합
힐스테이트 구월아트파크,인천,구월동,2026-05-06,91300.0,187,84.44,24,58.16,26.28,A,대표사례 적합
더샵 관저아르테,대전,관저동,2026-04-24,64100.0,124,49.77,63,25.69,24.08,A,대표사례 적합
동래사적공원 오네뜨,부산,명륜동,2026-05-15,65000.0,135,-4.55,38,-27.74,23.19,A,대표사례 적합
공주월송 진아레히,충남,금흥동,2026-04-30,43900.0,26,32.03,12,10.03,22.0,B,보조사례 적합
안양 에버포레 자연앤 e편한세상(A2BL),경기,관양동,2026-04-30,80170.0,49,-22.91,15,-43.34,20.43,B,보조사례 적합
더샵 트리센트,부산,문현동,2026-07-24,84900.0,91,60.19,52,40.1,20.09,A,대표사례 적합
덕진 거제의 봄 우선분양전환 후 공가세대,경남,아주동,2026-04-30,17671.0,99,5.81,18,-13.59,19.4,B,보조사례 적합
안양역 센트럴 아이파크 수자인,경기,안양동,2026-01-23,126070.0,221,57.59,131,38.54,19.05,A,대표사례 적합
힐스테이트 지석(조합원취소분),광주,지석동,2026-02-05,64570.0,24,88.53,18,69.48,19.05,B,보조사례 적합
구리역 하이니티 리버파크,경기,수택동,2026-02-11,135070.0,77,60.8,35,42.18,18.62,A,대표사례 적합
오티에르 반포,서울,잠원동,2026-03-31,275650.0,39,-19.87,10,-37.92,18.05,B,보조사례 적합
월계 중흥S-클래스 리비에르,서울,월계동,2026-07-16,149910.0,163,57.8,35,42.77,15.03,A,대표사례 적합
상동역 롯데캐슬 시그니처,경기,상동,2026-08-14,163800.0,262,131.52,11,118.4,13.12,B,보조사례 적합
온천장 하늘채 엘리시움,부산,온천동,2026-04-03,82000.0,311,41.62,215,28.73,12.89,A,대표사례 적합
김해 신문 센트럴 아이파크,경남,신문동,2026-06-19,56270.0,66,40.15,47,27.89,12.26,A,대표사례 적합
신문 대상 웰라움 라시엘,경남,신문동,2026-06-19,49930.0,66,24.36,47,13.48,10.88,A,대표사례 적합
의왕역 SK VIEW,경기,삼동,2026-07-10,109800.0,37,77.1,24,66.24,10.86,B,보조사례 적합
힐스테이트 평거 센트럴,경남,평거동,2026-04-10,66600.0,156,48.0,28,37.6,10.4,A,대표사례 적합
그랑라크 에일린의 뜰,울산,야음동,2026-09-02,76600.0,227,7.89,135,-1.16,9.05,A,대표사례 적합
의왕역 한신더휴,경기,삼동,2026-08-13,94000.0,41,46.88,25,39.88,7.0,B,보조사례 적합
장위 푸르지오 마크원,서울,장위동,2026-06-19,176570.0,85,44.73,56,39.03,5.7,A,대표사례 적합
"옥정중앙역 대방 디에트르(중상1, 복합1BL)",경기,옥정동,2026-04-09,61597.0,298,45.96,252,40.31,5.65,A,대표사례 적합
아르티엠 라 테라스,전북,우아동3가,2026-08-14,52600.0,54,7.02,46,1.45,5.57,A,대표사례 적합
검암역자이르네,인천,경서동,2026-05-15,59410.0,27,39.79,16,34.72,5.07,B,보조사례 적합
써밋 더힐,서울,흑석동,2026-05-15,297820.0,46,30.62,13,25.66,4.96,B,보조사례 적합
강릉 우미 린 더 프리미어,강원,송정동,2026-04-17,54840.0,30,38.84,24,34.91,3.93,B,보조사례 적합
두산위브더제니스 대연,부산,대연동,2026-07-30,109378.0,188,50.87,103,47.81,3.06,A,대표사례 적합
올 뉴 챔피언스시티 1차,광주,임동,2026-09-02,87000.0,45,38.1,41,35.94,2.16,B,보조사례 적합
의정부역 센트럴 아이파크,경기,의정부동,2026-03-26,82600.0,55,41.2,48,39.53,1.67,A,대표사례 적합
쌍용 더 플래티넘 온수역,경기,괴안동,2026-02-13,113760.0,31,25.7,21,24.33,1.37,B,보조사례 적합
인천가정2지구 B2블록 공공분양주택(후속사업),인천,가정동,2026-04-15,62516.0,246,-0.77,220,-2.09,1.32,A,대표사례 적합
펜타힐즈 더블유 1단지,경북,중산동,2026-06-19,69930.0,133,38.48,125,37.25,1.23,A,대표사례 적합
경성대부경대역 비스타동원 더 프리미엄,부산,대연동,2026-03-27,96600.0,310,31.7,213,30.54,1.16,A,대표사례 적합
힐스테이트 시흥더클래스,경기,대야동,2026-05-15,87850.0,117,48.15,104,47.65,0.5,A,대표사례 적합
북오산자이 리버블시티,경기,내삼미동,2026-01-09,64460.0,32,24.68,32,24.68,0.0,B,보조사례 적합
천안 아이파크 시티 5·6단지,충남,성성동,2026-02-20,60750.0,115,26.56,115,26.56,0.0,A,대표사례 적합
고덕신도시 아테라 A-63블록 공공분양주택,경기,고덕동,2026-04-17,54150.0,225,-3.3,225,-3.3,0.0,A,대표사례 적합
고덕국제신도시 수자인풍경채 1·2단지,경기,고덕동,2026-04-29,56710.0,226,1.27,226,1.27,0.0,A,대표사례 적합
평택 고덕 우미 린 프레스티지(Abc-36BL),경기,고덕동,2026-06-05,58730.0,231,5.44,231,5.44,0.0,A,대표사례 적합
고덕국제신도시 수자인하우스디,경기,고덕동,2026-06-11,56980.0,233,2.67,233,2.67,0.0,A,대표사례 적합
북오산자이 드포레,경기,내삼미동,2026-06-12,68310.0,50,31.37,50,31.37,0.0,A,대표사례 적합
힐스테이트 고덕엘리스트 A12·A65BL,경기,고덕동,2026-09-11,57518.5,263,2.71,263,2.71,0.0,A,대표사례 적합
더샵 송도그란테르 G5 사업,인천,송도동,2026-05-07,127250.0,784,77.97,525,79.23,-1.26,A,대표사례 적합
용인 플랫폼시티 라온프라이빗 아르디에,경기,영덕동,2026-03-13,82800.0,229,16.62,40,38.23,-21.61,A,대표사례 적합