apttosell_project_id,house_manage_no,project_name,region,broad_region,initial_announcement_date,first_priority_competition_rate,competition_band,followup_supply_observed,days_to_first_followup,presale_10k,all_trade_count,all_gap_pct,build_10y_trade_count,build_10y_gap_pct,gap_change_pp,publication_grade,linkage_score
ATS-2026-BUSAN-000012,2026000172,두산위브 트리니뷰 구명역,부산,비수도권,2026-05-08,0.7211155378486056,1:1 미만,true,42,75900.0,59,191.92,11,43.21,148.71,B,1.000
ATS-2026-GG-000033,2026000107,경기광주역 롯데캐슬 시그니처 1단지,경기,수도권,2026-04-17,2.1093366093366095,1~5:1,true,46,88200.0,72,204.14,21,69.62,134.52,A,1.000
ATS-2026-GG-000035,2026000112,용인 고림 동문 디 이스트,경기,수도권,2026-04-10,0.30194805194805197,1:1 미만,true,42,71570.0,75,155.61,34,22.34,133.27,A,1.000
ATS-2026-GN-000017,2026000253,거제 푸르지오 마린피스,경남,비수도권,2026-07-07,0.05502392344497608,1:1 미만,false,,51400.0,61,209.64,30,90.55,119.09,A,1.000
ATS-2026-GG-000006,2026000034,더 플래티넘 센트럴포레,경기,수도권,2026-02-13,0.07766990291262135,1:1 미만,false,,62900.0,88,183.97,14,66.18,117.79,B,1.000
ATS-2026-GN-000002,2026000271,트리븐 김해,경남,비수도권,2026-06-26,0.06818181818181818,1:1 미만,true,55,53800.0,53,115.2,20,6.01,109.19,A,1.000
ATS-2026-ICN-000019,2026000388,시티오씨엘 9단지 오션파크뷰,인천,수도권,2026-08-21,0.43735763097949887,1:1 미만,false,,71290.0,89,92.68,16,10.7,81.98,B,1.000
ATS-2026-ICN-000007,2026000194,더샵 검단레이크파크(AB22BL),인천,수도권,2026-06-12,7.146233382570163,5~10:1,false,,65330.0,101,110.06,38,31.05,79.01,A,1.000
ATS-2026-ICN-000002,2026000065,검단호수공원역 파라곤(AA36BL),인천,수도권,2026-03-27,31.25980392156863,30:1 이상,false,,64500.0,83,106.07,30,30.37,75.7,A,1.000
ATS-2026-GN-000015,2026000331,센트레빌 아스테리움 거제,경남,비수도권,2026-07-24,0.10268199233716475,1:1 미만,false,,52900.0,106,199.72,58,129.5,70.22,A,1.000
ATS-2026-BUSAN-000002,2026000020,금정산 하늘채 루미엘,부산,비수도권,2026-02-13,0.23958333333333334,1:1 미만,true,40,94190.0,156,75.4,60,6.49,68.91,A,1.000
ATS-2026-CN-000005,2026000226,백석시그니처자이 2단지,충남,비수도권,2026-06-05,1.1710526315789473,1~5:1,true,39,58390.0,179,99.28,28,38.2,61.08,A,0.857
ATS-2026-DAEGU-000003,2026000376,달서자이 제니크,대구,비수도권,2026-08-06,0.27058823529411763,1:1 미만,false,,59730.0,84,74.9,36,13.99,60.91,A,1.000
ATS-2026-ICN-000006,2026000195,더샵 검단레이크파크(AB23BL),인천,수도권,2026-06-12,6.906349206349207,5~10:1,false,,66270.0,138,126.18,14,67.35,58.83,B,1.000
ATS-2026-BUSAN-000016,2026000424,쌍용 더 플래티넘 센텀,부산,비수도권,2026-09-18,0.5869565217391305,1:1 미만,false,,132100.0,47,154.04,17,97.16,56.88,B,1.000
ATS-2026-SEOUL-000018,2026000372,쌍용 더 플래티넘 서대문,서울,수도권,2026-08-14,39.714285714285715,30:1 이상,false,,137330.0,103,84.34,28,36.65,47.69,A,1.000
ATS-2026-SEOUL-000005,2026000064,더샵 신길센트럴시티,서울,수도권,2026-03-20,31.863436123348016,30:1 이상,false,,188000.0,211,42.42,83,4.44,37.98,A,1.000
ATS-2026-BUSAN-000011,2026000188,해운대 마티안 디 에디션,부산,비수도권,2026-05-14,0.46236559139784944,1:1 미만,true,48,100490.0,90,36.44,28,1.25,35.19,A,1.000
ATS-2026-JB-000001,2026000184,익산 펠리피아,전북,비수도권,2026-05-29,0.012259194395796848,1:1 미만,false,,41800.0,21,263.48,11,229.13,34.35,B,1.000
ATS-2026-ULSAN-000002,2026000121,문수로 라티에르 673,울산,비수도권,2026-04-10,0.37305699481865284,1:1 미만,true,41,91500.0,318,53.65,121,23.65,30.0,A,1.000
ATS-2026-GG-000044,2026000314,중동역 다채로움 더원,경기,수도권,2026-09-10,1.9230769230769231,1~5:1,false,,79600.0,74,27.67,12,1.08,26.59,B,1.000
ATS-2026-ICN-000015,2026000147,힐스테이트 구월아트파크,인천,수도권,2026-05-06,0.6031042128603105,1:1 미만,false,,91300.0,187,84.44,24,58.16,26.28,A,1.000
ATS-2026-DAEJEON-000002,2026000129,더샵 관저아르테,대전,비수도권,2026-04-24,6.537953795379538,5~10:1,true,66,64100.0,124,49.77,63,25.69,24.08,A,1.000
ATS-2026-BUSAN-000010,2026000217,동래사적공원 오네뜨,부산,비수도권,2026-05-15,0.21100917431192662,1:1 미만,true,40,65000.0,135,-4.55,38,-27.74,23.19,A,1.000
ATS-2026-CN-000007,2026000053,공주월송 진아레히,충남,비수도권,2026-04-30,0.7684797768479776,1:1 미만,true,41,43900.0,26,32.03,12,10.03,22.0,B,1.000
ATS-2026-GG-000025,2026000126,안양 에버포레 자연앤 e편한세상(A2BL),경기,수도권,2026-04-30,57.1,30:1 이상,false,,80170.0,49,-22.91,15,-43.34,20.43,B,1.000
ATS-2026-BUSAN-000018,2026000318,더샵 트리센트,부산,비수도권,2026-07-24,18.294117647058822,10~30:1,true,48,84900.0,91,60.19,52,40.1,20.09,A,1.000
ATS-2026-GG-000002,2025000652,안양역 센트럴 아이파크 수자인,경기,수도권,2026-01-23,10.291891891891892,10~30:1,true,47,126070.0,221,57.59,131,38.54,19.05,A,1.000
ATS-2026-GG-000001,2026000019,구리역 하이니티 리버파크,경기,수도권,2026-02-11,3.9158878504672896,1~5:1,true,61,135070.0,77,60.8,35,42.18,18.62,A,1.000
ATS-2026-SEOUL-000003,2026000058,오티에르 반포,서울,수도권,2026-03-31,710.2325581395348,30:1 이상,false,,275650.0,39,-19.87,10,-37.92,18.05,B,1.000
ATS-2026-SEOUL-000021,2026000355,월계 중흥S-클래스 리비에르,서울,수도권,2026-07-16,48.774193548387096,30:1 이상,false,,149910.0,163,57.8,35,42.77,15.03,A,1.000
ATS-2026-GG-000047,2026000354,상동역 롯데캐슬 시그니처,경기,수도권,2026-08-14,1.6770833333333333,1~5:1,false,,163800.0,262,131.52,11,118.4,13.12,B,1.000
ATS-2026-BUSAN-000014,2026000101,온천장 하늘채 엘리시움,부산,비수도권,2026-04-03,0.3467741935483871,1:1 미만,false,,82000.0,311,41.62,215,28.73,12.89,A,1.000
ATS-2026-GN-000004,2026000270,김해 신문 센트럴 아이파크,경남,비수도권,2026-06-19,1.199013157894737,1~5:1,true,39,56270.0,66,40.15,47,27.89,12.26,A,1.000
ATS-2026-GN-000005,2026000263,신문 대상 웰라움 라시엘,경남,비수도권,2026-06-19,0.008,1:1 미만,false,,49930.0,66,24.36,47,13.48,10.88,A,1.000
ATS-2026-GG-000056,2026000301,의왕역 SK VIEW,경기,수도권,2026-07-10,6.473958333333333,5~10:1,true,49,109800.0,37,77.1,24,66.24,10.86,B,1.000
ATS-2026-GN-000012,2026000085,힐스테이트 평거 센트럴,경남,비수도권,2026-04-10,20.39673913043478,10~30:1,true,48,66600.0,156,48.0,28,37.6,10.4,A,1.000
ATS-2026-ULSAN-000004,2026000403,그랑라크 에일린의 뜰,울산,비수도권,2026-09-02,1.0196483971044468,1~5:1,false,,76600.0,227,7.89,135,-1.16,9.05,A,1.000
ATS-2026-GG-000048,2026000377,의왕역 한신더휴,경기,수도권,2026-08-13,6.530612244897959,5~10:1,false,,94000.0,41,46.88,25,39.88,7.0,B,1.000
ATS-2026-SEOUL-000009,2026000275,장위 푸르지오 마크원,서울,수도권,2026-06-19,10.723529411764705,10~30:1,true,47,176570.0,85,44.73,56,39.03,5.7,A,1.000
ATS-2026-GG-000036,2026000049,"옥정중앙역 대방 디에트르(중상1, 복합1BL)",경기,수도권,2026-04-09,0.8455183808343659,1:1 미만,true,39,61597.0,298,45.96,252,40.31,5.65,A,1.000
ATS-2026-JB-000005,2026000368,아르티엠 라 테라스,전북,비수도권,2026-08-14,0.2206896551724138,1:1 미만,false,,52600.0,54,7.02,46,1.45,5.57,A,1.000
ATS-2026-ICN-000008,2026000162,검암역자이르네,인천,수도권,2026-05-15,1.754617414248021,1~5:1,true,41,59410.0,27,39.79,16,34.72,5.07,B,1.000
ATS-2026-SEOUL-000012,2026000120,써밋 더힐,서울,수도권,2026-05-15,32.51184834123223,30:1 이상,true,46,297820.0,46,30.62,13,25.66,4.96,B,1.000
ATS-2026-GW-000003,2026000089,강릉 우미 린 더 프리미어,강원,비수도권,2026-04-17,0.2814207650273224,1:1 미만,true,49,54840.0,30,38.84,24,34.91,3.93,B,1.000
ATS-2026-BUSAN-000017,2026000356,두산위브더제니스 대연,부산,비수도권,2026-07-30,2.8536585365853657,1~5:1,true,41,109378.0,188,50.87,103,47.81,3.06,A,1.000
ATS-2026-GWANGJU-000002,2026000419,올 뉴 챔피언스시티 1차,광주,비수도권,2026-09-02,1.014324693042292,1~5:1,false,,87000.0,45,38.1,41,35.94,2.16,B,1.000
ATS-2026-GG-000009,2026000055,의정부역 센트럴 아이파크,경기,수도권,2026-03-26,1.3790613718411553,1~5:1,true,48,82600.0,55,41.2,48,39.53,1.67,A,1.000
ATS-2026-GG-000007,2026000017,쌍용 더 플래티넘 온수역,경기,수도권,2026-02-13,12.082568807339449,10~30:1,true,40,113760.0,31,25.7,21,24.33,1.37,B,1.000
ATS-2026-GB-000003,2026000273,펜타힐즈 더블유 1단지,경북,비수도권,2026-06-19,2.3857627118644067,1~5:1,true,40,69930.0,133,38.48,125,37.25,1.23,A,1.000
ATS-2026-BUSAN-000005,2026000012,경성대부경대역 비스타동원 더 프리미엄,부산,비수도권,2026-03-27,0.4942528735632184,1:1 미만,true,40,96600.0,310,31.7,213,30.54,1.16,A,1.000
ATS-2026-GG-000021,2026000138,힐스테이트 시흥더클래스,경기,수도권,2026-05-15,0.33419689119170987,1:1 미만,true,53,87850.0,117,48.15,104,47.65,0.5,A,1.000
ATS-2026-GG-000004,2025000628,북오산자이 리버블시티,경기,수도권,2026-01-09,0.7010204081632653,1:1 미만,true,42,64460.0,32,24.68,32,24.68,0.0,B,1.000
ATS-2026-CN-000001,2026000015,천안 아이파크 시티 6단지,충남,비수도권,2026-02-20,10.544386422976501,10~30:1,true,40,60750.0,115,26.56,115,26.56,0.0,A,0.857
ATS-2026-GG-000032,2026000124,고덕신도시 아테라 A-63블록 공공분양주택,경기,수도권,2026-04-17,0.25,1:1 미만,true,143,54150.0,225,-3.3,225,-3.3,0.0,A,1.000
ATS-2026-GG-000027,2026000155,고덕국제신도시 수자인풍경채 2단지,경기,수도권,2026-04-29,0.35514018691588783,1:1 미만,true,42,56710.0,226,1.27,226,1.27,0.0,A,0.903
ATS-2026-GG-000017,2026000237,평택 고덕 우미 린 프레스티지(Abc-36BL),경기,수도권,2026-06-05,1.3971880492091389,1~5:1,true,41,58730.0,231,5.44,231,5.44,0.0,A,1.000
ATS-2026-GG-000016,2026000258,고덕국제신도시 수자인하우스디,경기,수도권,2026-06-11,0.19743589743589743,1:1 미만,false,,56980.0,233,2.67,233,2.67,0.0,A,1.000
ATS-2026-GG-000015,2026000248,북오산자이 드포레,경기,수도권,2026-06-12,0.15631691648822268,1:1 미만,true,47,68310.0,50,31.37,50,31.37,0.0,A,1.000
ATS-2026-GG-000041,2026000438,힐스테이트 고덕엘리스트 A65BL 공공분양주택,경기,수도권,2026-09-11,0.09068627450980392,1:1 미만,false,,57518.5,263,2.71,263,2.71,0.0,A,0.769
ATS-2026-ICN-000010,2026000168,더샵 송도그란테르 G5-6블록,인천,수도권,2026-05-07,50.028985507246375,30:1 이상,false,,127250.0,784,77.97,525,79.23,-1.26,A,0.783
ATS-2026-GG-000011,2026000044,용인 플랫폼시티 라온프라이빗 아르디에,경기,수도권,2026-03-13,1.2471264367816093,1~5:1,true,40,82800.0,229,16.62,40,38.23,-21.61,A,1.000
