year,house_manage_no,project_name,announcement_date,region,lawd_cd,target_dong,first_priority_ratio,log_competition,presale_84_max_10k,trade_10y_count,trade_10y_median_10k,price_margin_pct_10y,trade_5y_count,trade_5y_median_10k,price_margin_pct_5y,region_group,seoul_flag,prime_seoul_flag,capital_region_flag,margin_band_10y,atypical_candidate,atypical_reason,source_status,school_proxy_score,academy_density,nearest_station_m,cbd_access_min,brand_tier,total_units,reconstruction_flag,price_cap_flag,regulated_area_flag,resale_limit_months,residency_obligation_months,market_sale_index_3m,market_sale_index_6m,market_jeonse_index_3m,unsold_units_region,completed_unsold_region,recent_supply_units_6m,recent_hot_ratio_median_6m,mortgage_rate,year2026,seoul,prime
2025,2024000694,르엘 리버파크 센텀,2025-07-11,부산,26350,재송동,4.66598674145844,1.7344810613876624,139400.0,11.0,74400.0,-0.873656,0.0,,,비수도권,False,False,False,<0%,False,,2025 Stage-2 official API pipeline,,,,,,,,,,,,,,,,,,,,0,0,0
2025,2024000751,더샵 라비온드,2025-01-09,전북,52111,중노송동,26.095693779904305,3.299374814148994,55470.0,20.0,36900.0,-0.503252,0.0,,,비수도권,False,False,False,<0%,False,,2025 Stage-2 official API pipeline,,,,,,,,,,,,,,,,,,,,0,0,0
2025,2025000001,래미안 원페를라,2025-01-17,서울,11650,방배동,151.62313432835822,5.027971708463336,245070.0,19.0,240000.0,-0.021125,4.0,,,서울 핵심지,True,True,True,<0%,False,,2025 Stage-2 official API pipeline,,,,,,,,,,,,,,,,,,,,0,1,1
2025,2025000005,거제역 양우내안애 아시아드,2025-02-14,부산,26470,거제동,0.1783439490445859,0.1641100197300167,82560.0,38.0,70500.0,-0.171064,16.0,69911.5,-0.180922,비수도권,False,False,False,<0%,False,,2025 Stage-2 official API pipeline,,,,,,,,,,,,,,,,,,,,0,0,0
2025,2025000026,동래 반도 유보라,2025-03-21,부산,26260,낙민동,0.1808785529715762,0.1662586978644229,85900.0,23.0,59000.0,-0.455932,0.0,,,비수도권,False,False,False,<0%,False,,2025 Stage-2 official API pipeline,,,,,,,,,,,,,,,,,,,,0,0,0
2025,2025000027,우정동 한양립스 더 센트럴,2025-02-14,울산,31110,우정동,0.7692307692307693,0.570544858467613,74438.0,27.0,60000.0,-0.240633,17.0,62300.0,-0.194831,비수도권,False,False,False,<0%,False,,2025 Stage-2 official API pipeline,,,,,,,,,,,,,,,,,,,,0,0,0
2025,2025000028,e편한세상 동대구역 센텀스퀘어,2025-02-21,대구,27140,신천동,0.5866666666666667,0.4616353795752189,72800.0,67.0,56800.0,-0.28169,55.0,58800.0,-0.238095,비수도권,False,False,False,<0%,False,,2025 Stage-2 official API pipeline,,,,,,,,,,,,,,,,,,,,0,0,0
2025,2025000029,이안 센트럴포레 장유 1단지,2025-02-14,경남,48250,삼문동,0.8,0.5877866649021191,44484.0,46.0,28600.0,-0.555385,4.0,,,비수도권,False,False,False,<0%,False,,2025 Stage-2 official API pipeline,,,,,,,,,,,,,,,,,,,,0,0,0
2025,2025000030,이안 센트럴포레 장유 2단지,2025-02-14,경남,48250,삼문동,0.6,0.4700036292457356,44643.0,46.0,28600.0,-0.560944,4.0,,,비수도권,False,False,False,<0%,False,,2025 Stage-2 official API pipeline,,,,,,,,,,,,,,,,,,,,0,0,0
2025,2025000037,문수로 센트레빌 에듀리체,2025-02-21,울산,31140,신정동,0.9273927392739274,0.6561681773188579,79300.0,64.0,57400.0,-0.381533,16.0,72750.0,-0.090034,비수도권,False,False,False,<0%,False,,2025 Stage-2 official API pipeline,,,,,,,,,,,,,,,,,,,,0,0,0
2025,2025000063,반월당역 반도유보라,2025-03-14,대구,27110,남산동,0.4928571428571429,0.4006918293555067,69550.0,76.0,66500.0,-0.045865,73.0,66700.0,-0.042729,비수도권,False,False,False,<0%,False,,2025 Stage-2 official API pipeline,,,,,,,,,,,,,,,,,,,,0,0,0
2025,2025000064,원주역 중흥S-클래스,2025-03-14,강원,51130,무실동,7.972144846796658,2.19412476084292,44800.0,31.0,40000.0,-0.12,10.0,50500.0,0.112871,비수도권,False,False,False,<0%,False,,2025 Stage-2 official API pipeline,,,,,,,,,,,,,,,,,,,,0,0,0
2025,2025000075,힐스테이트 더샵 상생공원 1단지,2025-03-21,경북,47111,대잠동,2.1457663451232585,1.1460575314148531,58290.0,39.0,42000.0,-0.387857,7.0,30000.0,-0.943,비수도권,False,False,False,<0%,False,,2025 Stage-2 official API pipeline,,,,,,,,,,,,,,,,,,,,0,0,0
2025,2025000076,풍무역 롯데캐슬 시그니처,2025-03-21,경기,41570,풍무동,0.7647058823529411,0.5679840376059393,78400.0,56.0,65500.0,-0.196947,0.0,,,수도권 비서울,False,False,True,<0%,False,,2025 Stage-2 official API pipeline,,,,,,,,,,,,,,,,,,,,0,0,0
2025,2025000089,강릉 영무예다음 어반포레,2025-03-31,강원,51150,홍제동,0.1172413793103448,0.1108625928118096,60248.0,29.0,43000.0,-0.401116,0.0,,,비수도권,False,False,False,<0%,False,,2025 Stage-2 official API pipeline,,,,,,,,,,,,,,,,,,,,0,0,0
2025,2025000100,청주테크노폴리스 아테라 2차(A7BL),2025-04-04,충북,43113,문암동,109.65789473684212,4.706443412680663,48300.0,26.0,53500.0,0.097196,26.0,53500.0,0.097196,비수도권,False,False,False,5~10%,False,,2025 Stage-2 official API pipeline,,,,,,,,,,,,,,,,,,,,0,0,0
2025,2025000105,쌍용 더 플래티넘 동래 아시아드,2025-06-27,부산,26260,온천동,3.708860759493671,1.5494460018061251,95300.0,159.0,68000.0,-0.401471,101.0,88400.0,-0.078054,비수도권,False,False,False,<0%,False,,2025 Stage-2 official API pipeline,,,,,,,,,,,,,,,,,,,,0,0,0
2025,2025000109,해운대 하이루프33,2025-04-10,부산,26350,중동,0.4545454545454545,0.3746934494414106,96714.0,20.0,89500.0,-0.080603,15.0,95000.0,-0.018042,비수도권,False,False,False,<0%,False,,2025 Stage-2 official API pipeline,,,,,,,,,,,,,,,,,,,,0,0,0
2025,2025000145,성성자이 레이크파크(2회차),2025-04-18,충남,44133,성성동,1.6262626262626263,0.9655617808809378,58100.0,71.0,50000.0,-0.162,14.0,59000.0,0.015254,비수도권,False,False,False,<0%,False,,2025 Stage-2 official API pipeline,,,,,,,,,,,,,,,,,,,,0,0,0
2025,2025000147,동탄 꿈의숲 자연앤 데시앙(A78BL),2025-05-09,경기,41597,산척동,37.87755102040816,3.660416989450175,54700.0,138.0,69900.0,0.217454,0.0,,,수도권 비서울,False,False,True,20% 이상,False,,2025 Stage-2 official API pipeline,,,,,,,,,,,,,,,,,,,,0,0,0
2025,2025000148,벤처밸리 푸르지오,2025-05-09,대구,27140,신천동,0.0185185185185185,0.0183491386681965,81310.0,80.0,55500.0,-0.465045,66.0,57400.0,-0.416551,비수도권,False,False,False,<0%,False,,2025 Stage-2 official API pipeline,,,,,,,,,,,,,,,,,,,,0,0,0
2025,2025000152,동탄 포레파크 자연앤 푸르지오(A76-2BL)(국민),2025-05-09,경기,41597,산척동,60.68904593639576,4.122106377652058,59140.0,138.0,69900.0,0.153934,0.0,,,수도권 비서울,False,False,True,10~20%,False,,2025 Stage-2 official API pipeline,,,,,,,,,,,,,,,,,,,,0,0,0
2025,2025000154,더샵 송도마리나베이(조합원 자격상실세대 3회차),2025-04-22,인천,28185,송도동,328.0,5.796057750765372,78400.0,367.0,72000.0,-0.088889,167.0,65500.0,-0.196947,수도권 비서울,False,False,True,<0%,False,,2025 Stage-2 official API pipeline,,,,,,,,,,,,,,,,,,,,0,0,0
2025,2025000157,해운대경동리인뷰,2025-04-25,부산,26350,중동,0.2378048780487804,0.2133395512175889,132580.0,20.0,89500.0,-0.481341,15.0,95000.0,-0.395579,비수도권,False,False,False,<0%,False,,2025 Stage-2 official API pipeline,,,,,,,,,,,,,,,,,,,,0,0,0
2025,2025000168,더파크 수성못,2025-04-30,대구,27260,지산동,1.831683168316832,1.0408712939785931,89800.0,10.0,66150.0,-0.357521,9.0,67300.0,-0.334324,비수도권,False,False,False,<0%,False,,2025 Stage-2 official API pipeline,,,,,,,,,,,,,,,,,,,,0,0,0
2025,2025000194,고덕강일 대성베르힐,2025-05-23,서울,11740,상일동,97.38585209003216,4.58889701414809,98400.0,120.0,162600.0,0.394834,80.0,171750.0,0.427074,서울 기타,True,False,True,20% 이상,False,,2025 Stage-2 official API pipeline,,,,,,,,,,,,,,,,,,,,0,1,0
2025,2025000207,고덕 자연앤 하우스디(A4BL)(국민),2025-06-27,경기,41220,고덕동,5.6454545454545455,1.8939330939573624,52980.0,207.0,56900.0,0.068893,167.0,56500.0,0.062301,수도권 비서울,False,False,True,5~10%,False,,2025 Stage-2 official API pipeline,,,,,,,,,,,,,,,,,,,,0,0,0
2025,2025000233,해링턴 스퀘어 리버파크,2025-06-20,경기,41610,역동,1.8158783783783785,1.0352742478667882,79280.0,56.0,68000.0,-0.165882,23.0,75000.0,-0.057067,수도권 비서울,False,False,True,<0%,False,,2025 Stage-2 official API pipeline,,,,,,,,,,,,,,,,,,,,0,0,0
2025,2025000239,대구 범어 2차 아이파크,2025-06-27,대구,27260,범어동,75.18604651162791,4.333178329279398,115460.0,169.0,105000.0,-0.099619,96.0,126750.0,0.089073,비수도권,False,False,False,<0%,False,,2025 Stage-2 official API pipeline,,,,,,,,,,,,,,,,,,,,0,0,0
2025,2025000253,검단호수공원역 중흥S-클래스,2025-07-04,인천,28290,불로동,13.086206896551724,2.645196084313584,61700.0,11.0,46500.0,-0.326882,11.0,46500.0,-0.326882,수도권 비서울,False,False,True,<0%,False,,2025 Stage-2 official API pipeline,,,,,,,,,,,,,,,,,,,,0,0,0
2025,2025000260,트리븐 창원,2025-07-25,경남,48129,자은동,0.4341463414634146,0.3605697882002734,50640.0,32.0,36650.0,-0.381719,0.0,,,비수도권,False,False,False,<0%,False,,2025 Stage-2 official API pipeline,,,,,,,,,,,,,,,,,,,,0,0,0
2025,2025000266,김해 삼계 동일스위트,2025-08-01,경남,48250,삼계동,0.0675675675675675,0.0653827592628517,57400.0,53.0,38300.0,-0.498695,41.0,40500.0,-0.417284,비수도권,False,False,False,<0%,False,,2025 Stage-2 official API pipeline,,,,,,,,,,,,,,,,,,,,0,0,0
2025,2025000271,해링턴플레이스 풍무(1BL),2025-07-04,경기,41570,풍무동,0.1867954911433172,0.1712568102558578,77000.0,88.0,66000.0,-0.166667,0.0,,,수도권 비서울,False,False,True,<0%,False,,2025 Stage-2 official API pipeline,,,,,,,,,,,,,,,,,,,,0,0,0
2025,2025000273,해링턴플레이스 풍무(2BL),2025-07-04,경기,41570,풍무동,0.1905537459283387,0.174418531602636,77200.0,88.0,66000.0,-0.169697,0.0,,,수도권 비서울,False,False,True,<0%,False,,2025 Stage-2 official API pipeline,,,,,,,,,,,,,,,,,,,,0,0,0
2025,2025000290,가야역 롯데캐슬 스카이엘,2025-07-18,부산,26230,가야동,0.2691751085383502,0.2383671686045131,92800.0,17.0,76000.0,-0.221053,17.0,76000.0,-0.221053,비수도권,False,False,False,<0%,False,,2025 Stage-2 official API pipeline,,,,,,,,,,,,,,,,,,,,0,0,0
2025,2025000300,외도 성원상떼빌,2025-07-11,제주,50110,외도일동,0.2891566265060241,0.2539882266653082,59854.0,12.0,43300.0,-0.382309,7.0,47400.0,-0.262743,비수도권,False,False,False,<0%,False,,2025 Stage-2 official API pipeline,,,,,,,,,,,,,,,,,,,,0,0,0
2025,2025000311,써밋 리미티드 남천,2025-07-31,부산,26500,남천동,22.619444444444444,3.1620702899356368,162380.0,51.0,99700.0,-0.628686,38.0,105100.0,-0.545005,비수도권,False,False,False,<0%,False,,2025 Stage-2 official API pipeline,,,,,,,,,,,,,,,,,,,,0,0,0
2025,2025000329,원주역 우미 린 더 스텔라,2025-08-08,강원,51130,무실동,16.1663807890223,2.8429528657962546,51860.0,56.0,47750.0,-0.086073,38.0,50175.0,-0.033582,비수도권,False,False,False,<0%,False,,2025 Stage-2 official API pipeline,,,,,,,,,,,,,,,,,,,,0,0,0
2025,2025000338,충주연수 경남아너스빌 센터원,2025-08-07,충북,43130,연수동,0.3948497854077253,0.3327867287640369,55000.0,14.0,41000.0,-0.341463,0.0,,,비수도권,False,False,False,<0%,False,,2025 Stage-2 official API pipeline,,,,,,,,,,,,,,,,,,,,0,0,0
2025,2025000340,서면 써밋 더뉴,2025-08-07,부산,26230,전포동,3.436675461741425,1.489905326097898,113390.0,46.0,69400.0,-0.633862,46.0,69400.0,-0.633862,비수도권,False,False,False,<0%,False,,2025 Stage-2 official API pipeline,,,,,,,,,,,,,,,,,,,,0,0,0
2025,2025000357,탑석 푸르지오 파크7,2025-08-25,경기,41150,용현동,0.2878411910669975,0.2529673212192056,73920.0,22.0,69000.0,-0.071304,22.0,69000.0,-0.071304,수도권 비서울,False,False,True,<0%,False,,2025 Stage-2 official API pipeline,,,,,,,,,,,,,,,,,,,,0,0,0
2025,2025000358,더폴 우정,2025-08-14,울산,31110,우정동,0.1584507042253521,0.1470835126041658,66400.0,18.0,40600.0,-0.635468,5.0,63250.0,-0.049802,비수도권,False,False,False,<0%,False,,2025 Stage-2 official API pipeline,,,,,,,,,,,,,,,,,,,,0,0,0
2025,2025000367,서면 어반센트 데시앙,2025-09-12,부산,26230,부암동,1.5207100591715976,0.9245406313462968,84300.0,46.0,45700.0,-0.844639,40.0,45900.0,-0.836601,비수도권,False,False,False,<0%,False,,2025 Stage-2 official API pipeline,,,,,,,,,,,,,,,,,,,,0,0,0
2025,2025000370,지웰 엘리움 양주 덕계역,2025-08-22,경기,41630,덕계동,0.089461713419257,0.0856837333617103,55400.0,18.0,50000.0,-0.108,18.0,50000.0,-0.108,수도권 비서울,False,False,True,<0%,False,,2025 Stage-2 official API pipeline,,,,,,,,,,,,,,,,,,,,0,0,0
2025,2025000378,용인 고진역 대광로제비앙,2025-08-22,경기,41461,고림동,0.2969924812030075,0.2600481082496607,71900.0,13.0,53500.0,-0.343925,5.0,62000.0,-0.159677,수도권 비서울,False,False,True,<0%,False,,2025 Stage-2 official API pipeline,,,,,,,,,,,,,,,,,,,,0,0,0
2025,2025000379,더샵 신문그리니티 2차,2025-08-28,경남,48250,신문동,0.6045801526717557,0.4728621352416992,53046.0,121.0,36230.0,-0.464146,121.0,36230.0,-0.464146,비수도권,False,False,False,<0%,False,,2025 Stage-2 official API pipeline,,,,,,,,,,,,,,,,,,,,0,0,0
2025,2025000397,두산위브 더센트럴 도화,2025-08-29,인천,28177,도화동,0.1394736842105263,0.1305664752820584,65900.0,33.0,53400.0,-0.234082,33.0,53400.0,-0.234082,수도권 비서울,False,False,True,<0%,False,,2025 Stage-2 official API pipeline,,,,,,,,,,,,,,,,,,,,0,0,0
2025,2025000412,식사 푸르지오 파크센트,2025-09-26,경기,41285,식사동,8.0,2.19722457733622,81200.0,26.0,69275.0,-0.17214,26.0,69275.0,-0.17214,수도권 비서울,False,False,True,<0%,False,,2025 Stage-2 official API pipeline,,,,,,,,,,,,,,,,,,,,0,0,0
2025,2025000413,퀸즈이즈카운티,2025-09-12,부산,26170,범일동,0.0639097744360902,0.0619505888615385,81900.0,23.0,65200.0,-0.256135,19.0,66000.0,-0.240909,비수도권,False,False,False,<0%,False,,2025 Stage-2 official API pipeline,,,,,,,,,,,,,,,,,,,,0,0,0
2025,2025000415,베뉴브 해운대,2025-09-19,부산,26350,우동,21.159036144578312,3.0982453656523736,139250.0,72.0,91250.0,-0.526027,22.0,82750.0,-0.682779,비수도권,False,False,False,<0%,False,,2025 Stage-2 official API pipeline,,,,,,,,,,,,,,,,,,,,0,0,0
2025,2025000423,안양자이 헤리티온,2025-11-21,경기,41171,안양동,5.244897959183674,1.8317648038417544,129280.0,113.0,89400.0,-0.446085,20.0,76700.0,-0.685528,수도권 비서울,False,False,True,<0%,False,,2025 Stage-2 official API pipeline,,,,,,,,,,,,,,,,,,,,0,0,0
2025,2025000425,인하대역 수자인 로이센트,2025-10-24,인천,28177,용현동,0.7187864644107351,0.5416184978648505,69910.0,50.0,56500.0,-0.237345,4.0,,,수도권 비서울,False,False,True,<0%,False,,2025 Stage-2 official API pipeline,,,,,,,,,,,,,,,,,,,,0,0,0
2025,2025000430,힐스테이트 이수역센트럴,2025-10-02,서울,11590,사당동,326.7368421052632,5.792210975706012,227850.0,72.0,174750.0,-0.303863,51.0,144000.0,-0.582292,서울 기타,True,False,True,<0%,False,,2025 Stage-2 official API pipeline,,,,,,,,,,,,,,,,,,,,0,1,0
2025,2025000431,안성 아양지구 B-2블록 금성백조 예미지,2025-09-19,경기,41550,옥산동,0.1406003159557662,0.13155471674865,44330.0,10.0,38100.0,-0.163517,0.0,,,수도권 비서울,False,False,True,<0%,False,,2025 Stage-2 official API pipeline,,,,,,,,,,,,,,,,,,,,0,0,0
2025,2025000435,검단 센트레빌 에듀시티(AB8BL),2025-09-19,인천,28290,당하동,0.441131498470948,0.3654285678649671,61620.0,136.0,56950.0,-0.082002,125.0,58000.0,-0.062414,수도권 비서울,False,False,True,<0%,False,,2025 Stage-2 official API pipeline,,,,,,,,,,,,,,,,,,,,0,0,0
2025,2025000439,상봉 센트럴 아이파크,2025-09-19,서울,11260,망우동,11.752212389380531,2.545704777287181,138700.0,10.0,82250.0,-0.686322,10.0,82250.0,-0.686322,서울 기타,True,False,True,<0%,False,,2025 Stage-2 official API pipeline,,,,,,,,,,,,,,,,,,,,0,1,0
2025,2025000441,힐스테이트 가야 1단지,2025-09-19,부산,26230,가야동,0.3567708333333333,0.30510748916564,89900.0,17.0,76000.0,-0.182895,17.0,76000.0,-0.182895,비수도권,False,False,False,<0%,False,,2025 Stage-2 official API pipeline,,,,,,,,,,,,,,,,,,,,0,0,0
2025,2025000442,힐스테이트 가야 2단지,2025-09-19,부산,26230,가야동,0.64,0.494696241836107,89720.0,17.0,76000.0,-0.180526,17.0,76000.0,-0.180526,비수도권,False,False,False,<0%,False,,2025 Stage-2 official API pipeline,,,,,,,,,,,,,,,,,,,,0,0,0
2025,2025000445,청주 롯데캐슬 시그니처,2025-09-26,충북,43113,강서동,5.207792207792208,1.825805310637772,52577.0,24.0,56825.0,0.074756,24.0,56825.0,0.074756,비수도권,False,False,False,5~10%,False,,2025 Stage-2 official API pipeline,,,,,,,,,,,,,,,,,,,,0,0,0
2025,2025000486,김천혁신도시 동일하이빌 파크레인,2025-10-24,경북,47150,율곡동,0.4704142011834319,0.3855441306136099,46300.0,102.0,35650.0,-0.298738,0.0,,,비수도권,False,False,False,<0%,False,,2025 Stage-2 official API pipeline,,,,,,,,,,,,,,,,,,,,0,0,0
2025,2025000498,트리븐 서산,2025-10-23,충남,44210,예천동,4.791428571428572,1.7563789919685406,53489.0,57.0,42500.0,-0.258565,29.0,44500.0,-0.202,비수도권,False,False,False,<0%,False,,2025 Stage-2 official API pipeline,,,,,,,,,,,,,,,,,,,,0,0,0
2025,2025000515,문수로 코아루 에듀스카이,2025-11-07,울산,31140,신정동,0.1260504201680672,0.1187163068393819,83980.0,117.0,74000.0,-0.134865,47.0,81000.0,-0.03679,비수도권,False,False,False,<0%,False,,2025 Stage-2 official API pipeline,,,,,,,,,,,,,,,,,,,,0,0,0
2025,2025000519,해링턴플레이스 명륜역,2025-10-31,부산,26260,온천동,0.4008620689655172,0.3370878106634276,79860.0,269.0,69000.0,-0.157391,170.0,90000.0,0.112667,비수도권,False,False,False,<0%,False,,2025 Stage-2 official API pipeline,,,,,,,,,,,,,,,,,,,,0,0,0
2025,2025000527,반포 래미안 트리니원,2025-10-31,서울,11650,반포동,237.5260869565217,5.474478683619547,274900.0,22.0,562500.0,0.511289,12.0,604000.0,0.544868,서울 핵심지,True,True,True,20% 이상,False,,2025 Stage-2 official API pipeline,,,,,,,,,,,,,,,,,,,,0,1,1
2025,2025000541,도룡자이 라피크,2025-10-30,대전,30200,도룡동,15.92056074766355,2.8285294947437896,143500.0,13.0,105000.0,-0.366667,0.0,,,비수도권,False,False,False,<0%,False,,2025 Stage-2 official API pipeline,,,,,,,,,,,,,,,,,,,,0,0,0
2025,2025000545,이천 증포5지구 칸타빌 에듀파크,2025-11-28,경기,41500,증포동,0.0566572237960339,0.0551103627105187,59870.0,27.0,39000.0,-0.535128,0.0,,,수도권 비서울,False,False,True,<0%,False,,2025 Stage-2 official API pipeline,,,,,,,,,,,,,,,,,,,,0,0,0
2025,2025000551,동래 에코팰리스 아시아드 리안,2025-11-03,부산,26260,온천동,0.1126760563380281,0.106767975425706,74335.0,276.0,69000.0,-0.077319,175.0,90000.0,0.174056,비수도권,False,False,False,<0%,False,,2025 Stage-2 official API pipeline,,,,,,,,,,,,,,,,,,,,0,0,0
2025,2025000575,두산위브더제니스 센트럴 천안,2025-11-21,충남,44131,청당동,0.2784482758620689,0.2456470580375217,49790.0,65.0,35800.0,-0.390782,23.0,42000.0,-0.185476,비수도권,False,False,False,<0%,False,,2025 Stage-2 official API pipeline,,,,,,,,,,,,,,,,,,,,0,0,0
2025,2025000579,울산 호수공원 에일린의 뜰 1단지,2025-11-21,울산,31140,야음동,9.034090909090908,2.3059883861257533,69200.0,168.0,74250.0,0.068013,51.0,74000.0,0.064865,비수도권,False,False,False,5~10%,False,,2025 Stage-2 official API pipeline,,,,,,,,,,,,,,,,,,,,0,0,0
2025,2025000580,울산 호수공원 에일린의 뜰 2단지,2025-11-21,울산,31140,야음동,12.33846153846154,2.5906517068849046,69700.0,168.0,74250.0,0.061279,51.0,74000.0,0.058108,비수도권,False,False,False,5~10%,False,,2025 Stage-2 official API pipeline,,,,,,,,,,,,,,,,,,,,0,0,0
2025,2025000582,송도 한내들 센트럴리버,2025-12-04,인천,28185,송도동,0.3776824034334764,0.3204026695643153,125000.0,581.0,73000.0,-0.712329,222.0,66000.0,-0.893939,수도권 비서울,False,False,True,<0%,False,,2025 Stage-2 official API pipeline,,,,,,,,,,,,,,,,,,,,0,0,0
2025,2025000583,영도갤럭시타운 도련2차,2025-11-24,제주,50110,도련일동,0.1415929203539823,0.1324245856493315,56800.0,13.0,43000.0,-0.32093,6.0,42000.0,-0.352381,비수도권,False,False,False,<0%,False,,2025 Stage-2 official API pipeline,,,,,,,,,,,,,,,,,,,,0,0,0
2025,2025000585,인천 검단신도시 AB13블록 호반써밋Ⅲ(본청약),2025-11-24,인천,28290,원당동,43.54924242424242,3.796595148704721,56590.0,163.0,67500.0,0.16163,163.0,67500.0,0.16163,수도권 비서울,False,False,True,10~20%,False,,2025 Stage-2 official API pipeline,,,,,,,,,,,,,,,,,,,,0,0,0
2025,2025000602,"인천영종국제도시 디에트르 라 메르Ⅰ(RC4-1,2BL)(본청약)",2025-12-19,인천,28155,중산동,0.2309442548350398,0.2077815617212498,69292.0,94.0,45850.0,-0.511276,50.0,47750.0,-0.451141,수도권 비서울,False,False,True,<0%,False,,2025 Stage-2 official API pipeline,,,,,,,,,,,,,,,,,,,,0,0,0
2025,2025000605,힐스테이트 선암호수공원 1단지,2025-12-19,울산,31140,야음동,0.5839243498817966,0.4599055333387337,93950.0,161.0,75000.0,-0.252667,53.0,74900.0,-0.254339,비수도권,False,False,False,<0%,False,,2025 Stage-2 official API pipeline,,,,,,,,,,,,,,,,,,,,0,0,0
2025,2025000606,힐스테이트 선암호수공원 2단지,2025-12-19,울산,31140,야음동,1.912280701754386,1.0689365205219932,93390.0,161.0,75000.0,-0.2452,53.0,74900.0,-0.246862,비수도권,False,False,False,<0%,False,,2025 Stage-2 official API pipeline,,,,,,,,,,,,,,,,,,,,0,0,0
2025,2025000610,태화강 센트럴 아이파크,2025-12-19,울산,31110,반구동,3.437837837837838,1.4901672843741034,81500.0,35.0,55500.0,-0.468468,0.0,,,비수도권,False,False,False,<0%,False,,2025 Stage-2 official API pipeline,,,,,,,,,,,,,,,,,,,,0,0,0
2025,2025000615,둔산 자이 아이파크,2025-12-12,대전,30170,탄방동,1063.5,6.970260484333534,67800.0,10.0,78800.0,0.139594,10.0,78800.0,0.139594,비수도권,False,False,False,10~20%,False,,2025 Stage-2 official API pipeline,,,,,,,,,,,,,,,,,,,,0,0,0
2025,2025000617,영종하늘도시 대라수 어썸(A50BL),2025-12-22,인천,28155,중산동,0.1156462585034013,0.1094338410454621,57100.0,98.0,45650.0,-0.250821,52.0,48250.0,-0.18342,수도권 비서울,False,False,True,<0%,False,,2025 Stage-2 official API pipeline,,,,,,,,,,,,,,,,,,,,0,0,0
2025,2025000622,수지자이 에디시온,2025-12-19,경기,41465,풍덕천동,3.246913580246914,1.4461925027009597,156500.0,59.0,129700.0,-0.206631,0.0,,,수도권 비서울,False,False,True,<0%,False,,2025 Stage-2 official API pipeline,,,,,,,,,,,,,,,,,,,,0,0,0
2025,2025000632,용인 푸르지오 클루센트,2025-12-19,경기,41461,역북동,0.6588579795021962,0.5061294014572163,76520.0,59.0,59000.0,-0.296949,7.0,52000.0,-0.471538,수도권 비서울,False,False,True,<0%,False,,2025 Stage-2 official API pipeline,,,,,,,,,,,,,,,,,,,,0,0,0
2025,2025000634,영종국제도시 신일 비아프 크레스트(1단지),2025-12-19,인천,28155,운남동,0.0894495412844036,0.0856725606856069,56890.0,39.0,43500.0,-0.307816,17.0,45900.0,-0.239434,수도권 비서울,False,False,True,<0%,False,,2025 Stage-2 official API pipeline,,,,,,,,,,,,,,,,,,,,0,0,0
2025,2025000635,영종국제도시 신일 비아프 크레스트(2단지),2025-12-19,인천,28155,운남동,0.1312127236580517,0.1232902640265917,57280.0,39.0,43500.0,-0.316782,17.0,45900.0,-0.24793,수도권 비서울,False,False,True,<0%,False,,2025 Stage-2 official API pipeline,,,,,,,,,,,,,,,,,,,,0,0,0
2025,2025000098,해링턴 스퀘어 산곡역,2025-04-11,인천,28237,산곡동,2.5791001451378808,1.2751114127106309,85200.0,23.0,62000.0,-0.3741935483870968,20.0,62500.0,-0.3632,수도권 비서울,False,False,True,<0%,False,,2025 Stage-2 official API pipeline,,,,,,,,,,,,,,,,,,,,0,0,0
2025,2025000295,엘리프 한신더휴 수원 C3블록(본청약),2025-10-31,경기,41113,금곡동,1.0248447204968945,0.7054930163822447,103650.0,64.0,72250.0,-0.4346020761245674,0.0,,,수도권 비서울,False,False,True,<0%,False,,2025 Stage-2 official API pipeline,,,,,,,,,,,,,,,,,,,,0,0,0
2025,2025000429,철산역자이,2025-09-19,경기,41210,철산동,37.95527156549521,3.662414105020112,157600.0,38.0,130750.0,-0.2053537284894837,38.0,130750.0,-0.2053537284894837,수도권 비서울,False,False,True,<0%,False,,2025 Stage-2 official API pipeline,,,,,,,,,,,,,,,,,,,,0,0,0
2025,2025000440,힐스테이트 사직 아시아드,2025-09-19,부산,26260,사직동,17.125,2.8972922007407385,85700.0,87.0,93500.0,0.0834224598930481,43.0,95500.0,0.1026178010471204,비수도권,False,False,False,5~10%,False,,2025 Stage-2 official API pipeline,,,,,,,,,,,,,,,,,,,,0,0,0
2025,2025000448,아산모종 서한이다음 노블리스(A1BL),2025-09-19,충남,44200,모종동,0.4967948717948718,0.4033260698594149,43850.0,51.0,35000.0,-0.2528571428571428,17.0,42600.0,-0.0293427230046948,비수도권,False,False,False,<0%,False,,2025 Stage-2 official API pipeline,,,,,,,,,,,,,,,,,,,,0,0,0
2025,2025000556,힐스테이트 광명 11,2025-11-07,경기,41210,광명동,36.65878378378378,3.628566228065563,164100.0,67.0,97500.0,-0.683076923076923,49.0,103000.0,-0.5932038834951456,수도권 비서울,False,False,True,<0%,False,,2025 Stage-2 official API pipeline,,,,,,,,,,,,,,,,,,,,0,0,0
2026,2025000628,북오산자이 리버블시티,2026-01-09,경기,41370,내삼미동,0.7010204081632653,0.5312283110861764,64460.0,32.0,51700.0,-0.2468085106382978,0.0,,,수도권 비서울,False,False,True,<0%,False,,2026 existing research + competition linkage,,,,,,,,,,,,,,,,,,,,1,0,0
2026,2025000639,서귀포시 서홍동 형남아파트6차,2026-01-16,제주,50130,서홍동,1.096774193548387,0.7404000654104909,51300.0,10.0,35400.0,-0.4491525423728814,0.0,,,비수도권,False,False,False,<0%,False,,2026 existing research + competition linkage,,,,,,,,,,,,,,,,,,,,1,0,0
2026,2025000652,안양역 센트럴 아이파크 수자인,2026-01-23,경기,41171,안양동,10.291891891891892,2.424084936478241,126070.0,131.0,91000.0,-0.3853846153846154,27.0,78000.0,-0.6162820512820513,수도권 비서울,False,False,True,<0%,False,,2026 existing research + competition linkage,,,,,,,,,,,,,,,,,,,,1,0,0
2026,2026000019,구리역 하이니티 리버파크,2026-02-11,경기,41310,수택동,3.9158878504672896,1.5924723782758037,135070.0,35.0,95000.0,-0.4217894736842105,14.0,109500.0,-0.2335159817351598,수도권 비서울,False,False,True,<0%,False,,2026 existing research + competition linkage,,,,,,,,,,,,,,,,,,,,1,0,0
2026,2026000020,금정산 하늘채 루미엘,2026-02-13,부산,26410,장전동,0.2395833333333333,0.2147753016436931,94190.0,60.0,88450.0,-0.064895421141888,0.0,,,비수도권,False,False,False,<0%,False,,2026 existing research + competition linkage,,,,,,,,,,,,,,,,,,,,1,0,0
2026,2026000034,더 플래티넘 센트럴포레,2026-02-13,경기,41630,삼숭동,0.0776699029126213,0.0748012130826983,62900.0,14.0,37850.0,-0.6618229854689565,14.0,37850.0,-0.6618229854689565,수도권 비서울,False,False,True,<0%,False,,2026 existing research + competition linkage,,,,,,,,,,,,,,,,,,,,1,0,0
2026,2026000017,쌍용 더 플래티넘 온수역,2026-02-13,경기,41194,괴안동,12.082568807339449,2.571280718745097,113760.0,21.0,91500.0,-0.2432786885245901,0.0,,,수도권 비서울,False,False,True,<0%,False,,2026 existing research + competition linkage,,,,,,,,,,,,,,,,,,,,1,0,0
2026,2026000014 | 2026000015,천안 아이파크 시티 5·6단지,2026-02-20,충남,44133,성성동,9.689111640491271,2.369225619665302,60750.0,115.0,48000.0,-0.265625,64.0,58500.0,-0.0384615384615384,비수도권,False,False,False,<0%,False,,2026 existing research + competition linkage,,,,,,,,,,,,,,,,,,,,1,0,0
2026,2026000044,용인 플랫폼시티 라온프라이빗 아르디에,2026-03-13,경기,41463,영덕동,1.2471264367816093,0.8096522607708367,82800.0,40.0,59900.0,-0.3823038397328882,7.0,70000.0,-0.1828571428571428,수도권 비서울,False,False,True,<0%,False,,2026 existing research + competition linkage,,,,,,,,,,,,,,,,,,,,1,0,0
2026,2026000064,더샵 신길센트럴시티,2026-03-20,서울,11560,신길동,31.863436123348016,3.492360675716404,188000.0,83.0,180000.0,-0.0444444444444444,24.0,177250.0,-0.0606488011283497,서울 기타,True,False,True,<0%,False,,2026 existing research + competition linkage,,,,,,,,,,,,,,,,,,,,1,1,0
2026,2026000055,의정부역 센트럴 아이파크,2026-03-26,경기,41150,의정부동,1.3790613718411553,0.8667060283151687,82600.0,48.0,59200.0,-0.3952702702702703,18.0,83250.0,0.0078078078078078,수도권 비서울,False,False,True,<0%,False,,2026 existing research + competition linkage,,,,,,,,,,,,,,,,,,,,1,0,0
2026,2026000065,검단호수공원역 파라곤(AA36BL),2026-03-27,인천,28290,불로동,31.25980392156863,3.473821994611903,64500.0,30.0,49475.0,-0.303688731682668,30.0,49475.0,-0.303688731682668,수도권 비서울,False,False,True,<0%,False,,2026 existing research + competition linkage,,,,,,,,,,,,,,,,,,,,1,0,0
2026,2026000012,경성대부경대역 비스타동원 더 프리미엄,2026-03-27,부산,26290,대연동,0.4942528735632184,0.4016263318009987,96600.0,213.0,74000.0,-0.3054054054054054,34.0,130000.0,0.2569230769230769,비수도권,False,False,False,<0%,False,,2026 existing research + competition linkage,,,,,,,,,,,,,,,,,,,,1,0,0
2026,2026000058,오티에르 반포,2026-03-31,서울,11650,잠원동,710.2325581395348,6.566999462313187,275650.0,10.0,444000.0,0.3791666666666666,4.0,,,서울 핵심지,True,True,True,20% 이상,False,,2026 existing research + competition linkage,,,,,,,,,,,,,,,,,,,,1,1,1
2026,2026000101,온천장 하늘채 엘리시움,2026-04-03,부산,26260,온천동,0.3467741935483871,0.2977122468117182,82000.0,215.0,63700.0,-0.2872841444270015,141.0,83500.0,0.0179640718562874,비수도권,False,False,False,<0%,False,,2026 existing research + competition linkage,,,,,,,,,,,,,,,,,,,,1,0,0
2026,2026000049,"옥정중앙역 대방 디에트르(중상1, 복합1BL)",2026-04-09,경기,41630,옥정동,0.8455183808343659,0.6127602032510328,61597.0,252.0,43900.0,-0.4031207289293849,184.0,45000.0,-0.3688222222222222,수도권 비서울,False,False,True,<0%,False,,2026 existing research + competition linkage,,,,,,,,,,,,,,,,,,,,1,0,0
2026,2026000121,문수로 라티에르 673,2026-04-10,울산,31140,신정동,0.3730569948186528,0.3170396370813366,91500.0,121.0,74000.0,-0.2364864864864864,54.0,78000.0,-0.173076923076923,비수도권,False,False,False,<0%,False,,2026 existing research + competition linkage,,,,,,,,,,,,,,,,,,,,1,0,0
2026,2026000112,용인 고림 동문 디 이스트,2026-04-10,경기,41461,고림동,0.3019480519480519,0.2638616443329947,71570.0,34.0,58500.0,-0.2234188034188034,18.0,62750.0,-0.1405577689243028,수도권 비서울,False,False,True,<0%,False,,2026 existing research + competition linkage,,,,,,,,,,,,,,,,,,,,1,0,0
2026,2026000085,힐스테이트 평거 센트럴,2026-04-10,경남,48170,평거동,20.39673913043478,3.063238533334752,66600.0,28.0,48400.0,-0.3760330578512397,0.0,,,비수도권,False,False,False,<0%,False,,2026 existing research + competition linkage,,,,,,,,,,,,,,,,,,,,1,0,0
2026,2026000089,강릉 우미 린 더 프리미어,2026-04-17,강원,51150,송정동,0.2814207650273224,0.2479694350449131,54840.0,24.0,40650.0,-0.3490774907749077,0.0,,,비수도권,False,False,False,<0%,False,,2026 existing research + competition linkage,,,,,,,,,,,,,,,,,,,,1,0,0
2026,2026000107,경기광주역 롯데캐슬 시그니처 1단지,2026-04-17,경기,41610,양벌동,2.109336609336609,1.1344093945425835,88200.0,21.0,52000.0,-0.6961538461538461,0.0,,,수도권 비서울,False,False,True,<0%,False,,2026 existing research + competition linkage,,,,,,,,,,,,,,,,,,,,1,0,0
2026,2026000124,고덕신도시 아테라 A-63블록 공공분양주택,2026-04-17,경기,41220,고덕동,0.25,0.2231435513142097,54150.0,225.0,56000.0,0.0330357142857142,171.0,56000.0,0.0330357142857142,수도권 비서울,False,False,True,0~5%,False,,2026 existing research + competition linkage,,,,,,,,,,,,,,,,,,,,1,0,0
2026,2026000129,더샵 관저아르테,2026-04-24,대전,30170,관저동,6.537953795379538,2.019950765266532,64100.0,63.0,51000.0,-0.2568627450980392,0.0,,,비수도권,False,False,False,<0%,False,,2026 existing research + competition linkage,,,,,,,,,,,,,,,,,,,,1,0,0
2026,2026000154 | 2026000155,고덕국제신도시 수자인풍경채 1·2단지,2026-04-29,경기,41220,고덕동,0.3611143972554123,0.308303773961701,56710.0,226.0,56000.0,-0.0126785714285714,340.0,56000.0,-0.0126785714285714,수도권 비서울,False,False,True,<0%,False,,2026 existing research + competition linkage,,,,,,,,,,,,,,,,,,,,1,0,0
2026,2026000053,공주월송 진아레히,2026-04-30,충남,44150,금흥동,0.7684797768479776,0.5701202943975509,43900.0,12.0,39900.0,-0.100250626566416,3.0,,,비수도권,False,False,False,<0%,False,,2026 existing research + competition linkage,,,,,,,,,,,,,,,,,,,,1,0,0
2026,2026000126,안양 에버포레 자연앤 e편한세상(A2BL),2026-04-30,경기,41173,관양동,57.1,4.062165663857866,80170.0,15.0,141500.0,0.4334275618374558,0.0,,,수도권 비서울,False,False,True,20% 이상,False,,2026 existing research + competition linkage,,,,,,,,,,,,,,,,,,,,1,0,0
2026,2026000147,힐스테이트 구월아트파크,2026-05-06,인천,28200,구월동,0.6031042128603105,0.4719418826560863,91300.0,24.0,57725.0,-0.5816370723256821,1.0,,,수도권 비서울,False,False,True,<0%,False,,2026 existing research + competition linkage,,,,,,,,,,,,,,,,,,,,1,0,0
2026,2026000169 | 2026000164 | 2026000165 | 2026000166 | 2026000167 | 2026000168,더샵 송도그란테르 G5 사업,2026-05-07,인천,28185,송도동,14.771582733812949,2.758209759528773,127250.0,525.0,71000.0,-0.7922535211267606,474.0,82000.0,-0.551829268292683,수도권 비서울,False,False,True,<0%,False,,2026 existing research + competition linkage,,,,,,,,,,,,,,,,,,,,1,0,0
2026,2026000172,두산위브 트리니뷰 구명역,2026-05-08,부산,26320,구포동,0.7211155378486056,0.5429726491123265,75900.0,11.0,53000.0,-0.4320754716981132,8.0,54750.0,-0.3863013698630137,비수도권,False,False,False,<0%,False,,2026 existing research + competition linkage,,,,,,,,,,,,,,,,,,,,1,0,0
2026,2026000188,해운대 마티안 디 에디션,2026-05-14,부산,26350,중동,0.4623655913978494,0.380055392582796,100490.0,28.0,99250.0,-0.0124937027707808,10.0,74650.0,-0.3461486939048895,비수도권,False,False,False,<0%,False,,2026 existing research + competition linkage,,,,,,,,,,,,,,,,,,,,1,0,0
2026,2026000162,검암역자이르네,2026-05-15,인천,28275,경서동,1.754617414248021,1.0132785633601578,59410.0,16.0,44100.0,-0.3471655328798186,0.0,,,수도권 비서울,False,False,True,<0%,False,,2026 existing research + competition linkage,,,,,,,,,,,,,,,,,,,,1,0,0
2026,2026000217,동래사적공원 오네뜨,2026-05-15,부산,26260,명륜동,0.2110091743119266,0.1914540403572271,65000.0,38.0,89950.0,0.2773763201778766,11.0,96500.0,0.3264248704663212,비수도권,False,False,False,20% 이상,False,,2026 existing research + competition linkage,,,,,,,,,,,,,,,,,,,,1,0,0
2026,2026000120,써밋 더힐,2026-05-15,서울,11590,흑석동,32.51184834123223,3.5118990581281744,297820.0,13.0,237000.0,-0.2566244725738396,12.0,235500.0,-0.2646284501061571,서울 기타,True,False,True,<0%,False,,2026 existing research + competition linkage,,,,,,,,,,,,,,,,,,,,1,1,0
2026,2026000138,힐스테이트 시흥더클래스,2026-05-15,경기,41390,대야동,0.3341968911917098,0.2883295311989053,87850.0,104.0,59500.0,-0.4764705882352941,13.0,61000.0,-0.4401639344262295,수도권 비서울,False,False,True,<0%,False,,2026 existing research + competition linkage,,,,,,,,,,,,,,,,,,,,1,0,0
2026,2026000184,익산 펠리피아,2026-05-29,전북,52140,팔봉동,0.0122591943957968,0.0121846590163672,41800.0,11.0,12700.0,-2.2913385826771653,11.0,12700.0,-2.2913385826771653,비수도권,False,False,False,<0%,False,,2026 existing research + competition linkage,,,,,,,,,,,,,,,,,,,,1,0,0
2026,2026000225 | 2026000226,백석시그니처자이 1·2단지,2026-06-05,충남,44133,백석동,1.1082535885167464,0.7458599216017221,58390.0,28.0,42250.0,-0.3820118343195266,10.0,53500.0,-0.0914018691588785,비수도권,False,False,False,<0%,False,,2026 existing research + competition linkage,,,,,,,,,,,,,,,,,,,,1,0,0
2026,2026000237,평택 고덕 우미 린 프레스티지(Abc-36BL),2026-06-05,경기,41220,고덕동,1.3971880492091389,0.8742964042770764,58730.0,231.0,55700.0,-0.0543985637342908,171.0,57000.0,-0.0303508771929824,수도권 비서울,False,False,True,<0%,False,,2026 existing research + competition linkage,,,,,,,,,,,,,,,,,,,,1,0,0
2026,2026000258,고덕국제신도시 수자인하우스디,2026-06-11,경기,41220,고덕동,0.1974358974358974,0.1801825185452052,56980.0,233.0,55500.0,-0.0266666666666666,170.0,56350.0,-0.0111801242236024,수도권 비서울,False,False,True,<0%,False,,2026 existing research + competition linkage,,,,,,,,,,,,,,,,,,,,1,0,0
2026,2026000194,더샵 검단레이크파크(AB22BL),2026-06-12,인천,28290,불로동,7.146233382570163,2.097555658775328,65330.0,38.0,49850.0,-0.310531594784353,38.0,49850.0,-0.310531594784353,수도권 비서울,False,False,True,<0%,False,,2026 existing research + competition linkage,,,,,,,,,,,,,,,,,,,,1,0,0
2026,2026000195,더샵 검단레이크파크(AB23BL),2026-06-12,인천,28290,마전동,6.906349206349207,2.067666133687705,66270.0,14.0,39600.0,-0.6734848484848485,10.0,39750.0,-0.6671698113207547,수도권 비서울,False,False,True,<0%,False,,2026 existing research + competition linkage,,,,,,,,,,,,,,,,,,,,1,0,0
2026,2026000248,북오산자이 드포레,2026-06-12,경기,41370,내삼미동,0.1563169164882226,0.1452398818894227,68310.0,50.0,52000.0,-0.3136538461538461,0.0,,,수도권 비서울,False,False,True,<0%,False,,2026 existing research + competition linkage,,,,,,,,,,,,,,,,,,,,1,0,0
2026,2026000270,김해 신문 센트럴 아이파크,2026-06-19,경남,48250,신문동,1.199013157894737,0.7880086951357762,56270.0,47.0,44000.0,-0.2788636363636363,47.0,44000.0,-0.2788636363636363,비수도권,False,False,False,<0%,False,,2026 existing research + competition linkage,,,,,,,,,,,,,,,,,,,,1,0,0
2026,2026000263,신문 대상 웰라움 라시엘,2026-06-19,경남,48250,신문동,0.008,0.0079681696491768,49930.0,47.0,44000.0,-0.1347727272727272,47.0,44000.0,-0.1347727272727272,비수도권,False,False,False,<0%,False,,2026 existing research + competition linkage,,,,,,,,,,,,,,,,,,,,1,0,0
2026,2026000275,장위 푸르지오 마크원,2026-06-19,서울,11290,장위동,10.723529411764703,2.4615978831625327,176570.0,56.0,127000.0,-0.3903149606299212,26.0,134250.0,-0.3152327746741155,서울 기타,True,False,True,<0%,False,,2026 existing research + competition linkage,,,,,,,,,,,,,,,,,,,,1,1,0
2026,2026000273,펜타힐즈 더블유 1단지,2026-06-19,경북,47290,중산동,2.3857627118644067,1.2195792020657985,69930.0,125.0,50950.0,-0.37252208047105,86.0,52000.0,-0.3448076923076923,비수도권,False,False,False,<0%,False,,2026 existing research + competition linkage,,,,,,,,,,,,,,,,,,,,1,0,0
2026,2026000271,트리븐 김해,2026-06-26,경남,48250,내동,0.0681818181818181,0.0659579677917974,53800.0,20.0,50750.0,-0.0600985221674876,20.0,50750.0,-0.0600985221674876,비수도권,False,False,False,<0%,False,,2026 existing research + competition linkage,,,,,,,,,,,,,,,,,,,,1,0,0
2026,2026000253,거제 푸르지오 마린피스,2026-07-07,경남,48310,장평동,0.055023923444976,0.0535634429220896,51400.0,30.0,26975.0,-0.9054680259499536,22.0,26800.0,-0.917910447761194,비수도권,False,False,False,<0%,False,,2026 existing research + competition linkage,,,,,,,,,,,,,,,,,,,,1,0,0
2026,2026000301,의왕역 SK VIEW,2026-07-10,경기,41430,삼동,6.473958333333333,2.01142475616594,109800.0,24.0,66050.0,-0.6623769871309614,0.0,,,수도권 비서울,False,False,True,<0%,False,,2026 existing research + competition linkage,,,,,,,,,,,,,,,,,,,,1,0,0
2026,2026000355,월계 중흥S-클래스 리비에르,2026-07-16,서울,11350,월계동,48.774193548387096,3.9074966478780144,149910.0,35.0,105000.0,-0.4277142857142857,0.0,,,서울 기타,True,False,True,<0%,False,,2026 existing research + competition linkage,,,,,,,,,,,,,,,,,,,,1,1,0
2026,2026000318,더샵 트리센트,2026-07-24,부산,26290,문현동,18.294117647058822,2.9598002643279275,84900.0,52.0,60600.0,-0.400990099009901,37.0,61500.0,-0.3804878048780488,비수도권,False,False,False,<0%,False,,2026 existing research + competition linkage,,,,,,,,,,,,,,,,,,,,1,0,0
2026,2026000331,센트레빌 아스테리움 거제,2026-07-24,경남,48310,상동동,0.1026819923371647,0.097745387130574,52900.0,58.0,23050.0,-1.295010845986985,11.0,37700.0,-0.403183023872679,비수도권,False,False,False,<0%,False,,2026 existing research + competition linkage,,,,,,,,,,,,,,,,,,,,1,0,0
2026,2026000356,두산위브더제니스 대연,2026-07-30,부산,26290,대연동,2.8536585365853657,1.349022966322659,109378.0,103.0,74000.0,-0.4780810810810811,17.0,82500.0,-0.3257939393939394,비수도권,False,False,False,<0%,False,,2026 existing research + competition linkage,,,,,,,,,,,,,,,,,,,,1,0,0
2026,2026000376,달서자이 제니크,2026-08-06,대구,27290,본리동,0.2705882352941176,0.2394799706339032,59730.0,36.0,52400.0,-0.1398854961832061,25.0,58000.0,-0.0298275862068965,비수도권,False,False,False,<0%,False,,2026 existing research + competition linkage,,,,,,,,,,,,,,,,,,,,1,0,0
2026,2026000377,의왕역 한신더휴,2026-08-13,경기,41430,삼동,6.530612244897959,2.0189763459299006,94000.0,25.0,67200.0,-0.3988095238095238,0.0,,,수도권 비서울,False,False,True,<0%,False,,2026 existing research + competition linkage,,,,,,,,,,,,,,,,,,,,1,0,0
2026,2026000354,상동역 롯데캐슬 시그니처,2026-08-14,경기,41192,상동,1.6770833333333333,0.9847278934273836,163800.0,11.0,75000.0,-1.184,0.0,,,수도권 비서울,False,False,True,<0%,False,,2026 existing research + competition linkage,,,,,,,,,,,,,,,,,,,,1,0,0
2026,2026000372,쌍용 더 플래티넘 서대문,2026-08-14,서울,11410,홍은동,39.71428571428572,3.706579031213337,137330.0,28.0,100500.0,-0.3664676616915422,7.0,111000.0,-0.2372072072072072,서울 기타,True,False,True,<0%,False,,2026 existing research + competition linkage,,,,,,,,,,,,,,,,,,,,1,1,0
2026,2026000368,아르티엠 라 테라스,2026-08-14,전북,52113,우아동3가,0.2206896551724138,0.1994159901532547,52600.0,46.0,51850.0,-0.0144648023143683,32.0,54000.0,0.0259259259259259,비수도권,False,False,False,<0%,False,,2026 existing research + competition linkage,,,,,,,,,,,,,,,,,,,,1,0,0
2026,2026000388,시티오씨엘 9단지 오션파크뷰,2026-08-21,인천,28177,학익동,0.4373576309794988,0.3628064494660418,71290.0,16.0,64400.0,-0.1069875776397515,16.0,64400.0,-0.1069875776397515,수도권 비서울,False,False,True,<0%,False,,2026 existing research + competition linkage,,,,,,,,,,,,,,,,,,,,1,0,0
2026,2026000403,그랑라크 에일린의 뜰,2026-09-02,울산,31140,야음동,1.0196483971044468,0.7029234354233846,76600.0,135.0,77500.0,0.0116129032258064,44.0,74125.0,-0.0333895446880269,비수도권,False,False,False,0~5%,False,,2026 existing research + competition linkage,,,,,,,,,,,,,,,,,,,,1,0,0
2026,2026000419,올 뉴 챔피언스시티 1차,2026-09-02,광주,12300,임동,1.014324693042292,0.7002839992973259,87000.0,41.0,64000.0,-0.359375,41.0,64000.0,-0.359375,비수도권,False,False,False,<0%,False,,2026 existing research + competition linkage,,,,,,,,,,,,,,,,,,,,1,0,0
2026,2026000314,중동역 다채로움 더원,2026-09-10,경기,41194,송내동,1.9230769230769231,1.0726368022648491,79600.0,12.0,78750.0,-0.0107936507936507,6.0,85250.0,0.0662756598240469,수도권 비서울,False,False,True,<0%,False,,2026 existing research + competition linkage,,,,,,,,,,,,,,,,,,,,1,0,0
2026,2026000437 | 2026000438,힐스테이트 고덕엘리스트 A12·A65BL,2026-09-11,경기,41220,고덕동,0.1092444825463817,0.1036791372247382,57518.5,263.0,56000.0,-0.0271160714285714,376.0,58000.0,0.008301724137931,수도권 비서울,False,False,True,<0%,False,,2026 existing research + competition linkage,,,,,,,,,,,,,,,,,,,,1,0,0
2026,2026000448,숭의역 노르웨이숲 더 스카이,2026-09-18,인천,28177,숭의동,0.6206896551724138,0.4828517717235845,73237.0,14.0,47750.0,-0.5337591623036649,12.0,48250.0,-0.5178652849740932,수도권 비서울,False,False,True,<0%,False,,2026 existing research + competition linkage,,,,,,,,,,,,,,,,,,,,1,0,0
2026,2026000424,쌍용 더 플래티넘 센텀,2026-09-18,부산,26500,망미동,0.5869565217391305,0.4618180446592961,132100.0,17.0,67000.0,-0.971641791044776,0.0,,,비수도권,False,False,False,<0%,False,,2026 existing research + competition linkage,,,,,,,,,,,,,,,,,,,,1,0,0