apttosell_project_id,house_manage_no,project_name,region,broad_region,initial_announcement_date,total_supply_households,first_priority_competition_rate,competition_band,min_model_top_price_10k_krw,project_max_price_10k_krw,weighted_representative_price_10k_krw,price_band,followup_supply_observed,followup_event_count,days_to_first_followup,eligible_60d_observation,followup_within_60d,source_url
ATS-2026-BUSAN-000001,2026000002,e편한세상 센텀 하이베뉴,부산,비수도권,2026-01-30,166,1.3035714285714286,1~5:1,61801,61801,61801,5~7억원,true,1,40,true,true,https://www.applyhome.co.kr/ai/aia/selectAPTLttotPblancDetail.do?houseManageNo=2026000002&pblancNo=2026000002
ATS-2026-ICN-000001,2025000572,포레나더샵 인천시청역,인천,수도권,2026-01-30,735,2.884272997032641,1~5:1,50440,66560,65501.17006802721,5~7억원,true,3,41,true,true,https://www.applyhome.co.kr/ai/aia/selectAPTLttotPblancDetail.do?houseManageNo=2025000572&pblancNo=2025000572
ATS-2026-GG-000002,2025000652,안양역 센트럴 아이파크 수자인,경기,수도권,2026-01-23,407,10.291891891891892,10~30:1,55040,126070,67904.22604422604,10~15억원,true,3,47,true,true,https://www.applyhome.co.kr/ai/aia/selectAPTLttotPblancDetail.do?houseManageNo=2025000652&pblancNo=2025000652
ATS-2026-JEJU-000001,2025000639,서귀포시 서홍동 형남아파트6차,제주,비수도권,2026-01-16,94,1.096774193548387,1~5:1,49000,72000,51505.31914893617,7~10억원,true,1,48,true,true,https://www.applyhome.co.kr/ai/aia/selectAPTLttotPblancDetail.do?houseManageNo=2025000639&pblancNo=2025000639
ATS-2026-SEOUL-000002,2025000660,드파인 연희,서울,수도권,2026-01-09,332,44.0728476821192,30:1 이상,120100,235900,134180.421686747,15억원 이상,false,0,,true,false,https://www.applyhome.co.kr/ai/aia/selectAPTLttotPblancDetail.do?houseManageNo=2025000660&pblancNo=2025000660
ATS-2026-GG-000003,2025000656,사우역 지엔하임,경기,수도권,2026-01-09,385,0.23822714681440443,1:1 미만,68260,153240,75221.16883116883,15억원 이상,true,1,48,true,true,https://www.applyhome.co.kr/ai/aia/selectAPTLttotPblancDetail.do?houseManageNo=2025000656&pblancNo=2025000656
ATS-2026-GG-000004,2025000628,북오산자이 리버블시티,경기,수도권,2026-01-09,1275,0.7010204081632653,1:1 미만,47450,143630,58737.43529411765,10~15억원,true,2,42,true,true,https://www.applyhome.co.kr/ai/aia/selectAPTLttotPblancDetail.do?houseManageNo=2025000628&pblancNo=2025000628
ATS-2026-GG-000005,2025000510,두산위브 더센트럴 수원,경기,수도권,2026-02-27,275,14.5748031496063,10~30:1,78670,95640,79098.94545454545,7~10억원,true,1,41,true,true,https://www.applyhome.co.kr/ai/aia/selectAPTLttotPblancDetail.do?houseManageNo=2025000510&pblancNo=2025000510
ATS-2026-GB-000001,2026000008,경산 상방공원 호반써밋 1단지,경북,비수도권,2026-02-26,1004,0.16276703967446593,1:1 미만,47490,61620,55529.42231075697,5~7억원,false,0,,true,false,https://www.applyhome.co.kr/ai/aia/selectAPTLttotPblancDetail.do?houseManageNo=2026000008&pblancNo=2026000008
ATS-2026-SEOUL-000001,2026000028,해링턴플레이스 노원 센트럴,서울,수도권,2026-02-20,61,7.655172413793103,5~10:1,87000,87000,87000,7~10억원,true,3,67,true,false,https://www.applyhome.co.kr/ai/aia/selectAPTLttotPblancDetail.do?houseManageNo=2026000028&pblancNo=2026000028
ATS-2026-CN-000001,2026000015,천안 아이파크 시티 6단지,충남,비수도권,2026-02-20,1012,10.544386422976501,10~30:1,57720,246330,66398.38932806325,15억원 이상,true,1,40,true,true,https://www.applyhome.co.kr/ai/aia/selectAPTLttotPblancDetail.do?houseManageNo=2026000015&pblancNo=2026000015
ATS-2026-CN-000002,2026000014,천안 아이파크 시티 5단지,충남,비수도권,2026-02-20,837,8.833836858006043,5~10:1,59160,246120,66632.43727598566,15억원 이상,true,1,40,true,true,https://www.applyhome.co.kr/ai/aia/selectAPTLttotPblancDetail.do?houseManageNo=2026000014&pblancNo=2026000014
ATS-2026-GG-000006,2026000034,더 플래티넘 센트럴포레,경기,수도권,2026-02-13,112,0.07766990291262135,1:1 미만,39100,62900,53004.46428571428,5~7억원,false,0,,true,false,https://www.applyhome.co.kr/ai/aia/selectAPTLttotPblancDetail.do?houseManageNo=2026000034&pblancNo=2026000034
ATS-2026-BUSAN-000002,2026000020,금정산 하늘채 루미엘,부산,비수도권,2026-02-13,213,0.23958333333333334,1:1 미만,67460,232870,106282.44131455399,15억원 이상,true,1,40,true,true,https://www.applyhome.co.kr/ai/aia/selectAPTLttotPblancDetail.do?houseManageNo=2026000020&pblancNo=2026000020
ATS-2026-GG-000007,2026000017,쌍용 더 플래티넘 온수역,경기,수도권,2026-02-13,230,12.082568807339449,10~30:1,86830,113760,88266.69565217392,10~15억원,true,1,40,true,true,https://www.applyhome.co.kr/ai/aia/selectAPTLttotPblancDetail.do?houseManageNo=2026000017&pblancNo=2026000017
ATS-2026-JEJU-000002,2026000018,리첸시아 표선 IB EDU,제주,비수도권,2026-02-12,50,0,1:1 미만,50500,58500,56770,5~7억원,false,0,,true,false,https://www.applyhome.co.kr/ai/aia/selectAPTLttotPblancDetail.do?houseManageNo=2026000018&pblancNo=2026000018
ATS-2026-GG-000001,2026000019,구리역 하이니티 리버파크,경기,수도권,2026-02-11,1530,3.9158878504672896,1~5:1,49120,183650,102041,15억원 이상,true,2,61,true,false,https://www.applyhome.co.kr/ai/aia/selectAPTLttotPblancDetail.do?houseManageNo=2026000019&pblancNo=2026000019
ATS-2026-SEOUL-000003,2026000058,오티에르 반포,서울,수도권,2026-03-31,86,710.2325581395348,30:1 이상,142640,366890,210625.11627906977,15억원 이상,false,0,,true,false,https://www.applyhome.co.kr/ai/aia/selectAPTLttotPblancDetail.do?houseManageNo=2026000058&pblancNo=2026000058
ATS-2026-SEOUL-000004,2026000048,이촌 르엘,서울,수도권,2026-03-30,88,134.97435897435898,30:1 이상,272900,330400,300619.3181818182,15억원 이상,false,0,,true,false,https://www.applyhome.co.kr/ai/aia/selectAPTLttotPblancDetail.do?houseManageNo=2026000048&pblancNo=2026000048
ATS-2026-BUSAN-000003,2026000040,구서 다움포레,부산,비수도권,2026-03-30,68,0.07462686567164178,1:1 미만,42731,53695,48857.94117647059,5~7억원,false,0,,true,false,https://www.applyhome.co.kr/ai/aia/selectAPTLttotPblancDetail.do?houseManageNo=2026000040&pblancNo=2026000040
ATS-2026-CN-000003,2026000078,천안 동일하이빌 파크레인,충남,비수도권,2026-03-27,895,0.03265765765765766,1:1 미만,41300,45200,42636.87150837989,5억원 미만,false,0,,true,false,https://www.applyhome.co.kr/ai/aia/selectAPTLttotPblancDetail.do?houseManageNo=2026000078&pblancNo=2026000078
ATS-2026-BUSAN-000004,2026000074,엄궁역 트라비스 하늘채,부산,비수도권,2026-03-27,1061,0.6163522012578616,1:1 미만,48620,146160,63462.52591894439,10~15억원,true,1,41,true,true,https://www.applyhome.co.kr/ai/aia/selectAPTLttotPblancDetail.do?houseManageNo=2026000074&pblancNo=2026000074
ATS-2026-GG-000008,2026000070,힐스테이트 안양펠루스,경기,수도권,2026-03-27,55,4.9393939393939394,1~5:1,54140,86350,69400,7~10억원,true,2,63,true,false,https://www.applyhome.co.kr/ai/aia/selectAPTLttotPblancDetail.do?houseManageNo=2026000070&pblancNo=2026000070
ATS-2026-ICN-000002,2026000065,검단호수공원역 파라곤(AA36BL),인천,수도권,2026-03-27,569,31.25980392156863,30:1 이상,64400,64500,64452.19683655536,5~7억원,false,0,,true,false,https://www.applyhome.co.kr/ai/aia/selectAPTLttotPblancDetail.do?houseManageNo=2026000065&pblancNo=2026000065
ATS-2026-ICN-000003,2026000062,중앙하이츠 갈산역 센트럴,인천,수도권,2026-03-27,50,1.5862068965517242,1~5:1,51150,51150,51150,5~7억원,true,2,48,true,true,https://www.applyhome.co.kr/ai/aia/selectAPTLttotPblancDetail.do?houseManageNo=2026000062&pblancNo=2026000062
ATS-2026-DAEGU-000001,2026000047,범어역 파크드림 디아르,대구,비수도권,2026-03-27,47,101.47619047619048,30:1 이상,83210,97350,85724.46808510639,7~10억원,false,0,,true,false,https://www.applyhome.co.kr/ai/aia/selectAPTLttotPblancDetail.do?houseManageNo=2026000047&pblancNo=2026000047
ATS-2026-BUSAN-000005,2026000012,경성대부경대역 비스타동원 더 프리미엄,부산,비수도권,2026-03-27,103,0.4942528735632184,1:1 미만,64700,96600,79809.70873786407,7~10억원,true,1,40,true,true,https://www.applyhome.co.kr/ai/aia/selectAPTLttotPblancDetail.do?houseManageNo=2026000012&pblancNo=2026000012
ATS-2026-GG-000009,2026000055,의정부역 센트럴 아이파크,경기,수도권,2026-03-26,400,1.3790613718411553,1~5:1,73700,82600,80100,7~10억원,true,5,48,true,true,https://www.applyhome.co.kr/ai/aia/selectAPTLttotPblancDetail.do?houseManageNo=2026000055&pblancNo=2026000055
ATS-2026-GN-000001,2026000075,창원자이 더 스카이,경남,비수도권,2026-03-20,509,6.745762711864407,5~10:1,89940,124100,95105.46168958742,10~15억원,true,1,40,true,true,https://www.applyhome.co.kr/ai/aia/selectAPTLttotPblancDetail.do?houseManageNo=2026000075&pblancNo=2026000075
ATS-2026-BUSAN-000006,2026000066,한화포레나 부산당리,부산,비수도권,2026-03-20,209,0.45108695652173914,1:1 미만,56700,112900,64273.68421052631,10~15억원,true,1,40,true,true,https://www.applyhome.co.kr/ai/aia/selectAPTLttotPblancDetail.do?houseManageNo=2026000066&pblancNo=2026000066
ATS-2026-SEOUL-000005,2026000064,더샵 신길센트럴시티,서울,수도권,2026-03-20,477,31.863436123348016,30:1 이상,123000,188000,146423.48008385743,15억원 이상,false,0,,true,false,https://www.applyhome.co.kr/ai/aia/selectAPTLttotPblancDetail.do?houseManageNo=2026000064&pblancNo=2026000064
ATS-2026-CN-000004,2026000051,아산탕정자이 메트로시티(A3BL),충남,비수도권,2026-03-20,1638,5.971559633027523,5~10:1,42100,109300,54960.68376068376,10~15억원,true,1,40,true,true,https://www.applyhome.co.kr/ai/aia/selectAPTLttotPblancDetail.do?houseManageNo=2026000051&pblancNo=2026000051
ATS-2026-SEOUL-000006,2025000497,아크로 드 서초,서울,수도권,2026-03-20,56,1099.1,30:1 이상,179340,186490,185343.57142857142,15억원 이상,false,0,,true,false,https://www.applyhome.co.kr/ai/aia/selectAPTLttotPblancDetail.do?houseManageNo=2025000497&pblancNo=2025000497
ATS-2026-ICN-000004,2026000063,오션포레베네스트하우스(미단시티 공동8BL),인천,수도권,2026-03-18,253,0.10441767068273092,1:1 미만,43300,48500,44400,5억원 미만,true,1,105,true,false,https://www.applyhome.co.kr/ai/aia/selectAPTLttotPblancDetail.do?houseManageNo=2026000063&pblancNo=2026000063
ATS-2026-BUSAN-000007,2026000057,에코델타시티 엘가 로제비앙,부산,비수도권,2026-03-16,998,0.05348133198789102,1:1 미만,54700,77300,62916.43286573146,7~10억원,false,0,,true,false,https://www.applyhome.co.kr/ai/aia/selectAPTLttotPblancDetail.do?houseManageNo=2026000057&pblancNo=2026000057
ATS-2026-GG-000010,2026000052,시흥거모B1 호반써밋,경기,수도권,2026-03-13,310,0.337037037037037,1:1 미만,59690,59760,59742.6129032258,5~7억원,false,0,,true,false,https://www.applyhome.co.kr/ai/aia/selectAPTLttotPblancDetail.do?houseManageNo=2026000052&pblancNo=2026000052
ATS-2026-GG-000011,2026000044,용인 플랫폼시티 라온프라이빗 아르디에,경기,수도권,2026-03-13,238,1.2471264367816093,1~5:1,78800,108300,89877.31092436975,10~15억원,true,3,40,true,true,https://www.applyhome.co.kr/ai/aia/selectAPTLttotPblancDetail.do?houseManageNo=2026000044&pblancNo=2026000044
ATS-2026-DAEJEON-000001,2026000033,해링턴플레이스 오룡역,대전,비수도권,2026-03-13,427,0.19464720194647203,1:1 미만,65856,69493,68471.56674473068,5~7억원,true,1,119,true,false,https://www.applyhome.co.kr/ai/aia/selectAPTLttotPblancDetail.do?houseManageNo=2026000033&pblancNo=2026000033
ATS-2026-SEOUL-000007,2026000023,더샵 프리엘라,서울,수도권,2026-03-12,138,89.23809523809524,30:1 이상,88500,179888,146912.13768115942,15억원 이상,false,0,,true,false,https://www.applyhome.co.kr/ai/aia/selectAPTLttotPblancDetail.do?houseManageNo=2026000023&pblancNo=2026000023
ATS-2026-GB-000002,2026000038,상주자이르네,경북,비수도권,2026-03-09,773,0.8277777777777777,1:1 미만,42940,98370,50278.20181112549,7~10억원,true,1,31,true,true,https://www.applyhome.co.kr/ai/aia/selectAPTLttotPblancDetail.do?houseManageNo=2026000038&pblancNo=2026000038
ATS-2026-GG-000012,2026000043,부천역 에피트 어바닉,경기,수도권,2026-03-06,93,2.5208333333333335,1~5:1,44110,57219,51318.11827956989,5~7억원,true,5,40,true,true,https://www.applyhome.co.kr/ai/aia/selectAPTLttotPblancDetail.do?houseManageNo=2026000043&pblancNo=2026000043
ATS-2026-SEOUL-000008,2026000039,래미안 엘라비네,서울,수도권,2026-03-06,272,25.562043795620436,10~30:1,90200,223700,179218.75,15억원 이상,true,2,46,true,true,https://www.applyhome.co.kr/ai/aia/selectAPTLttotPblancDetail.do?houseManageNo=2026000039&pblancNo=2026000039
ATS-2026-JN-000001,2026000036,e편한세상 여수 글렌츠,전남,비수도권,2026-03-06,81,0.8307692307692308,1:1 미만,41993,88265,58121.641975308645,7~10억원,true,1,40,true,true,https://www.applyhome.co.kr/ai/aia/selectAPTLttotPblancDetail.do?houseManageNo=2026000036&pblancNo=2026000036
ATS-2026-GG-000013,2026000029,썬밸리 오드카운티 가평설악,경기,수도권,2026-03-06,1039,0.009671179883945842,1:1 미만,34140,64620,46336.958614051975,5~7억원,false,0,,true,false,https://www.applyhome.co.kr/ai/aia/selectAPTLttotPblancDetail.do?houseManageNo=2026000029&pblancNo=2026000029
ATS-2026-ICN-000005,2026000035,연수 월드메르디앙 어반포레,인천,수도권,2026-03-03,133,0.304,1:1 미만,49200,59900,54203.00751879699,5~7억원,true,2,56,true,true,https://www.applyhome.co.kr/ai/aia/selectAPTLttotPblancDetail.do?houseManageNo=2026000035&pblancNo=2026000035
ATS-2026-GN-000002,2026000271,트리븐 김해,경남,비수도권,2026-06-26,398,0.06818181818181818,1:1 미만,52910,206740,60620,15억원 이상,true,1,55,true,true,https://www.applyhome.co.kr/ai/aia/selectAPTLttotPblancDetail.do?houseManageNo=2026000271&pblancNo=2026000271
ATS-2026-JEJU-000003,2026000289,신제주 동문디이스트 시그니처원Ⅱ,제주,비수도권,2026-06-23,196,0.015306122448979591,1:1 미만,106000,200028,127693.9693877551,15억원 이상,false,0,,true,false,https://www.applyhome.co.kr/ai/aia/selectAPTLttotPblancDetail.do?houseManageNo=2026000289&pblancNo=2026000289
ATS-2026-JEJU-000004,2026000288,신제주 동문디이스트 시그니처원Ⅰ,제주,비수도권,2026-06-23,182,0.07142857142857142,1:1 미만,72000,239168,123915.71978021978,15억원 이상,false,0,,true,false,https://www.applyhome.co.kr/ai/aia/selectAPTLttotPblancDetail.do?houseManageNo=2026000288&pblancNo=2026000288
ATS-2026-GG-000014,2026000278,양주 회천지구 A-8BL 로제비앙 엘가,경기,수도권,2026-06-22,361,0.02247191011235955,1:1 미만,51900,52900,52791.96675900277,5~7억원,false,0,,true,false,https://www.applyhome.co.kr/ai/aia/selectAPTLttotPblancDetail.do?houseManageNo=2026000278&pblancNo=2026000278
ATS-2026-GN-000003,2026000272,함안가야 휴니온아르떼,경남,비수도권,2026-06-22,92,0.05555555555555555,1:1 미만,47800,64100,55100,5~7억원,false,0,,true,false,https://www.applyhome.co.kr/ai/aia/selectAPTLttotPblancDetail.do?houseManageNo=2026000272&pblancNo=2026000272
ATS-2026-SEOUL-000009,2026000275,장위 푸르지오 마크원,서울,수도권,2026-06-19,1032,10.723529411764705,10~30:1,73220,217140,150323.87596899224,15억원 이상,true,2,47,true,true,https://www.applyhome.co.kr/ai/aia/selectAPTLttotPblancDetail.do?houseManageNo=2026000275&pblancNo=2026000275
ATS-2026-GB-000003,2026000273,펜타힐즈 더블유 1단지,경북,비수도권,2026-06-19,1712,2.3857627118644067,1~5:1,69100,135980,94793.72663551402,10~15억원,true,1,40,true,true,https://www.applyhome.co.kr/ai/aia/selectAPTLttotPblancDetail.do?houseManageNo=2026000273&pblancNo=2026000273
ATS-2026-GN-000004,2026000270,김해 신문 센트럴 아이파크,경남,비수도권,2026-06-19,1379,1.199013157894737,1~5:1,55170,70430,57631.950688905,7~10억원,true,1,39,true,true,https://www.applyhome.co.kr/ai/aia/selectAPTLttotPblancDetail.do?houseManageNo=2026000270&pblancNo=2026000270
ATS-2026-GN-000005,2026000263,신문 대상 웰라움 라시엘,경남,비수도권,2026-06-19,375,0.008,1:1 미만,49890,115770,50922.10666666667,10~15억원,false,0,,true,false,https://www.applyhome.co.kr/ai/aia/selectAPTLttotPblancDetail.do?houseManageNo=2026000263&pblancNo=2026000263
ATS-2026-GN-000006,2026000261,밀양 수자인 더퍼스트 2단지 공공분양주택,경남,비수도권,2026-06-19,114,0.19047619047619047,1:1 미만,33924,38460,37505.05263157895,5억원 미만,true,1,88,true,false,https://www.applyhome.co.kr/ai/aia/selectAPTLttotPblancDetail.do?houseManageNo=2026000261&pblancNo=2026000261
ATS-2026-GN-000007,2026000260,밀양 수자인 더퍼스트 1단지 공공분양주택,경남,비수도권,2026-06-19,426,0.03058823529411765,1:1 미만,25941,28207,27232.69483568075,5억원 미만,false,0,,true,false,https://www.applyhome.co.kr/ai/aia/selectAPTLttotPblancDetail.do?houseManageNo=2026000260&pblancNo=2026000260
ATS-2026-SEOUL-000010,2026000241,드파인 아르티아,서울,수도권,2026-06-19,171,18.82758620689655,10~30:1,224000,306000,262150.8771929825,15억원 이상,true,2,49,true,true,https://www.applyhome.co.kr/ai/aia/selectAPTLttotPblancDetail.do?houseManageNo=2026000241&pblancNo=2026000241
ATS-2026-BUSAN-000008,2026000234,에코델타시티 중흥S-클래스 리버시티,부산,비수도권,2026-06-19,501,0.07851239669421488,1:1 미만,39900,42100,41634.53093812375,5억원 미만,false,0,,true,false,https://www.applyhome.co.kr/ai/aia/selectAPTLttotPblancDetail.do?houseManageNo=2026000234&pblancNo=2026000234
ATS-2026-GG-000015,2026000248,북오산자이 드포레,경기,수도권,2026-06-12,1517,0.15631691648822268,1:1 미만,50370,149430,64905.79433091628,10~15억원,true,2,47,true,true,https://www.applyhome.co.kr/ai/aia/selectAPTLttotPblancDetail.do?houseManageNo=2026000248&pblancNo=2026000248
ATS-2026-SEOUL-000011,2026000235,북서울자이 폴라리스(보류지),서울,수도권,2026-06-12,6,428.5,30:1 이상,92500,137000,118783.33333333333,10~15억원,false,0,,true,false,https://www.applyhome.co.kr/ai/aia/selectAPTLttotPblancDetail.do?houseManageNo=2026000235&pblancNo=2026000235
ATS-2026-GN-000008,2026000224,힐스테이트 양산더스카이 2단지,경남,비수도권,2026-06-12,299,0.5813148788927336,1:1 미만,49820,109800,52568.896321070235,10~15억원,true,1,40,true,true,https://www.applyhome.co.kr/ai/aia/selectAPTLttotPblancDetail.do?houseManageNo=2026000224&pblancNo=2026000224
ATS-2026-GN-000009,2026000223,힐스테이트 양산더스카이 1단지,경남,비수도권,2026-06-12,299,1.040590405904059,1~5:1,44670,113300,50885.38461538462,10~15억원,true,1,40,true,true,https://www.applyhome.co.kr/ai/aia/selectAPTLttotPblancDetail.do?houseManageNo=2026000223&pblancNo=2026000223
ATS-2026-ICN-000006,2026000195,더샵 검단레이크파크(AB23BL),인천,수도권,2026-06-12,1403,6.906349206349207,5~10:1,48740,66270,57988.67426942266,5~7억원,false,0,,true,false,https://www.applyhome.co.kr/ai/aia/selectAPTLttotPblancDetail.do?houseManageNo=2026000195&pblancNo=2026000195
ATS-2026-ICN-000007,2026000194,더샵 검단레이크파크(AB22BL),인천,수도권,2026-06-12,1454,7.146233382570163,5~10:1,48240,65330,57266.30674002751,5~7억원,false,0,,true,false,https://www.applyhome.co.kr/ai/aia/selectAPTLttotPblancDetail.do?houseManageNo=2026000194&pblancNo=2026000194
ATS-2026-GG-000016,2026000258,고덕국제신도시 수자인하우스디,경기,수도권,2026-06-11,403,0.19743589743589743,1:1 미만,55870,66500,60247.61786600496,5~7억원,false,0,,true,false,https://www.applyhome.co.kr/ai/aia/selectAPTLttotPblancDetail.do?houseManageNo=2026000258&pblancNo=2026000258
ATS-2026-JN-000002,2026000243,호반써밋 첨단3지구(A8BL),전남,비수도권,2026-06-05,449,1.0333333333333334,1~5:1,68700,78700,72161.46993318485,7~10억원,false,0,,true,false,https://www.applyhome.co.kr/ai/aia/selectAPTLttotPblancDetail.do?houseManageNo=2026000243&pblancNo=2026000243
ATS-2026-GWANGJU-000001,2026000242,호반써밋 첨단3지구(A7BL),광주,비수도권,2026-06-05,356,6.246511627906977,5~10:1,53700,54300,54141.573033707864,5~7억원,false,0,,true,false,https://www.applyhome.co.kr/ai/aia/selectAPTLttotPblancDetail.do?houseManageNo=2026000242&pblancNo=2026000242
ATS-2026-GG-000017,2026000237,평택 고덕 우미 린 프레스티지(Abc-36BL),경기,수도권,2026-06-05,743,1.3971880492091389,1~5:1,57520,69170,61334.44145356662,5~7억원,true,1,41,true,true,https://www.applyhome.co.kr/ai/aia/selectAPTLttotPblancDetail.do?houseManageNo=2026000237&pblancNo=2026000237
ATS-2026-CN-000005,2026000226,백석시그니처자이 2단지,충남,비수도권,2026-06-05,320,1.1710526315789473,1~5:1,58300,58390,58385.78125,5~7억원,true,1,39,true,true,https://www.applyhome.co.kr/ai/aia/selectAPTLttotPblancDetail.do?houseManageNo=2026000226&pblancNo=2026000226
ATS-2026-CN-000006,2026000225,백석시그니처자이 1단지,충남,비수도권,2026-06-05,854,1.0454545454545454,1~5:1,40840,94010,55563.99297423888,7~10억원,true,1,39,true,true,https://www.applyhome.co.kr/ai/aia/selectAPTLttotPblancDetail.do?houseManageNo=2026000225&pblancNo=2026000225
ATS-2026-BUSAN-000009,2026000148,알티에로 광안,부산,비수도권,2026-06-05,366,0.13424657534246576,1:1 미만,286000,393400,310377.3224043716,15억원 이상,true,1,41,true,true,https://www.applyhome.co.kr/ai/aia/selectAPTLttotPblancDetail.do?houseManageNo=2026000148&pblancNo=2026000148
ATS-2026-GG-000018,2026000230,화성동탄2지구 C-27블록 공공분양주택,경기,수도권,2026-05-29,473,,경쟁률 미확인,60278,61737,60607.114164904866,5~7억원,false,0,,true,false,https://www.applyhome.co.kr/ai/aia/selectAPTLttotPblancDetail.do?houseManageNo=2026000230&pblancNo=2026000230
ATS-2026-JB-000001,2026000184,익산 펠리피아,전북,비수도권,2026-05-29,572,0.012259194395796848,1:1 미만,41200,52000,43044.055944055945,5~7억원,false,0,,true,false,https://www.applyhome.co.kr/ai/aia/selectAPTLttotPblancDetail.do?houseManageNo=2026000184&pblancNo=2026000184
ATS-2026-GW-000001,2026000097,강릉 성보필리오 더센트럴힐즈,강원,비수도권,2026-05-27,148,0.02054794520547945,1:1 미만,42430,60248,51862.60135135135,5~7억원,false,0,,true,false,https://www.applyhome.co.kr/ai/aia/selectAPTLttotPblancDetail.do?houseManageNo=2026000097&pblancNo=2026000097
ATS-2026-GG-000019,2026000219,호반써밋 풍무Ⅱ,경기,수도권,2026-05-22,961,5.7636022514071295,5~10:1,57810,179000,74866.01456815816,15억원 이상,true,1,48,true,true,https://www.applyhome.co.kr/ai/aia/selectAPTLttotPblancDetail.do?houseManageNo=2026000219&pblancNo=2026000219
ATS-2026-GG-000020,2026000205,수원역 아너스빌 타임원,경기,수도권,2026-05-22,114,4.219512195121951,1~5:1,78760,79080,78922.80701754386,7~10억원,true,2,45,true,true,https://www.applyhome.co.kr/ai/aia/selectAPTLttotPblancDetail.do?houseManageNo=2026000205&pblancNo=2026000205
ATS-2026-GW-000002,2026000173,더 리치먼드 리버센트 소양,강원,비수도권,2026-05-22,178,0.4,1:1 미만,55510,58890,57347.47191011236,5~7억원,true,1,42,true,true,https://www.applyhome.co.kr/ai/aia/selectAPTLttotPblancDetail.do?houseManageNo=2026000173&pblancNo=2026000173
ATS-2026-BUSAN-000010,2026000217,동래사적공원 오네뜨,부산,비수도권,2026-05-15,110,0.21100917431192662,1:1 미만,56000,65000,64487.27272727273,5~7억원,true,1,40,true,true,https://www.applyhome.co.kr/ai/aia/selectAPTLttotPblancDetail.do?houseManageNo=2026000217&pblancNo=2026000217
ATS-2026-ICN-000008,2026000162,검암역자이르네,인천,수도권,2026-05-15,601,1.754617414248021,1~5:1,58200,59410,58896.239600665554,5~7억원,true,1,41,true,true,https://www.applyhome.co.kr/ai/aia/selectAPTLttotPblancDetail.do?houseManageNo=2026000162&pblancNo=2026000162
ATS-2026-GG-000021,2026000138,힐스테이트 시흥더클래스,경기,수도권,2026-05-15,430,0.33419689119170987,1:1 미만,77470,87850,87250.41860465116,7~10억원,true,1,53,true,true,https://www.applyhome.co.kr/ai/aia/selectAPTLttotPblancDetail.do?houseManageNo=2026000138&pblancNo=2026000138
ATS-2026-SEOUL-000012,2026000120,써밋 더힐,서울,수도권,2026-05-15,432,32.51184834123223,30:1 이상,121850,297820,223614.16666666666,15억원 이상,true,1,46,true,true,https://www.applyhome.co.kr/ai/aia/selectAPTLttotPblancDetail.do?houseManageNo=2026000120&pblancNo=2026000120
ATS-2026-BUSAN-000011,2026000188,해운대 마티안 디 에디션,부산,비수도권,2026-05-14,99,0.46236559139784944,1:1 미만,82160,100490,98863.33333333333,10~15억원,true,1,48,true,true,https://www.applyhome.co.kr/ai/aia/selectAPTLttotPblancDetail.do?houseManageNo=2026000188&pblancNo=2026000188
ATS-2026-GG-000022,2026000187,엘리프 역곡,경기,수도권,2026-05-14,44,2.48,1~5:1,51700,86310,66166.81818181818,7~10억원,true,1,41,true,true,https://www.applyhome.co.kr/ai/aia/selectAPTLttotPblancDetail.do?houseManageNo=2026000187&pblancNo=2026000187
ATS-2026-SEOUL-000013,2026000116,아크로 리버스카이,서울,수도권,2026-05-13,285,19.924242424242426,10~30:1,116370,492800,231322.45614035087,15억원 이상,true,2,71,true,false,https://www.applyhome.co.kr/ai/aia/selectAPTLttotPblancDetail.do?houseManageNo=2026000116&pblancNo=2026000116
ATS-2026-GG-000023,2025000422,오남역 서희스타힐스 여의재 3단지,경기,수도권,2026-05-13,117,1.467741935483871,1~5:1,52800,70900,57131.62393162393,7~10억원,false,0,,true,false,https://www.applyhome.co.kr/ai/aia/selectAPTLttotPblancDetail.do?houseManageNo=2025000422&pblancNo=2025000422
ATS-2026-GG-000024,2026000178,중앙하이츠 원종역,경기,수도권,2026-05-08,78,0.8688524590163934,1:1 미만,47900,56070,51993.205128205125,5~7억원,true,3,42,true,true,https://www.applyhome.co.kr/ai/aia/selectAPTLttotPblancDetail.do?houseManageNo=2026000178&pblancNo=2026000178
ATS-2026-BUSAN-000012,2026000172,두산위브 트리니뷰 구명역,부산,비수도권,2026-05-08,288,0.7211155378486056,1:1 미만,67200,75900,74756.25,7~10억원,true,1,42,true,true,https://www.applyhome.co.kr/ai/aia/selectAPTLttotPblancDetail.do?houseManageNo=2026000172&pblancNo=2026000172
ATS-2026-CB-000001,2026000132,청주 한양립스 더 벨루체,충북,비수도권,2026-05-08,417,0.2230971128608924,1:1 미만,36444,51575,44618.450839328536,5~7억원,false,0,,true,false,https://www.applyhome.co.kr/ai/aia/selectAPTLttotPblancDetail.do?houseManageNo=2026000132&pblancNo=2026000132
ATS-2026-ICN-000009,2026000169,더샵 송도그란테르 G5-11블록,인천,수도권,2026-05-07,318,20.023364485981308,10~30:1,123300,334500,152589.93710691825,15억원 이상,true,1,84,true,false,https://www.applyhome.co.kr/ai/aia/selectAPTLttotPblancDetail.do?houseManageNo=2026000169&pblancNo=2026000169
ATS-2026-ICN-000010,2026000168,더샵 송도그란테르 G5-6블록,인천,수도권,2026-05-07,100,50.028985507246375,30:1 이상,130600,336900,173457,15억원 이상,false,0,,true,false,https://www.applyhome.co.kr/ai/aia/selectAPTLttotPblancDetail.do?houseManageNo=2026000168&pblancNo=2026000168
ATS-2026-ICN-000011,2026000167,더샵 송도그란테르 G5-5블록,인천,수도권,2026-05-07,97,14.285714285714286,10~30:1,128100,331500,170360.82474226804,15억원 이상,true,1,84,true,false,https://www.applyhome.co.kr/ai/aia/selectAPTLttotPblancDetail.do?houseManageNo=2026000167&pblancNo=2026000167
ATS-2026-ICN-000012,2026000166,더샵 송도그란테르 G5-4블록,인천,수도권,2026-05-07,91,4.731343283582089,1~5:1,125100,324300,166725.27472527474,15억원 이상,true,1,84,true,false,https://www.applyhome.co.kr/ai/aia/selectAPTLttotPblancDetail.do?houseManageNo=2026000166&pblancNo=2026000166
ATS-2026-ICN-000013,2026000165,더샵 송도그란테르 G5-3블록,인천,수도권,2026-05-07,85,14.5,10~30:1,126400,327900,169034.11764705883,15억원 이상,true,1,84,true,false,https://www.applyhome.co.kr/ai/aia/selectAPTLttotPblancDetail.do?houseManageNo=2026000165&pblancNo=2026000165
ATS-2026-ICN-000014,2026000164,더샵 송도그란테르 G5-1블록,인천,수도권,2026-05-07,853,15.043165467625899,10~30:1,130800,333600,161916.8815943728,15억원 이상,false,0,,true,false,https://www.applyhome.co.kr/ai/aia/selectAPTLttotPblancDetail.do?houseManageNo=2026000164&pblancNo=2026000164
ATS-2026-ICN-000015,2026000147,힐스테이트 구월아트파크,인천,수도권,2026-05-06,496,0.6031042128603105,1:1 미만,88800,112900,95450,10~15억원,false,0,,true,false,https://www.applyhome.co.kr/ai/aia/selectAPTLttotPblancDetail.do?houseManageNo=2026000147&pblancNo=2026000147
ATS-2026-DAEGU-000002,2026000174,더샵 중앙로역센터폴,대구,비수도권,2026-05-04,299,0.08813559322033898,1:1 미만,78493,173716,81009.70903010033,15억원 이상,false,0,,true,false,https://www.applyhome.co.kr/ai/aia/selectAPTLttotPblancDetail.do?houseManageNo=2026000174&pblancNo=2026000174
ATS-2026-GB-000004,2026000170,상주북천 하늘채 파크원,경북,비수도권,2026-04-30,466,3.668555240793201,1~5:1,36700,63700,48716.73819742489,5~7억원,true,1,40,true,true,https://www.applyhome.co.kr/ai/aia/selectAPTLttotPblancDetail.do?houseManageNo=2026000170&pblancNo=2026000170
ATS-2026-GN-000010,2026000163,메트로시티 자산 데시앙,경남,비수도권,2026-04-30,739,14.12094395280236,10~30:1,39790,54670,44327.02300405954,5~7억원,true,1,60,true,true,https://www.applyhome.co.kr/ai/aia/selectAPTLttotPblancDetail.do?houseManageNo=2026000163&pblancNo=2026000163
ATS-2026-GG-000025,2026000126,안양 에버포레 자연앤 e편한세상(A2BL),경기,수도권,2026-04-30,344,57.1,30:1 이상,78790,80170,79728.51744186046,7~10억원,false,0,,true,false,https://www.applyhome.co.kr/ai/aia/selectAPTLttotPblancDetail.do?houseManageNo=2026000126&pblancNo=2026000126
ATS-2026-GG-000026,2026000125,안양 에버포레 자연앤 e편한세상(A1BL),경기,수도권,2026-04-30,60,21.9811320754717,10~30:1,105970,107560,106590.33333333333,10~15억원,false,0,,true,false,https://www.applyhome.co.kr/ai/aia/selectAPTLttotPblancDetail.do?houseManageNo=2026000125&pblancNo=2026000125
ATS-2026-CN-000007,2026000053,공주월송 진아레히,충남,비수도권,2026-04-30,811,0.7684797768479776,1:1 미만,42800,65700,49019.112207151666,5~7억원,true,1,41,true,true,https://www.applyhome.co.kr/ai/aia/selectAPTLttotPblancDetail.do?houseManageNo=2026000053&pblancNo=2026000053
ATS-2026-GG-000027,2026000155,고덕국제신도시 수자인풍경채 2단지,경기,수도권,2026-04-29,456,0.35514018691588783,1:1 미만,55850,66400,60132.19298245614,5~7억원,true,1,42,true,true,https://www.applyhome.co.kr/ai/aia/selectAPTLttotPblancDetail.do?houseManageNo=2026000155&pblancNo=2026000155
ATS-2026-GG-000028,2026000154,고덕국제신도시 수자인풍경채 1단지,경기,수도권,2026-04-29,670,0.3670886075949367,1:1 미만,55850,66400,60117.880597014926,5~7억원,true,1,42,true,true,https://www.applyhome.co.kr/ai/aia/selectAPTLttotPblancDetail.do?houseManageNo=2026000154&pblancNo=2026000154
ATS-2026-GG-000029,2026000111,더 플래티넘 파인애비뉴,경기,수도권,2026-04-29,321,0.025236593059936908,1:1 미만,47800,74600,58552.02492211838,7~10억원,false,0,,true,false,https://www.applyhome.co.kr/ai/aia/selectAPTLttotPblancDetail.do?houseManageNo=2026000111&pblancNo=2026000111
ATS-2026-SEOUL-000014,2026000156,더 리치먼드 미아,서울,수도권,2026-04-27,99,4.326530612244898,1~5:1,80200,95300,82335.35353535354,7~10억원,true,4,52,true,true,https://www.applyhome.co.kr/ai/aia/selectAPTLttotPblancDetail.do?houseManageNo=2026000156&pblancNo=2026000156
ATS-2026-BUSAN-000013,2026000146,기장 이진캐스빌 포레,부산,비수도권,2026-04-24,138,0.11678832116788321,1:1 미만,39200,47660,43736.52173913043,5억원 미만,false,0,,true,false,https://www.applyhome.co.kr/ai/aia/selectAPTLttotPblancDetail.do?houseManageNo=2026000146&pblancNo=2026000146
ATS-2026-DAEJEON-000002,2026000129,더샵 관저아르테,대전,비수도권,2026-04-24,951,6.537953795379538,5~10:1,46320,85730,66734.00630914826,7~10억원,true,1,66,true,false,https://www.applyhome.co.kr/ai/aia/selectAPTLttotPblancDetail.do?houseManageNo=2026000129&pblancNo=2026000129
ATS-2026-ULSAN-000001,2026000102,울산신복역 비스타 메트로,울산,비수도권,2026-04-24,481,0.18162839248434237,1:1 미만,76000,79500,79436.17463617463,7~10억원,false,0,,true,false,https://www.applyhome.co.kr/ai/aia/selectAPTLttotPblancDetail.do?houseManageNo=2026000102&pblancNo=2026000102
ATS-2026-CN-000008,2026000096,천안 동문 디 이스트 파크시티,충남,비수도권,2026-04-24,500,0.02610441767068273,1:1 미만,41830,72550,60114.36,7~10억원,false,0,,true,false,https://www.applyhome.co.kr/ai/aia/selectAPTLttotPblancDetail.do?houseManageNo=2026000096&pblancNo=2026000096
ATS-2026-JN-000003,2026000091,소제지구 A4BL 중흥S-클래스 우미린,전남,비수도권,2026-04-24,584,0.8228105906313645,1:1 미만,48800,49300,49092.63698630137,5억원 미만,true,1,39,true,true,https://www.applyhome.co.kr/ai/aia/selectAPTLttotPblancDetail.do?houseManageNo=2026000091&pblancNo=2026000091
ATS-2026-JN-000004,2026000090,소제지구 A3BL 중흥S-클래스 우미린,전남,비수도권,2026-04-24,1095,0.43037974683544306,1:1 미만,47450,86400,51576.71232876712,7~10억원,true,1,39,true,true,https://www.applyhome.co.kr/ai/aia/selectAPTLttotPblancDetail.do?houseManageNo=2026000090&pblancNo=2026000090
ATS-2026-GG-000030,2026000152,e편한세상 부천 어반스퀘어,경기,수도권,2026-04-23,897,2.2293762575452716,1~5:1,85610,113900,94891.30434782608,10~15억원,true,1,47,true,true,https://www.applyhome.co.kr/ai/aia/selectAPTLttotPblancDetail.do?houseManageNo=2026000152&pblancNo=2026000152
ATS-2026-CN-000009,2026000150,엘리프 성성호수공원 2BL,충남,비수도권,2026-04-23,560,4.643137254901961,1~5:1,55150,77560,62169.357142857145,7~10억원,true,1,42,true,true,https://www.applyhome.co.kr/ai/aia/selectAPTLttotPblancDetail.do?houseManageNo=2026000150&pblancNo=2026000150
ATS-2026-CN-000010,2026000149,엘리프 성성호수공원 1BL,충남,비수도권,2026-04-23,546,26.269129287598943,10~30:1,56850,79940,69011.48351648351,7~10억원,true,1,42,true,true,https://www.applyhome.co.kr/ai/aia/selectAPTLttotPblancDetail.do?houseManageNo=2026000149&pblancNo=2026000149
ATS-2026-JEJU-000005,2026000130,PH159,제주,비수도권,2026-04-20,49,0.12244897959183673,1:1 미만,45000,67500,57093.87755102041,5~7억원,false,0,,true,false,https://www.applyhome.co.kr/ai/aia/selectAPTLttotPblancDetail.do?houseManageNo=2026000130&pblancNo=2026000130
ATS-2026-GG-000031,2026000088,용인 양지 서희스타힐스 하이뷰,경기,수도권,2026-04-20,547,0.12133072407045009,1:1 미만,42100,54400,46773.30895795247,5~7억원,false,0,,true,false,https://www.applyhome.co.kr/ai/aia/selectAPTLttotPblancDetail.do?houseManageNo=2026000088&pblancNo=2026000088
ATS-2026-GG-000032,2026000124,고덕신도시 아테라 A-63블록 공공분양주택,경기,수도권,2026-04-17,630,0.25,1:1 미만,47552,54150,50758.89523809524,5~7억원,true,1,143,true,false,https://www.applyhome.co.kr/ai/aia/selectAPTLttotPblancDetail.do?houseManageNo=2026000124&pblancNo=2026000124
ATS-2026-SEOUL-000015,2026000114,공덕역자이르네,서울,수도권,2026-04-17,177,79.98795180722891,30:1 이상,127200,176900,157025.08474576272,15억원 이상,false,0,,true,false,https://www.applyhome.co.kr/ai/aia/selectAPTLttotPblancDetail.do?houseManageNo=2026000114&pblancNo=2026000114
ATS-2026-GG-000033,2026000107,경기광주역 롯데캐슬 시그니처 1단지,경기,수도권,2026-04-17,1077,2.1093366093366095,1~5:1,61900,249000,86245.58960074281,15억원 이상,true,1,46,true,true,https://www.applyhome.co.kr/ai/aia/selectAPTLttotPblancDetail.do?houseManageNo=2026000107&pblancNo=2026000107
ATS-2026-GW-000003,2026000089,강릉 우미 린 더 프리미어,강원,비수도권,2026-04-17,772,0.2814207650273224,1:1 미만,53260,79550,60965.9585492228,7~10억원,true,1,49,true,true,https://www.applyhome.co.kr/ai/aia/selectAPTLttotPblancDetail.do?houseManageNo=2026000089&pblancNo=2026000089
ATS-2026-GG-000034,2026000113,동탄 그웬 160 (동탄2 B11BL),경기,수도권,2026-04-16,160,3.4166666666666665,1~5:1,87000,120580,96459.5,10~15억원,false,0,,true,false,https://www.applyhome.co.kr/ai/aia/selectAPTLttotPblancDetail.do?houseManageNo=2026000113&pblancNo=2026000113
ATS-2026-ICN-000016,2026000135,인천가정2지구 B2블록 공공분양주택(후속사업),인천,수도권,2026-04-15,308,,경쟁률 미확인,55131,62516,61525.93137254902,5~7억원,false,0,,true,false,https://www.applyhome.co.kr/ai/aia/selectAPTLttotPblancDetail.do?houseManageNo=2026000135&pblancNo=2026000135
ATS-2026-ULSAN-000002,2026000121,문수로 라티에르 673,울산,비수도권,2026-04-10,199,0.37305699481865284,1:1 미만,90500,118300,99392.46231155779,10~15억원,true,1,41,true,true,https://www.applyhome.co.kr/ai/aia/selectAPTLttotPblancDetail.do?houseManageNo=2026000121&pblancNo=2026000121
ATS-2026-GG-000035,2026000112,용인 고림 동문 디 이스트,경기,수도권,2026-04-10,350,0.30194805194805197,1:1 미만,56200,71570,66273.37142857142,7~10억원,true,1,42,true,true,https://www.applyhome.co.kr/ai/aia/selectAPTLttotPblancDetail.do?houseManageNo=2026000112&pblancNo=2026000112
ATS-2026-GN-000011,2026000110,엘리프 창원,경남,비수도권,2026-04-10,349,27.368,10~30:1,53600,59540,56512.578796561604,5~7억원,false,0,,true,false,https://www.applyhome.co.kr/ai/aia/selectAPTLttotPblancDetail.do?houseManageNo=2026000110&pblancNo=2026000110
ATS-2026-CN-000011,2026000109,아산경남아너스빌 랜드마크49,충남,비수도권,2026-04-10,467,0.010752688172043012,1:1 미만,46150,55890,49804.346895074945,5~7억원,false,0,,true,false,https://www.applyhome.co.kr/ai/aia/selectAPTLttotPblancDetail.do?houseManageNo=2026000109&pblancNo=2026000109
ATS-2026-DAEJEON-000003,2026000105,도안자이 센텀리체 2단지,대전,비수도권,2026-04-10,834,2.059504132231405,1~5:1,77690,216990,85261.22302158273,15억원 이상,true,1,40,true,true,https://www.applyhome.co.kr/ai/aia/selectAPTLttotPblancDetail.do?houseManageNo=2026000105&pblancNo=2026000105
ATS-2026-DAEJEON-000004,2026000104,도안자이 센텀리체 1단지,대전,비수도권,2026-04-10,946,2.3112480739599386,1~5:1,76920,99920,79958.266384778,7~10억원,true,1,40,true,true,https://www.applyhome.co.kr/ai/aia/selectAPTLttotPblancDetail.do?houseManageNo=2026000104&pblancNo=2026000104
ATS-2026-CB-000002,2026000087,청주 푸르지오 씨엘리체,충북,비수도권,2026-04-10,1351,6.47487684729064,5~10:1,51000,67500,57759.21539600296,5~7억원,true,1,52,true,true,https://www.applyhome.co.kr/ai/aia/selectAPTLttotPblancDetail.do?houseManageNo=2026000087&pblancNo=2026000087
ATS-2026-GN-000012,2026000085,힐스테이트 평거 센트럴,경남,비수도권,2026-04-10,261,20.39673913043478,10~30:1,66000,91200,78472.7969348659,7~10억원,true,1,48,true,true,https://www.applyhome.co.kr/ai/aia/selectAPTLttotPblancDetail.do?houseManageNo=2026000085&pblancNo=2026000085
ATS-2026-JB-000002,2026000082,골드클래스 시그니처,전북,비수도권,2026-04-10,341,34.65,30:1 이상,19432,79981,47507.91202346041,7~10억원,false,0,,true,false,https://www.applyhome.co.kr/ai/aia/selectAPTLttotPblancDetail.do?houseManageNo=2026000082&pblancNo=2026000082
ATS-2026-GB-000005,2026000093,더샵 안동더퍼스트,경북,비수도권,2026-04-09,493,7.608832807570978,5~10:1,41860,91350,50225.7200811359,7~10억원,true,1,42,true,true,https://www.applyhome.co.kr/ai/aia/selectAPTLttotPblancDetail.do?houseManageNo=2026000093&pblancNo=2026000093
ATS-2026-GG-000036,2026000049,"옥정중앙역 대방 디에트르(중상1, 복합1BL)",경기,수도권,2026-04-09,2807,0.8455183808343659,1:1 미만,56709,91703,66598.15211970075,7~10억원,true,4,39,true,true,https://www.applyhome.co.kr/ai/aia/selectAPTLttotPblancDetail.do?houseManageNo=2026000049&pblancNo=2026000049
ATS-2026-GG-000037,2026000069,야목역 서희스타힐스 그랜드힐,경기,수도권,2026-04-06,241,0.2876712328767123,1:1 미만,41700,57600,52245.64315352697,5~7억원,true,2,42,true,true,https://www.applyhome.co.kr/ai/aia/selectAPTLttotPblancDetail.do?houseManageNo=2026000069&pblancNo=2026000069
ATS-2026-BUSAN-000014,2026000101,온천장 하늘채 엘리시움,부산,비수도권,2026-04-03,129,0.3467741935483871,1:1 미만,70190,82000,80273.56589147287,7~10억원,false,0,,true,false,https://www.applyhome.co.kr/ai/aia/selectAPTLttotPblancDetail.do?houseManageNo=2026000101&pblancNo=2026000101
ATS-2026-SEOUL-000016,2026000094,라클라체자이드파인,서울,수도권,2026-04-03,369,26.905555555555555,10~30:1,215010,301310,240137.42547425473,15억원 이상,true,1,46,true,true,https://www.applyhome.co.kr/ai/aia/selectAPTLttotPblancDetail.do?houseManageNo=2026000094&pblancNo=2026000094
ATS-2026-CN-000012,2026000086,업성 푸르지오 레이크시티,충남,비수도권,2026-04-03,1460,1.1092857142857142,1~5:1,49980,77920,59221.04794520548,7~10억원,true,1,40,true,true,https://www.applyhome.co.kr/ai/aia/selectAPTLttotPblancDetail.do?houseManageNo=2026000086&pblancNo=2026000086
ATS-2026-JB-000003,2026000077,북전주 광신프로그레스,전북,비수도권,2026-04-03,352,0.7888198757763976,1:1 미만,44500,44520,44502.10227272727,5억원 미만,true,1,40,true,true,https://www.applyhome.co.kr/ai/aia/selectAPTLttotPblancDetail.do?houseManageNo=2026000077&pblancNo=2026000077
ATS-2026-GG-000038,2026000073,풍무역세권 수자인 그라센트 2차,경기,수도권,2026-04-03,639,1.2789699570815452,1~5:1,71150,82530,73465.1799687011,7~10억원,true,3,110,true,false,https://www.applyhome.co.kr/ai/aia/selectAPTLttotPblancDetail.do?houseManageNo=2026000073&pblancNo=2026000073
ATS-2026-GW-000004,2026000071,르네오션 고성 퍼스트뷰,강원,비수도권,2026-04-03,263,0.42585551330798477,1:1 미만,44500,234600,54222.813688212926,15억원 이상,true,1,39,true,true,https://www.applyhome.co.kr/ai/aia/selectAPTLttotPblancDetail.do?houseManageNo=2026000071&pblancNo=2026000071
ATS-2026-GG-000039,2026000453,광명 시티프라디움 에듀하임,경기,수도권,2026-09-18,426,1.684981684981685,1~5:1,87700,119800,110601.64319248826,10~15억원,false,0,,false,,https://www.applyhome.co.kr/ai/aia/selectAPTLttotPblancDetail.do?houseManageNo=2026000453&pblancNo=2026000453
ATS-2026-ICN-000017,2026000448,숭의역 노르웨이숲 더 스카이,인천,수도권,2026-09-18,35,0.6206896551724138,1:1 미만,57874,73237,67530.74285714286,7~10억원,false,0,,false,,https://www.applyhome.co.kr/ai/aia/selectAPTLttotPblancDetail.do?houseManageNo=2026000448&pblancNo=2026000448
ATS-2026-GN-000013,2026000446,진주 판문지구 레이크써밋 웰가,경남,비수도권,2026-09-18,690,34.945086705202314,30:1 이상,50300,139500,56795.79710144927,10~15억원,false,0,,false,,https://www.applyhome.co.kr/ai/aia/selectAPTLttotPblancDetail.do?houseManageNo=2026000446&pblancNo=2026000446
ATS-2026-JB-000004,2026000445,삼천 하늘채 라비엘,전북,비수도권,2026-09-18,116,14.784313725490197,10~30:1,38827,49392,43015.83620689655,5억원 미만,false,0,,false,,https://www.applyhome.co.kr/ai/aia/selectAPTLttotPblancDetail.do?houseManageNo=2026000445&pblancNo=2026000445
ATS-2026-BUSAN-000015,2026000443,에코델타시티 금강펜테리움 에코리버,부산,비수도권,2026-09-18,358,0.022988505747126436,1:1 미만,51100,53200,52126.53631284916,5~7억원,false,0,,false,,https://www.applyhome.co.kr/ai/aia/selectAPTLttotPblancDetail.do?houseManageNo=2026000443&pblancNo=2026000443
ATS-2026-BUSAN-000016,2026000424,쌍용 더 플래티넘 센텀,부산,비수도권,2026-09-18,53,0.5869565217391305,1:1 미만,91630,132100,125722.45283018867,10~15억원,false,0,,false,,https://www.applyhome.co.kr/ai/aia/selectAPTLttotPblancDetail.do?houseManageNo=2026000424&pblancNo=2026000424
ATS-2026-GG-000040,2026000449,화서역 호수공원 아너스빌,경기,수도권,2026-09-11,476,0.7455470737913485,1:1 미만,89300,91100,90006.72268907563,7~10억원,false,0,,false,,https://www.applyhome.co.kr/ai/aia/selectAPTLttotPblancDetail.do?houseManageNo=2026000449&pblancNo=2026000449
ATS-2026-ULSAN-000003,2026000441,문수로 비스타 더파크,울산,비수도권,2026-09-11,700,0.9797191887675507,1:1 미만,62400,83200,80567.14285714286,7~10억원,false,0,,false,,https://www.applyhome.co.kr/ai/aia/selectAPTLttotPblancDetail.do?houseManageNo=2026000441&pblancNo=2026000441
ATS-2026-GG-000041,2026000438,힐스테이트 고덕엘리스트 A65BL 공공분양주택,경기,수도권,2026-09-11,837,0.09068627450980392,1:1 미만,55973,56617,56476.96654719235,5~7억원,false,0,,false,,https://www.applyhome.co.kr/ai/aia/selectAPTLttotPblancDetail.do?houseManageNo=2026000438&pblancNo=2026000438
ATS-2026-GG-000042,2026000437,힐스테이트 고덕엘리스트 A12BL 공공분양주택,경기,수도권,2026-09-11,942,0.12780269058295965,1:1 미만,57440,58420,58107.48938428875,5~7억원,false,0,,false,,https://www.applyhome.co.kr/ai/aia/selectAPTLttotPblancDetail.do?houseManageNo=2026000437&pblancNo=2026000437
ATS-2026-GG-000043,2026000103,더샵 분당하이스트,경기,수도권,2026-09-11,143,9.088235294117647,5~10:1,216300,298100,257330.76923076922,15억원 이상,false,0,,false,,https://www.applyhome.co.kr/ai/aia/selectAPTLttotPblancDetail.do?houseManageNo=2026000103&pblancNo=2026000103
ATS-2026-GG-000044,2026000314,중동역 다채로움 더원,경기,수도권,2026-09-10,39,1.9230769230769231,1~5:1,54900,79600,69210.2564102564,7~10억원,false,0,,false,,https://www.applyhome.co.kr/ai/aia/selectAPTLttotPblancDetail.do?houseManageNo=2026000314&pblancNo=2026000314
ATS-2026-CN-000013,2026000426,천안 아이파크 시티 4단지,충남,비수도권,2026-09-04,777,0.16601815823605706,1:1 미만,57460,80690,64409.79407979408,7~10억원,false,0,,false,,https://www.applyhome.co.kr/ai/aia/selectAPTLttotPblancDetail.do?houseManageNo=2026000426&pblancNo=2026000426
ATS-2026-CN-000014,2026000423,두정역 푸르지오 그랑피크,충남,비수도권,2026-09-04,1438,0.1316931982633864,1:1 미만,36500,69000,52231.084840055635,5~7억원,false,0,,false,,https://www.applyhome.co.kr/ai/aia/selectAPTLttotPblancDetail.do?houseManageNo=2026000423&pblancNo=2026000423
ATS-2026-CN-000015,2026000422,천안 아이파크 시티 3단지,충남,비수도권,2026-09-04,851,0.23031026252983294,1:1 미만,57550,80800,64621.69212690952,7~10억원,false,0,,false,,https://www.applyhome.co.kr/ai/aia/selectAPTLttotPblancDetail.do?houseManageNo=2026000422&pblancNo=2026000422
ATS-2026-GG-000045,2026000394,더샵 여주역더퍼스트,경기,수도권,2026-09-03,696,0.13576642335766423,1:1 미만,50786,51965,51902.25,5~7억원,false,0,,false,,https://www.applyhome.co.kr/ai/aia/selectAPTLttotPblancDetail.do?houseManageNo=2026000394&pblancNo=2026000394
ATS-2026-DAEJEON-000005,2026000202,대전 경남아너스빌 센텀스카이,대전,비수도권,2026-09-03,142,0.21428571428571427,1:1 미만,59400,59900,59691.54929577465,5~7억원,false,0,,false,,https://www.applyhome.co.kr/ai/aia/selectAPTLttotPblancDetail.do?houseManageNo=2026000202&pblancNo=2026000202
ATS-2026-GWANGJU-000002,2026000419,올 뉴 챔피언스시티 1차,광주,비수도권,2026-09-02,3216,1.014324693042292,1~5:1,84200,316000,91603.98009950249,15억원 이상,false,0,,false,,https://www.applyhome.co.kr/ai/aia/selectAPTLttotPblancDetail.do?houseManageNo=2026000419&pblancNo=2026000419
ATS-2026-ULSAN-000004,2026000403,그랑라크 에일린의 뜰,울산,비수도권,2026-09-02,1153,1.0196483971044468,1~5:1,56600,86900,71812.48915871639,7~10억원,false,0,,false,,https://www.applyhome.co.kr/ai/aia/selectAPTLttotPblancDetail.do?houseManageNo=2026000403&pblancNo=2026000403
ATS-2026-SEOUL-000017,2026000399,브라운스톤 월곡 센트럴,서울,수도권,2026-08-28,62,61.925925925925924,30:1 이상,86200,107500,90617.74193548386,10~15억원,false,0,,false,,https://www.applyhome.co.kr/ai/aia/selectAPTLttotPblancDetail.do?houseManageNo=2026000399&pblancNo=2026000399
ATS-2026-GG-000046,2026000416,양주회천지구 A-26블록 공공분양주택,경기,수도권,2026-08-27,792,,경쟁률 미확인,35093,49201,41221.47474747475,5억원 미만,false,0,,false,,https://www.applyhome.co.kr/ai/aia/selectAPTLttotPblancDetail.do?houseManageNo=2026000416&pblancNo=2026000416
ATS-2026-ICN-000018,2026000404,검암역 푸르지오 프라베뉴 (B-1BL) 공공분양주택,인천,수도권,2026-08-21,441,18.95614035087719,10~30:1,46250,63910,58029.61451247166,5~7억원,false,0,,false,,https://www.applyhome.co.kr/ai/aia/selectAPTLttotPblancDetail.do?houseManageNo=2026000404&pblancNo=2026000404
ATS-2026-ICN-000019,2026000388,시티오씨엘 9단지 오션파크뷰,인천,수도권,2026-08-21,1949,0.43735763097949887,1:1 미만,48560,170000,69164.48948178552,15억원 이상,false,0,,false,,https://www.applyhome.co.kr/ai/aia/selectAPTLttotPblancDetail.do?houseManageNo=2026000388&pblancNo=2026000388
ATS-2026-GN-000014,2026000383,포레나힐스테이트 진주,경남,비수도권,2026-08-14,398,21.14835164835165,10~30:1,41300,57700,48193.46733668342,5~7억원,false,0,,false,,https://www.applyhome.co.kr/ai/aia/selectAPTLttotPblancDetail.do?houseManageNo=2026000383&pblancNo=2026000383
ATS-2026-SEOUL-000018,2026000372,쌍용 더 플래티넘 서대문,서울,수도권,2026-08-14,62,39.714285714285715,30:1 이상,108650,137330,135749.67741935485,10~15억원,false,0,,false,,https://www.applyhome.co.kr/ai/aia/selectAPTLttotPblancDetail.do?houseManageNo=2026000372&pblancNo=2026000372
ATS-2026-JB-000005,2026000368,아르티엠 라 테라스,전북,비수도권,2026-08-14,300,0.2206896551724138,1:1 미만,50500,52600,51825,5~7억원,false,0,,false,,https://www.applyhome.co.kr/ai/aia/selectAPTLttotPblancDetail.do?houseManageNo=2026000368&pblancNo=2026000368
ATS-2026-GG-000047,2026000354,상동역 롯데캐슬 시그니처,경기,수도권,2026-08-14,1859,1.6770833333333333,1~5:1,149900,603800,178672.6196880043,15억원 이상,false,0,,false,,https://www.applyhome.co.kr/ai/aia/selectAPTLttotPblancDetail.do?houseManageNo=2026000354&pblancNo=2026000354
ATS-2026-GWANGJU-000003,2026000342,제일풍경채 첨단3지구(A6BL),광주,비수도권,2026-08-14,638,0.7682926829268293,1:1 미만,51460,79600,63819.70219435736,7~10억원,true,1,39,false,,https://www.applyhome.co.kr/ai/aia/selectAPTLttotPblancDetail.do?houseManageNo=2026000342&pblancNo=2026000342
ATS-2026-GG-000048,2026000377,의왕역 한신더휴,경기,수도권,2026-08-13,108,6.530612244897959,5~10:1,56300,94000,68194.44444444444,7~10억원,false,0,,false,,https://www.applyhome.co.kr/ai/aia/selectAPTLttotPblancDetail.do?houseManageNo=2026000377&pblancNo=2026000377
ATS-2026-GG-000049,2026000365,오남역 서희스타힐스 여의재 1단지,경기,수도권,2026-08-13,180,0.3835616438356164,1:1 미만,54800,71900,57673.333333333336,7~10억원,true,1,49,false,,https://www.applyhome.co.kr/ai/aia/selectAPTLttotPblancDetail.do?houseManageNo=2026000365&pblancNo=2026000365
ATS-2026-GG-000050,2026000382,두산위브더제니스 부천,경기,수도권,2026-08-12,1158,0.5642775881683731,1:1 미만,86400,118200,99749.82728842832,10~15억원,true,1,35,false,,https://www.applyhome.co.kr/ai/aia/selectAPTLttotPblancDetail.do?houseManageNo=2026000382&pblancNo=2026000382
ATS-2026-GG-000051,2026000371,용인반도체클러스터 동일하이빌 파크밸리(D1-1블록),경기,수도권,2026-08-07,589,2.138888888888889,1~5:1,39700,53400,45484.889643463495,5~7억원,true,1,40,false,,https://www.applyhome.co.kr/ai/aia/selectAPTLttotPblancDetail.do?houseManageNo=2026000371&pblancNo=2026000371
ATS-2026-SEOUL-000019,2026000364,써밋 클라비온,서울,수도권,2026-08-07,176,66.78313253012048,30:1 이상,130370,186630,177165.39772727274,15억원 이상,false,0,,false,,https://www.applyhome.co.kr/ai/aia/selectAPTLttotPblancDetail.do?houseManageNo=2026000364&pblancNo=2026000364
ATS-2026-SEOUL-000020,2026000358,충정로역자이르네,서울,수도권,2026-08-07,186,44.523809523809526,30:1 이상,100400,245500,211267.20430107528,15억원 이상,true,1,52,false,,https://www.applyhome.co.kr/ai/aia/selectAPTLttotPblancDetail.do?houseManageNo=2026000358&pblancNo=2026000358
ATS-2026-DAEGU-000003,2026000376,달서자이 제니크,대구,비수도권,2026-08-06,360,0.27058823529411763,1:1 미만,58660,59730,59195,5~7억원,false,0,,false,,https://www.applyhome.co.kr/ai/aia/selectAPTLttotPblancDetail.do?houseManageNo=2026000376&pblancNo=2026000376
ATS-2026-SEJONG-000001,2026000323,"세종 우미 린 센터파크(행정중심복합도시 5-2생활권 S1블록, 글미마을 9단지)",세종,비수도권,2026-07-31,676,17.708333333333332,10~30:1,29500,64560,58510.85798816568,5~7억원,true,1,62,true,false,https://www.applyhome.co.kr/ai/aia/selectAPTLttotPblancDetail.do?houseManageNo=2026000323&pblancNo=2026000323
ATS-2026-GG-000052,2026000367,한강 푸르지오 리버프론트,경기,수도권,2026-07-30,2432,0.6438423645320197,1:1 미만,73700,299900,83892.8865131579,15억원 이상,true,1,41,true,true,https://www.applyhome.co.kr/ai/aia/selectAPTLttotPblancDetail.do?houseManageNo=2026000367&pblancNo=2026000367
ATS-2026-BUSAN-000017,2026000356,두산위브더제니스 대연,부산,비수도권,2026-07-30,176,2.8536585365853657,1~5:1,76472,109378,96915.76704545454,10~15억원,true,1,41,true,true,https://www.applyhome.co.kr/ai/aia/selectAPTLttotPblancDetail.do?houseManageNo=2026000356&pblancNo=2026000356
ATS-2026-CN-000016,2026000295,아산테크노밸리 더원 7차 (Ab4BL),충남,비수도권,2026-07-27,622,0.00967741935483871,1:1 미만,39900,42700,41817.363344051446,5억원 미만,false,0,,true,false,https://www.applyhome.co.kr/ai/aia/selectAPTLttotPblancDetail.do?houseManageNo=2026000295&pblancNo=2026000295
ATS-2026-GN-000015,2026000331,센트레빌 아스테리움 거제,경남,비수도권,2026-07-24,1307,0.10268199233716475,1:1 미만,52900,71035,54065.52410099465,7~10억원,false,0,,true,false,https://www.applyhome.co.kr/ai/aia/selectAPTLttotPblancDetail.do?houseManageNo=2026000331&pblancNo=2026000331
ATS-2026-BUSAN-000018,2026000318,더샵 트리센트,부산,비수도권,2026-07-24,156,18.294117647058822,10~30:1,62800,84900,72842.94871794872,7~10억원,true,1,48,true,true,https://www.applyhome.co.kr/ai/aia/selectAPTLttotPblancDetail.do?houseManageNo=2026000318&pblancNo=2026000318
ATS-2026-GW-000005,2026000293,리쉐스302,강원,비수도권,2026-07-24,302,0.0033112582781456954,1:1 미만,78226,172530,87870.84105960265,15억원 이상,false,0,,true,false,https://www.applyhome.co.kr/ai/aia/selectAPTLttotPblancDetail.do?houseManageNo=2026000293&pblancNo=2026000293
ATS-2026-SEOUL-000021,2026000355,월계 중흥S-클래스 리비에르,서울,수도권,2026-07-16,135,48.774193548387096,30:1 이상,69590,149910,117621.25925925926,10~15억원,false,0,,true,false,https://www.applyhome.co.kr/ai/aia/selectAPTLttotPblancDetail.do?houseManageNo=2026000355&pblancNo=2026000355
ATS-2026-GG-000053,2026000291,이천 휴먼빌 클래스원,경기,수도권,2026-07-16,536,0.02443609022556391,1:1 미만,56360,57440,57052.14552238806,5~7억원,true,1,57,true,true,https://www.applyhome.co.kr/ai/aia/selectAPTLttotPblancDetail.do?houseManageNo=2026000291&pblancNo=2026000291
ATS-2026-GN-000016,2026000282,창원 한신더휴 메가센텀,경남,비수도권,2026-07-16,1139,7.659763313609467,5~10:1,27100,150340,59554.820017559265,15억원 이상,true,1,42,true,true,https://www.applyhome.co.kr/ai/aia/selectAPTLttotPblancDetail.do?houseManageNo=2026000282&pblancNo=2026000282
ATS-2026-GG-000054,2026000316,오산헤리티지자이 2단지,경기,수도권,2026-07-10,714,0.049575070821529746,1:1 미만,73380,207730,80419.39775910364,15억원 이상,false,0,,true,false,https://www.applyhome.co.kr/ai/aia/selectAPTLttotPblancDetail.do?houseManageNo=2026000316&pblancNo=2026000316
ATS-2026-GG-000055,2026000315,오산헤리티지자이 1단지,경기,수도권,2026-07-10,1069,0.3893528183716075,1:1 미만,73380,207730,81263.31150608046,15억원 이상,true,1,46,true,true,https://www.applyhome.co.kr/ai/aia/selectAPTLttotPblancDetail.do?houseManageNo=2026000315&pblancNo=2026000315
ATS-2026-GW-000006,2026000312,춘천 리버뷰 아이파크,강원,비수도권,2026-07-10,262,2.688995215311005,1~5:1,39000,56800,51233.587786259544,5~7억원,true,1,40,true,true,https://www.applyhome.co.kr/ai/aia/selectAPTLttotPblancDetail.do?houseManageNo=2026000312&pblancNo=2026000312
ATS-2026-GG-000056,2026000301,의왕역 SK VIEW,경기,수도권,2026-07-10,820,6.473958333333333,5~10:1,39500,109800,94765.12195121951,10~15억원,true,1,49,true,true,https://www.applyhome.co.kr/ai/aia/selectAPTLttotPblancDetail.do?houseManageNo=2026000301&pblancNo=2026000301
ATS-2026-CN-000017,2026000276,업성 푸르지오 레이크시티 2단지,충남,비수도권,2026-07-10,448,0.1244343891402715,1:1 미만,48990,74560,56454.39732142857,7~10억원,false,0,,true,false,https://www.applyhome.co.kr/ai/aia/selectAPTLttotPblancDetail.do?houseManageNo=2026000276&pblancNo=2026000276
ATS-2026-GG-000057,2026000336,평택역 더센트럴45,경기,수도권,2026-07-09,99,0.21052631578947367,1:1 미만,55000,116900,62725.25252525252,10~15억원,false,0,,true,false,https://www.applyhome.co.kr/ai/aia/selectAPTLttotPblancDetail.do?houseManageNo=2026000336&pblancNo=2026000336
ATS-2026-GG-000058,2026000329,호반써밋 풍무Ⅲ,경기,수도권,2026-07-09,660,9.18421052631579,5~10:1,58610,76250,69457.31818181818,7~10억원,true,1,48,true,true,https://www.applyhome.co.kr/ai/aia/selectAPTLttotPblancDetail.do?houseManageNo=2026000329&pblancNo=2026000329
ATS-2026-GG-000059,2026000310,남양주 진접 서한이다음(S1BL),경기,수도권,2026-07-09,361,3.0285714285714285,1~5:1,58500,71330,67260.36011080332,7~10억원,true,1,56,true,true,https://www.applyhome.co.kr/ai/aia/selectAPTLttotPblancDetail.do?houseManageNo=2026000310&pblancNo=2026000310
ATS-2026-GN-000017,2026000253,거제 푸르지오 마린피스,경남,비수도권,2026-07-07,423,0.05502392344497608,1:1 미만,51400,65600,56423.87706855792,5~7억원,false,0,,true,false,https://www.applyhome.co.kr/ai/aia/selectAPTLttotPblancDetail.do?houseManageNo=2026000253&pblancNo=2026000253
ATS-2026-ULSAN-000005,2026000328,센텀 엘카사,울산,비수도권,2026-07-03,74,0.027777777777777776,1:1 미만,36000,39000,37641.89189189189,5억원 미만,false,0,,true,false,https://www.applyhome.co.kr/ai/aia/selectAPTLttotPblancDetail.do?houseManageNo=2026000328&pblancNo=2026000328
ATS-2026-SEOUL-000022,2026000153,동작 센트럴 동문 디 이스트,서울,수도권,2026-07-02,72,114.79411764705883,30:1 이상,127700,170700,154144.44444444444,15억원 이상,false,0,,true,false,https://www.applyhome.co.kr/ai/aia/selectAPTLttotPblancDetail.do?houseManageNo=2026000153&pblancNo=2026000153
